tijd_utc,locatie_id,vrij,bezet,bezetting_pct
2026-10-10T23:58:35Z,NL-12_414,0,0,83.333336
2026-10-10T23:58:40Z,NL-12_408,0,24,100.0
2026-10-10T23:58:41Z,NL-12_418,1,0,66.666664
2026-10-10T23:59:00Z,NL-12_8,1574,-1234,-686.0
2026-10-10T23:59:15Z,NL-12_409,0,0,66.666664
2026-10-10T23:59:23Z,NL-12_411,249,24,31.0
2026-10-10T23:59:25Z,NL-12_421,0,0,85.71429
2026-10-10T23:59:35Z,NL-12_413,0,0,0.0
2026-10-11T00:05:00Z,NL-12_8,1575,-1235,-686.5
2026-10-11T00:09:00Z,NL-12_8,1576,-1236,-686.5
2026-10-11T00:09:26Z,NL-12_421,6,0,85.71429
2026-10-11T00:14:26Z,NL-12_421,0,0,85.71429
2026-10-11T00:29:26Z,NL-12_421,6,0,85.71429
2026-10-11T00:34:25Z,NL-12_421,0,0,85.71429
2026-10-11T00:43:41Z,NL-12_418,3,0,65.666664
2026-10-11T00:58:35Z,NL-12_414,0,0,83.333336
2026-10-11T00:58:40Z,NL-12_408,0,24,100.0
2026-10-11T00:58:41Z,NL-12_418,3,0,65.666664
2026-10-11T00:59:00Z,NL-12_8,1576,-1236,-686.5
2026-10-11T00:59:15Z,NL-12_409,0,0,66.666664
2026-10-11T00:59:23Z,NL-12_411,249,24,31.0
2026-10-11T00:59:26Z,NL-12_421,0,0,85.71429
2026-10-11T00:59:35Z,NL-12_413,0,0,0.0
2026-10-11T01:04:26Z,NL-12_421,6,0,85.71429
2026-10-11T01:19:26Z,NL-12_421,0,0,85.71429
2026-10-11T01:24:00Z,NL-12_8,1574,-1234,-686.0
2026-10-11T01:39:23Z,NL-12_411,248,24,31.2
2026-10-11T01:44:00Z,NL-12_8,1575,-1235,-686.5
2026-10-11T01:49:00Z,NL-12_8,1576,-1236,-686.5
2026-10-11T01:54:00Z,NL-12_8,1577,-1237,-687.0
2026-10-11T01:58:35Z,NL-12_414,0,0,83.333336
2026-10-11T01:58:40Z,NL-12_408,0,24,100.0
2026-10-11T01:58:41Z,NL-12_418,3,0,65.666664
2026-10-11T01:59:00Z,NL-12_8,1577,-1237,-687.0
2026-10-11T01:59:15Z,NL-12_409,0,0,66.666664
2026-10-11T01:59:23Z,NL-12_411,248,24,31.2
2026-10-11T01:59:26Z,NL-12_421,0,0,85.71429
2026-10-11T01:59:35Z,NL-12_413,0,0,0.0
2026-10-11T02:09:00Z,NL-12_8,1579,-1239,-687.0
