location_code,station_code,name,city,lat,lng,service_type,type
488,RTN,RNO - OV-fiets - Rotterdam Noord Pop up,Rotterdam,51.94156,4.481287,,OV_FIETS
60,RTN,RNO - OV-fiets - Rotterdam Noord Pop up,Rotterdam,51.94156,4.481287,,OV_FIETS
ac002,AC,AC - OV-fiets - Abcoude,,52.278386,4.97704,,OV_FIETS
ah001,AH,AH - OV-fiets - Arnhem Centrum,Arnhem,51.984,5.9013,Bemenst,OV_FIETS
ah003,AH,AH - OV-ebike - Arnhem Centrum,Arnhem,51.9834,5.90139,Bemenst,OV_FIETS
alm001,ALM,ALM - OV-fiets - Almere Centrum Landdrostdreef,Almere,52.37453,5.22016,Bemenst,OV_FIETS
amf001,AMF,AMF - OV-fiets - Amersfoort Centraal,Amersfoort,52.15293,5.37481,Bemenst,OV_FIETS
amf002,AMF,AMF - OV-fiets - Amersfoort Mondriaanplein,Amersfoort,52.15446,5.37339,Sleutelautomaat,OV_FIETS
amfs001,AMFS,AMFS - OV-fiets - Amersfoort Schothorst,Amersfoort,52.1746,5.40462,Kluizen,OV_FIETS
aml002,AML,AML - OV-fiets - Almelo,Almelo,52.35614,6.65732,Sleutelautomaat,OV_FIETS
amr001,AMR,AMR - OV-fiets - Alkmaar,Alkmaar,52.63753,4.73985,Bemenst,OV_FIETS
amrn002,AMRN,AMRN - OV-fiets - Alkmaar Noord,Alkmaar,52.64396,4.76371,Sleutelautomaat,OV_FIETS
ana001,ANA,ANA - OV-fiets - Anna Paulowna,Anna Paulowna,52.867532,4.81149,,OV_FIETS
apd001,APD,APD - OV-fiets - Apeldoorn,Apeldoorn,52.209578,5.9692,Bemenst,OV_FIETS
Apg001,APG,APG - OV-fiets - Appingedam,Appingedam,53.325703,6.86249,,OV_FIETS
apn001,APN,APN - OV-fiets - Alphen aan den Rijn,Alphen aan Den Rijn,52.12492,4.65789,Bemenst,OV_FIETS
Arn002,ARN,ARN - OV-fiets - Arnemuiden,Arnemuiden,51.501444,3.669552,,OV_FIETS
asa001,ASA,ASA - OV-fiets - Amsterdam Amstel,Amsterdam,52.34701,4.91875,Bemenst,OV_FIETS
asb002,ASB,ASB - OV-fiets - Amsterdam Bijlmer Arena,Amsterdam,52.311914,4.948114,,OV_FIETS
asd002,ASD,ASD - OV-fiets - Amsterdam Centraal Oost,Amsterdam,52.37785,4.902062,Bemenst,OV_FIETS
asd008,ASD,ASD - OV-fiets - Amsterdam Centraal  IJzijde West,Amsterdam,52.380095,4.898784,Bemenst,OV_FIETS
asd009,BSLC,ASD - OV-fiets - Amsterdam Noord,Amsterdam,52.402374,4.931019,,OV_FIETS
asd010,ASD,ASD - OV-fiets - Amsterdam Centraal Stationsplein,,52.378482,4.897678,Bemenst,OV_FIETS
asdl001,ASDL,ASDL - OV-fiets - Amsterdam Lelylaan,Amsterdam,52.35864,4.8339,,OV_FIETS
asdm001,ASDM,ASDM - OV-fiets - Amsterdam Muiderpoort,Amsterdam,52.3604,4.93093,,OV_FIETS
asdz001,ASDZ,ASDZ - OV-fiets - Amsterdam Zuid Zuidplein,Amsterdam,52.340294,4.873381,Bemenst,OV_FIETS
asdz003,ASDZ,ASDZ - OV-fiets - Amsterdam Zuid Mahlerplein,Amsterdam,52.336448,4.873438,Bemenst,OV_FIETS
asn001,ASN,ASN - OV-fiets - Assen,Assen,52.99185,6.570329,Bemenst,OV_FIETS
ass001,ASS,ASS - OV-fiets - Amsterdam Sloterdijk,Amsterdam,52.38903,4.83707,Bemenst,OV_FIETS
atn001,ATN,ATN - OV-fiets - Aalten,Aalten,51.92161,6.57929,,OV_FIETS
avat001,AVAT,AVAT - OV-fiets - Amersfoort Vathorst,Hooglanderveen,52.19183,5.43284,Kluizen,OV_FIETS
bd002,BD,BD - OV-fiets - Breda Belcrum,Breda,51.596338,4.77892,Bemenst,OV_FIETS
Bd003,BD,BD - OV-fiets - Breda Centrum,Breda,51.59502,4.779437,Bemenst,OV_FIETS
bdg001,BDG,BDG - OV-fiets - Bodegraven,,52.08154,4.746583,,OV_FIETS
bdpb001,BDPB,BDPB - OV-fiets - Breda Prinsenbeek,Breda,51.605909,4.721607,,OV_FIETS
bet001,BET,BET - OV-fiets - Best,Best,51.50841,5.38957,Bemenst,OV_FIETS
bgn002,BGN,BGN - OV-fiets - Bergen op Zoom,Bergen op Zoom,51.49517,4.29575,,OV_FIETS
bhv002,BHV,BHV - OV-fiets - Bilthoven,Bilthoven,52.12949,5.20514,,OV_FIETS
bkg001,BKG,BKG - OV-fiets - Bovenkarspel-Grootebroek,Bovenkarspel,52.695217,5.235676,,OV_FIETS
bkl001,BKL,BKL - OV-fiets - Breukelen,Breukelen,52.170482,4.991444,,OV_FIETS
bl001,BL,BL - OV-fiets - Beilen,Beilen,52.854626,6.520572,OV-fietspunt,OV_FIETS
bll001,BLL,BLL - OV-fiets - Bloemendaal,Bloemendaal,52.40441,4.6273,,OV_FIETS
bmn001,BMN,BMN - OV-fiets - Brummen,Brummen,52.090938,6.147173,,OV_FIETS
Bmr001,BMR,BMR - OV-fiets - Boxmeer,Boxmeer,51.645239,5.938698,,OV_FIETS
bn001,BN,BN - OV-fiets - Borne,Borne,52.298523,6.747655,,OV_FIETS
bnc001,BNC,BNC - OV-fiets - Barneveld Centrum,Barneveld,52.140099,5.589972,,OV_FIETS
bnk001,BNK,BNK - OV-fiets - Bunnik,Bunnik,52.063375,5.195902,,OV_FIETS
bnn001,BNN,BNN - OV-fiets - Barneveld Noord,Barneveld,52.1615,5.598161,,OV_FIETS
brd002,BRD,BRD - OV-fiets - Barendrecht,Barendrecht,51.853419,4.554166,,OV_FIETS
brn002,BRN,BRN - OV-fiets - Baarn,Baarn,52.20787,5.28219,,OV_FIETS
bsd001,BSD,BSD - OV-fiets - Beesd,Beesd,51.899378,5.195893,,OV_FIETS
bsk001,BSK,OV-fiets Boskoop,Boskoop,52.076348,4.646671,,OV_FIETS
bsmz001,BSMZ,BSMZ - OV-fiets - Bussum Zuid,Bussum,52.265823,5.163116,,OV_FIETS
btl001,BTL,BTL - OV-fiets - Boxtel,Boxtel,51.58515,5.318988,,OV_FIETS
Btl003,BSLC,BTL - OV-fiets - Veghel,Veghel,51.614573,5.545731,,OV_FIETS
btl004,BTL,BTL - OV-fiets - Boxtel - Kluis,Boxtel,51.584637,5.319527,,OV_FIETS
bv002,BV,BV - OV-fiets - Beverwijk,Beverwijk,52.47875,4.65448,Bemenst,OV_FIETS
cas002,CAS,CAS - OV-fiets - Castricum,Castricum,52.54554,4.65954,,OV_FIETS
ck001,CK,CK - OV-fiets - Cuijk,Cuijk,51.72659,5.87423,,OV_FIETS
cl003,CL,CL - OV-fiets - Culemborg,Culemborg,51.94704,5.22713,,OV_FIETS
Co002,CO,CO - OV-fiets - Coevorden,Coevorden,52.663203,6.736003,,OV_FIETS
Cps003,CPS,Cps - OV-fiets- Capelle Schollevaar,Capelle aan den IJssel,51.954338,4.584497,,OV_FIETS
db001,DB,DB - OV-fiets - Driebergen-Zeist,Driebergen-Zeist,52.065057,5.259785,Bemenst,OV_FIETS
db002,BSLC,DB - OV-fiets - Zeist,Zeist,52.08909,5.24928,,OV_FIETS
db003,DB,DB - OV-ebike - Driebergen-Zeist,Driebergen-Zeist,52.065057,5.2599,Bemenst,OV_FIETS
ddn001,DDN,DDN - OV-fiets - Delden,Delden,52.26013,6.714307,,OV_FIETS
ddr001,DDR,DDR - OV-fiets - Dordrecht,Dordrecht,51.80781,4.66785,Bemenst,OV_FIETS
did001,DID,DID - OV-fiets - Didam,Didam,51.93345,6.132408,,OV_FIETS
dl001,DL,DL - OV-fiets - Dalfsen,Dalfsen,52.498276,6.259923,,OV_FIETS
dld001,DLD,DLD - OV-fiets - Den Dolder,Den Dolder,52.14002,5.24177,,OV_FIETS
dmn001,DMN,DMN - OV-fiets - Diemen,Diemen,52.344851,4.967989,,OV_FIETS
dmnz001,DMNZ,DMNZ - OV-fiets - Diemen Zuid,Diemen,52.33042,4.95566,,OV_FIETS
dn001,DN,DN - OV-fiets - Deurne,Deurne,51.45666,5.78722,,OV_FIETS
dr001,DR,DR - OV-fiets - Dieren,Dieren,52.044821,6.10249,,OV_FIETS
drh001,DRH,DRH - OV-fiets - Driehuis,Driehuis,52.44301,4.63908,,OV_FIETS
DRON001,DRON,DRON - OV-fiets - Dronten,Dronten,52.534775,5.721272,,OV_FIETS
dt002,DT,"DT - OV-fiets - Delft, Fietsenstalling",Delft,52.006473,4.35744,Bemenst,OV_FIETS
dtc001,DTC,DTC - OV-fiets - Doetinchem,Doetinchem,51.958253,6.296645,,OV_FIETS
dtch001,DTCH,DTCH - OV-fiets - Doetinchem de Huet,Doetinchem,51.95929,6.25961,,OV_FIETS
dtz001,DTZ,DTZ - OV-fiets - Delft Zuid,Delft,51.99038,4.36439,,OV_FIETS
dv001,DV,DV - OV-fiets - Deventer,Deventer,52.25645,6.160837,Bemenst,OV_FIETS
dv003,BSLC,DV - OV-fiets - Deventer Boerhavelaan,Deventer,52.2685,6.175444,,OV_FIETS
dvc001,DVC,DVC - OV-fiets - Deventer Colmschate,Deventer,52.25051,6.21552,OV-fietspunt,OV_FIETS
dvd001,DVD,DVD - OV-fiets - Duivendrecht,Duivendrecht,52.32369,4.93629,,OV_FIETS
dvn001,DVN,DVN- OV-fiets -Duiven,Duiven,51.94356,6.01459,Box,OV_FIETS
dvnk001,DVNK,DVNK - OV-fiets - Leiden de Vink,Leiden,52.14708,4.45593,,OV_FIETS
Dz001,DZ,DZ - OV-fiets - Delfzijl,Delfzijl,53.333643,6.923376,,OV_FIETS
ec001,EC,EC - OV-fiets - Echt,Echt,51.099873,5.878368,,OV_FIETS
ed004,ED,ED - OV-fiets - Ede-Wageningen Zuidzijde,Eindhoven,52.026909,5.671663,,OV_FIETS
ed901,BSLC,ED - OV-fiets - Otterlo,Otterlo,52.103597,5.770395,,OV_FIETS
ehs001,EHS,EHS - OV-fiets - Eindhoven Strijp-S,Eindhoven,51.450113,5.456891,,OV_FIETS
ehv002,EHV,EHV - OV-fiets - Eindhoven Centraal zuid (centrum),Eindhoven,51.442199,5.480273,Bemenst,OV_FIETS
ehv003,EHV,EHV - OV-fiets - Eindhoven Centraal noord (bussen),Eindhoven,51.443676,5.480101,Bemenst,OV_FIETS
ehv004,EHV,EHV- OV-fiets Pop Up Stationshal,Eindhoven,51.443672,5.480109,Bemenst,OV_FIETS
ekz001,EKZ,EKZ - OV-fiets - Enkhuizen,Enkhuizen,52.69996,5.28904,Box,OV_FIETS
eml001,EML,EML - OV-fiets - Ermelo,Ermelo,52.300583,5.614362,,OV_FIETS
emn001,EMN,EMN - OV-fiets - Emmen,Emmen,52.78953,6.89916,Bemenst,OV_FIETS
es003,ES,ES - OV-fiets - Enschede,Enschede,52.22169,6.88984,,OV_FIETS
est001,EST,EST - OV-fiets - Elst,Elst,51.917073,5.855326,,OV_FIETS
etn001,ETN,ETN - OV-fiets - Etten-Leur,Etten-Leur,51.574939,4.636251,,OV_FIETS
gd001,GD,GD - OV-fiets - Gouda,Gouda,52.01803,4.705,Bemenst,OV_FIETS
gdg001,GDG,GDG - OV-fiets - Gouda Goverwelle,Gouda,52.014613,4.742138,,OV_FIETS
gdm001,GDM,GDM - OV-fiets - Geldermalsen,Gelderrmalsen,51.881767,5.270973,,OV_FIETS
gerp002,GERP,GERP - OV-fiets - Openbare fietsenstalling gemeente Groningen : Fietsenstalling Europapark,Groningen,53.20479,6.58617,Bemenst,OV_FIETS
gn001,GN,GN - OV-fiets - Groningen,Groningen,53.21155,6.5665,Bemenst,OV_FIETS
gn004,GN,GN - OV-ebike - Groningen,Groningen,53.21155,6.5666,Bemenst,OV_FIETS
Gnn001,GNN,GNN - OV-fiets - Groningen Noord,Groningen,53.230122,6.556761,,OV_FIETS
go001,GO,GO - OV-fiets - Goor,Goor,52.23042,6.583929,,OV_FIETS
Gp001,GP,GP - OV-fiets - Geldrop ,Geldrop,51.420056,5.550968,,OV_FIETS
gr001,GR,GR - OV-fiets - Gorinchem,Gorinchem,51.833437,4.966969,,OV_FIETS
GR002 ,BSLC,GR - OV-fiets - Sleeuwijk Tol West,,51.80099,4.930693,,OV_FIETS
gs003,GS,GS - OV-fiets - Goes,Goes,51.49874,3.88823,,OV_FIETS
gv001,GV,GV - OV-fiets - Den Haag HS,'s-Gravenhage,52.069582,4.320696,,OV_FIETS
gvc021,GVC,GVC - OV-fiets - Den Haag Centraal KJ Plein,Den Haag,52.08129,4.323001,Bemenst,OV_FIETS
gvc901,BSLC,GVC - OV-fiets - Nootdorp,Nootdorp,52.04758,4.415059,,OV_FIETS
gvm001,GVM,GVM - OV-fiets - Den Haag Mariahoeve,'s-Gravenhage,52.090284,4.3694,,OV_FIETS
gz001,GZ,GZ - OV-fiets - Gilze Rijen,Rijen,51.584055,4.924392,,OV_FIETS
had003,HAD,HAD - OV-fiets - Heemstede-Aerdenhout,Heemstede,52.35899,4.60547,,OV_FIETS
hd001,HD,HD - OV-fiets - Harderwijk,Harderwijk,52.3377,5.619034,Bemenst,OV_FIETS
hdb001,HDB,HDB - OV-fiets - Hardenberg,Hardenberg,52.57583,6.621944,,OV_FIETS
Hde001,HDE,HDE - OV-fiets - 't Harde,'t Harde,52.408791,5.89185,,OV_FIETS
hdr002,HDR,HDR - OV-fiets - Den Helder,Den Helder,52.95674,4.76071,,OV_FIETS
hdrz001,HDRZ,HDRZ - OV-fiets - Den Helder Zuid,Den Helder,52.932506,4.764533,,OV_FIETS
hfd002,HFD,HFD - OV-fiets - Hoofddorp,Hoofddorp,52.2933,4.69816,,OV_FIETS
hgl002,HGL,HGL - OV-fiets - Hengelo,Hengelo,52.26239,6.7936,,OV_FIETS
hglg001,HGLG,HGLG - OV-fiets - Hengelo Gezondheidspark,Hengelo,52.261809,6.768326,,OV_FIETS
hgv003,HGV,HGV - OV-fiets - Hoogeveen,Hoogeveen,52.73309,6.47358,,OV_FIETS
Hgz001,HGZ,HGZ - OV-fiets - Hoogezand Sappemeer,Hoogezand,53.159868,6.770894,,OV_FIETS
hil001,HIL,HIL - OV-fiets - Hillegom,Hillegom,52.302857,4.566106,,OV_FIETS
hk001,HK,HK - OV-fiets - Heemskerk,Heemskerk,52.494358,4.685522,,OV_FIETS
hks001,HKS,HKS - OV-fiets - Hoogkarspel,Hoogkarspel,52.690376,5.182278,,OV_FIETS
hlm002,HLM,HLM - OV-fiets - Haarlem,Haarlem,52.38763,4.63832,Bemenst,OV_FIETS
hlms001,HLMS,HLMS - OV-fiets - Haarlem Spaarnwoude,Haarlem,52.38213,4.670836,,OV_FIETS
hlo001,HLO,HLO - OV-fiets - Heiloo,Heiloo,52.600105,4.700795,,OV_FIETS
hm001,HM,HM - OV-fiets - Helmond,Helmond,51.4761,5.661,OV-fietspunt,OV_FIETS
hmbh001,HMBH,HMBH - OV-fiets - Helmond Brouwhuis,Helmond,51.47072,5.701876,,OV_FIETS
hmbv001,HMBV,HMBV - OV-fiets - Helmond Brandevoort,Helmond,51.46274,5.60881,,OV_FIETS
hmh001,HMH,HMH - OV-fiets - Helmond 't Hout,Helmond,51.468092,5.630949,,OV_FIETS
hn001,HN,HN - OV-fiets - Hoorn,Hoorn,52.64469,5.05501,Bemenst,OV_FIETS
hnk001,HNK,HNK - OV-fiets - Hoorn Kersenboogerd,Hoorn,52.653593,5.085789,,OV_FIETS
hon001,HON,HON - OV-fiets - Holten,Holten,52.283957,6.420916,,OV_FIETS
hor001,HOR,HOR - OV-fiets - Hollandse Rading OV-fiets Carrousel,Hollandsche Rading,52.17815,5.17915,,OV_FIETS
hr002,HR,HR - OV-fiets - Heerenveen,Heerenveen,52.96098,5.91617,,OV_FIETS
hrl002,HRL,HRL - OV-fiets - Heerlen,Heerlen,50.890641,5.973457,,OV_FIETS
HRN002,HRN,HRN - OV-fiets - Haren,Haren,53.175165,6.617819,,OV_FIETS
hrt001,HRT,HRT - OV-fiets - Horst Sevenum,Sevenum,51.4276,6.0408,,OV_FIETS
ht001,HT,HT - OV-fiets - s-Hertogenbosch,'s-Hertogenbosch,51.690526,5.295283,Bemenst,OV_FIETS
ht002,BSLC,HT - OV-fiets - Waalwijk,Waalwijk,51.686951,5.071715,,OV_FIETS
htn001,HTN,HTN - OV-fiets - Houten,Houten,52.03487,5.16663,Bemenst,OV_FIETS
htnc001,HTNC,HTNC - OV-fiets - Houten Castellum,Houten,52.01759,5.18015,Bemenst,OV_FIETS
Hto001,HTO,HT - OV-fiets - 's-Hertogenbosch Oost,'s-Hertogenbosch,51.700711,5.318865,,OV_FIETS
hvs001,HVS,HVS - OV-fiets - Hilversum,Hilversum,52.22626,5.18076,Bemenst,OV_FIETS
hvsp001,HVSP,HVSP - OV-fiets - Hilversum Sportpark,Hilversum,52.21633,5.18768,,OV_FIETS
hwd003,HWD,HWD - OV-fiets - Heerhugowaard,Heerhugowaard,52.66929,4.82352,,OV_FIETS
hwzb001,HWZB,HWZB - OV-fiets - Halfweg Zwanenburg,Halfweg,52.386119,4.745359,,OV_FIETS
hze001,HZE,HZE - OV-fiets - Heeze-Leende,Heeze-Leende,51.385103,5.569811,,OV_FIETS
klp001,KLP,KLP - OV-fiets - Veenendaal-De klomp,,52.045557,5.573761,,OV_FIETS
kma001,KMA,KMA - OV-fiets - Krommenie-Assendelft,Assendelft,52.494988,4.755957,,OV_FIETS
kpn003,KPN,KPN - OV-fiets - Kampen,Kampen,52.56016,5.92167,,OV_FIETS
Kpnz002,KPNZ,KPNZ - OV-fiets -  Kampen Zuid,Kampen,52.533439,5.913045,,OV_FIETS
krd001,KRD,KRD - OV-fiets - Kerkrade Centrum,Kerkrade,50.860941,6.057447,,OV_FIETS
ktr001,KTR,KTR - OV-fiets Kesteren,Kesteren,51.931591,5.583727,,OV_FIETS
laa001,LAA,LAA - OV-fiets - Den Haag Laan van NOI,Den Haag,52.07847,4.34398,,OV_FIETS
lc001,LC,LC - OV-fiets - Lochem,Lochem,52.16652,6.42582,,OV_FIETS
ledn001,LEDN,"LEDN - OV-fiets - Leiden Centraal,Uitgang LUMC",Leiden,52.165578,4.48155,Bemenst,OV_FIETS
ledn002,LEDN,"LEDN - OV-fiets - Leiden Centraal, Centrumzijde",Leiden,52.16557,4.48259,Bemenst,OV_FIETS
lg001,LG,LG - OV-fiets - Landgraaf,Landgraaf,50.896264,6.019981,,OV_FIETS
lls003,LLS,LLS - OV-fiets - Lelystad Centrum ZSF,Lelystad,52.50801,5.47328,,OV_FIETS
lw001,LW,LW - OV-fiets - Leeuwarden,Leeuwarden,53.19678,5.79636,Bemenst,OV_FIETS
mas003,MAS,MAS - OV-fiets - Maarssen,Maarssen,52.135651,5.03139,,OV_FIETS
mdb002,MDB,MDB - OV-fiets - Middelburg,Middelburg,51.49517,3.61768,,OV_FIETS
mes001,MES,MES - OV-fiets - Meerssen,Meerssen,50.882753,5.750357,,OV_FIETS
Mmlh002,MMLH,Mmlh002 - OV-fiets - Mook Molenhoek,Mook-Molenhoek,51.766328,5.879019,,OV_FIETS
mp002,MP,MP - OV-fiets - Meppel,Meppel,52.69232,6.19411,,OV_FIETS
mss001,BSLC,MSS - OV-fiets - Maassluis,Maassluis,51.9168,4.2534,,OV_FIETS
mt001,MT,MT - OV-fiets - Maastricht,Maastricht,50.8497,5.7046,Bemenst,OV_FIETS
mt003,MT,MT - OV-ebike - Maastricht,Maastricht,50.8497,5.7045,Bemenst,OV_FIETS
Mth002,MTH,MTH - OV-fiets - Martenshoek,Martenshoek,53.160543,6.740036,,OV_FIETS
mtn001,MTN,MTN - OV-fiets - Maastricht Noord,Maastricht,50.871155,5.717754,,OV_FIETS
mtr001,MTR,MTR - OV-fiets - Maastricht Randwyck,Maastricht,50.837552,5.718918,,OV_FIETS
mz001,MZ,MZ - OV-fiets - Maarheeze,Maarheeze,51.303797,5.630193,,OV_FIETS
ndb003,NDB,NDB - OV-fiets - Naarden-Bussum,Bussum,52.28132,5.15793,,OV_FIETS
nkk001,NKK,NKK - OV-fiets - Nijkerk,Nijkerk,52.22233,5.4934,,OV_FIETS
nm001,NM,NM - OV-fiets - Nijmegen,Nijmegen,51.842825,5.853375,Bemenst,OV_FIETS
nmgo001,NMGO,NMGO - OV-fiets - Nijmegen Goffert,Nijmegen,51.827584,5.822425,,OV_FIETS
nmh001,NMH,NMH - OV-fiets - Nijmegen Heyendaal,Nijmegen,51.826458,5.868115,,OV_FIETS
Ns001,NS,NS - OV-fiets - Nunspeet,Nunspeet,52.37102,5.784352,,OV_FIETS
nvd001,NVD,NVD - OV-fiets - Hellendoorn/Nijverdal OV-fiets Carrousel,Hellendoorn,52.36599,6.469563,,OV_FIETS
o002,O,O - OV-fiets - Oss,Oss,51.76537,5.53079,,OV_FIETS
obd001,OBD,OBD - OV-fiets - Obdam,Obdam,52.677967,4.909418,,OV_FIETS
odb001,ODB,ODB - OV-fiets - Oudenbosch,Oudenbosch,51.588055,4.533494,,OV_FIETS
odz001,ODZ,ODZ - OV-fiets - Oldenzaal,Oldenzaal,52.306438,6.934339,,OV_FIETS
omn001,OMN,OMN - OV-fiets - Ommen,Ommen,52.509885,6.417791,,OV_FIETS
ost001,OST,OST - OV-fiets - Olst,Olst,52.335821,6.113231,,OV_FIETS
Ot001,OT,OT - OV-fiets - Oisterwijk,Oisterwijk,51.582096,5.194357,,OV_FIETS
ovn001,OVN,OVN - OV-fiets - Overveen,Overveen,52.390924,4.608202,,OV_FIETS
ow001,OW,OW - OV-fiets - Oss West,Oss,51.758646,5.507076,,OV_FIETS
Ow002,BSLC,O - OV-fiets - Uden,Uden,51.660336,5.617622,,OV_FIETS
pmo001,PMO,PMO - OV-fiets - Purmerend Overwhere,Purmerend,52.51107,4.967149,,OV_FIETS
pmr001,PMR,PMR - OV-fiets - Purmerend,Purmerend,52.503751,4.954667,,OV_FIETS
pt001,PT,PT - OV-fiets - Putten,Putten,52.265094,5.576082,,OV_FIETS
rai001,RAI,RAI - OV-fiets - Amsterdam RAI,Amsterdam,52.33725,4.89075,Bemenst,OV_FIETS
rat001,RAT,RAT - OV-fiets - Raalte,Raalte,52.39069,6.27817,,OV_FIETS
rh001,RH,RH - OV-fiets - Rheden,Rheden,52.009869,6.030578,,OV_FIETS
rhn001,RHN,RHN - OV-fiets - Rhenen,Rhenen,51.957599,5.578209,,OV_FIETS
rlb001,RLB,RLB - OV-fiets - Rotterdam Lombardijen,Rotterdam,51.88073,4.531314,,OV_FIETS
rm001,RM,RM - OV-fiets - Roermond,Roermond,51.192425,5.99353,Sleutelautomaat,OV_FIETS
rs001,RS,RS - OV-fiets - Rosmalen,Rosmalen,51.715439,5.369477,,OV_FIETS
rsd002,RSD,RSD - OV-fiets - Roosendaal,Roosendaal,51.54078,4.46115,,OV_FIETS
rsn001,RSN,RS - OV-fiets - Rijssen,Rijssen,52.311246,6.519122,,OV_FIETS
rsw002,RSW,RSW - OV-fiets - Rijswijk,Rijswijk,52.03988,4.31965,Bemenst,OV_FIETS
rta001,RTA,RTA - OV-fiets - Rotterdam Alexander,Rotterdam,51.951985,4.552063,,OV_FIETS
rtb001,RTB,RTB - OV-fiets - Rotterdam Blaak,Rotterdam,51.920017,4.488638,Bemenst,OV_FIETS
rtd001,RTD,RTD - OV-fiets - Rotterdam Centraal,Rotterdam,51.923421,4.469738,Bemenst,OV_FIETS
Rtd003,BSLC,RTD - OV-fiets - Rotterdam Fietspunt Wilhelminakade Prinsendam,Rotterdam,51.907233,4.490302,,OV_FIETS
Rtd004,BSLC,RTD - OV-fiets - Rotterdam Fietspunt Marconiplein,Rotterdam,51.913304,4.432742,,OV_FIETS
rtd906,BSLC,RTD - OV-fiets - Pijnacker,Pijnacker,52.019488,4.437386,,OV_FIETS
rtd907,BSLC,RTD - OV-fiets - Pijnacker Zuid,Pijnacker,52.00517,4.446053,,OV_FIETS
Rtn002,RTN,RNO - OV-fiets - Rotterdam Noord,Rotterdam Noord,51.942494,4.481715,,OV_FIETS
Rtn003,RTN,RNO - OV-fiets - Rotterdam Noord Pop up,Rotterdam,51.94156,4.481287,,OV_FIETS
rv001,RV,RV - OV-fiets - Reuver,Reuver,51.283199,6.079383,,OV_FIETS
Rvs001,RVS,RVS - OV fiets - Ravenstein,Ravenstein,51.79464,5.637462,,OV_FIETS
sd001,SD,SD - OV-fiets - Soestdijk,Soest,52.183744,5.299849,,OV_FIETS
sdm002,SDM,SDM - OV-fiets - Schiedam,Schiedam,51.921491,4.40774,,OV_FIETS
sdt001,SDT,SDT - OV-fiets - Sliedrecht,Sliedrecht,51.829686,4.777269,,OV_FIETS
sgn001,SGN,SGN - OV-fiets - Schagen,Schagen,52.78558,4.80506,,OV_FIETS
shl001,SHL,SHL - OV-fiets - Schiphol,Luchthaven Schiphol,52.309265,4.759774,,OV_FIETS
sk001,SK,SK - OV-fiets - Sneek,Sneek,53.032708,5.652365,,OV_FIETS
sptn001,SPTN,SPTN - OV-fiets - Santpoort Noord,Santpoort-Noord,52.433767,4.633007,,OV_FIETS
sptz001,SPTZ,SPTZ - OV-fiets - Santpoort Zuid,Santpoort-Zuid,52.419138,4.631457,,OV_FIETS
std002,STD,STD - OV-fiets - Sittard,Sittard,51.00126,5.85969,,OV_FIETS
stz001,STZ,STZ - OV-fiets - Soest Zuid,Soest,52.16506,5.303182,,OV_FIETS
swk002,SWK,SWK - OV-fiets - Steenwijk,Steenwijk,52.79051,6.11712,,OV_FIETS
tb002,TB,TB-OV-fiets - Tilburg Noord,Tilburg,51.56099,5.086718,,OV_FIETS
tb003,TB,TB-OV-fiets - Tilburg Zuid,Tilburg,51.5602,5.086418,,OV_FIETS
tbg001,TBG,TBG - OV-fiets - Terborg,Terborg,51.922847,6.363685,,OV_FIETS
tbr001,TBR,TB - OV-fiets - Tilburg Reeshof,Tilburg,51.573442,4.993904,,OV_FIETS
tbu001,TBU,TBU - OV-fiets - Tilburg West Universiteit,Tilburg,51.56519,5.052541,,OV_FIETS
tl003,TL,TL - OV-fiets - Tiel,Tiel,51.88973,5.42399,,OV_FIETS
ut007,BSLC,UT - OV-fiets - Utrecht P+R Westraven,Utrecht,52.05745,5.10406,,OV_FIETS
ut016,UT,UT - OV-fiets - Utrecht Centraal Jaarbeursplein,Utrecht,52.08895,5.10756,Bemenst,OV_FIETS
ut020,UT,UT - OV -fiets - Utrecht Centraal Stationsplein,Utrecht,52.090746,5.110702,Bemenst,OV_FIETS
ut021,UT,UT - OV-fiets - Utrecht Centraal Knoop,Utrecht,52.087374,5.109469,Bemenst,OV_FIETS
ut901,BSLC,UT - OV-fiets - IJsselstijn UT,IJsselstein,52.01661,5.03918,,OV_FIETS
ut903,BSLC,UT - OV-fiets - Utrecht Rijnsweerd,Utrecht,52.092506,5.152792,,OV_FIETS
ut904,BSLC,UT - OV-fiets - Utrecht P+R Papendorp,Utrecht,52.07164,5.07869,,OV_FIETS
ut905,BSLC,UT - OV-fiets - Vianen A2,Vianen,51.9891,5.08497,,OV_FIETS
ut906,BSLC,UT- OV-fiets - Utrecht P+R Science Park (De Uithof),Utrecht,52.08481,5.17314,,OV_FIETS
utg001,UTG,UTG - OV-fiets - Uitgeest,Uitgeest,52.521939,4.702788,,OV_FIETS
utl001,UTLN,UTLN - OV-fiets - Utrecht Lunetten,Utrecht,52.06604,5.143176,,OV_FIETS
utlr001,UTLR,UTLR - OV-fiets - Utrecht Leidsche Rijn,Utrecht,52.09918,5.06476,,OV_FIETS
uto002,UTO,UTO - OV-fiets - Utrecht Overvecht,Utrecht,52.109965,5.123593,,OV_FIETS
utt001,UTT,UTT - OV-fiets - Utrecht Terwijde,Vleuten,52.100027,5.044109,,OV_FIETS
UTVR001,UTVR,UT-OV-fiets-Utrecht Vaartsche Rijn,Utrecht,52.078023,5.122392,Bemenst,OV_FIETS
utzl001,UTZL,UTZL - OV-fiets - Utrecht Zuilen,Utrecht,52.102943,5.089436,,OV_FIETS
vb002,VB,VB - OV-fiets - Voorburg,Voorburg,52.06676,4.35956,,OV_FIETS
Vdm001,VDM,VDM - OV-fiets - Veendam,Veendam,53.104346,6.885426,,OV_FIETS
Vg001,VG,VG - OV-fiets - Vught,Vught,51.650022,5.292163,,OV_FIETS
vh001,VH,VH - OV-fiets - Voorhout,Voorhout,52.2237,4.4842,,OV_FIETS
vhp001,VHP,VHP - OV-fiets - Vroomshoop,Vroomshoop,52.457294,6.569981,,OV_FIETS
vk001,VK,VK - OV-fiets - Valkenburg,Valkenburg,50.868919,5.833232,,OV_FIETS
vl001,VL,VL - OV fiets - Venlo,Venlo,51.365024,6.171608,Sleutelautomaat,OV_FIETS
vlb001,VLB,VLB - OV-fiets - Vierlingsbeek,Vierlingsbeek,51.592165,5.99734,,OV_FIETS
vndc002,VNDC,VNDC - OV-fiets - Veenendaal Centrum,Veenendaal,52.019787,5.549334,,OV_FIETS
vndw001,VNDW,VNDW - OV-fiets - Veenendaal West,Veenendaal west,52.028414,5.531225,,OV_FIETS
vp001,VP,VP - OV-fiets - Velp,Velp,51.995078,5.980713,,OV_FIETS
vry001,VRY,VRY - OV-fiets - Venray,Venray,51.52736,6.01351,,OV_FIETS
vs001,VS,VS - OV-fiets - Vlissingen,Vlissingen,51.44385,3.59536,Bemenst,OV_FIETS
Vss002,VSS,VL - OV-fiets- Souburg,Oost Souburg,51.464953,3.595486,,OV_FIETS
vst001,VST,VST - OV-fiets - Voorschoten,Voorschoten,52.126074,4.434178,,OV_FIETS
vsv001,VSV,VSV - OV-fiets - Varsseveld,Varsseveld,51.937305,6.458526,,OV_FIETS
vtn001,VTN,VTN - OV-fiets - Vleuten,Vleuten,52.102677,5.007495,,OV_FIETS
vz001,VZ,VZ - OV-fiets - Vriezenveen,Vriezenveen,52.40276,6.60034,,OV_FIETS
wc001,WC,WC - OV-fiets - Wijchen,Wijchen,51.811556,5.729842,,OV_FIETS
wd001,WD,WD - OV-fiets - Woerden,Woerden,52.08536,4.89283,,OV_FIETS
wf001,WF,WF - OV-fiets - Wolfheze,Wolfheze,52.005491,5.792359,,OV_FIETS
wh001,WH,WH - OV-fiets - Wijhe,Wijhe,52.391352,6.141081,,OV_FIETS
WM002,WM,WM - OV-fiets - Wormerveer ,Wormerveer,52.489166,4.793222,,OV_FIETS
wm002,WM,WM - OV-fiets - Wormerveer ,Wormerveer,52.489166,4.792222,,OV_FIETS
wp001,WP,WP - OV-fiets - Weesp,Weesp,52.31266,5.04215,Bemenst,OV_FIETS
wp901,WP,WP - OV-fiets - Muiden P&R,Muiden,52.32876,5.05091,,OV_FIETS
ws001,WS,WS - OV-fiets - Winschoten,Winschoten,53.139314,7.035409,,OV_FIETS
Wsm001,WSM,WSM - OV-fiets - Winsum,Winsum,53.329479,6.520013,,OV_FIETS
wt003,WT,WT - OV-fiets - Weert,Weert,51.2493,5.70558,,OV_FIETS
wtv001,WTV,WTV - OV-fiets - Westervoort,Westervoort,51.962695,5.969124,,OV_FIETS
ww001,WW,WW - OV-fiets - Winterswijk,Winterswijk,51.968415,6.714602,,OV_FIETS
ypb001,YPB,YPB - OV-fiets Den Haag Ypenburg,Den Haag Ypenburg,52.055471,4.389355,,OV_FIETS
zbm002,ZBM,ZBM - OV-fiets - Zaltbommel,Zaltbommel,51.80812,5.26288,,OV_FIETS
ZD002,ZD,ZD - OV-fiets - Zaandam,Zaandam,52.438795,4.815877,,OV_FIETS
Zh001,ZH,ZH - OV-fiets - Zuidhorn,Zuidhorn,53.248372,6.406436,,OV_FIETS
zl003,ZL,ZL - OV-fiets - Zwolle Hanzeland,Zwolle,52.503322,6.089361,,OV_FIETS
zl004,ZL,ZL - OV-fiets - Zwolle Stationsplein,Zwolle,52.505809,6.090895,Bemenst,OV_FIETS
Zlw001,ZLW,ZLW - OV-fiets - Lage Zwaluwe,Zevenbergschen Hoek,51.690151,4.662549,,OV_FIETS
zp001,ZP,ZP - OV-fiets - Zutphen,Zutphen,52.14475,6.19585,Bemenst,OV_FIETS
ztm002,ZTM,ZTM - OV-fiets - Zoetermeer Centrum West,Zoetermeer,52.06024,4.48739,,OV_FIETS
ztm003,ZTM,ZTM - OV-fiets - Zoetermeer Driemanspolder,Zoetermeer,52.04909,4.47663,,OV_FIETS
ztmo001,ZTMO,ZTMO - OV-fiets - Zoetermeer Oost,Zoetermeer,52.04661,4.49133,,OV_FIETS
zv001,ZV,ZV - OV-fiets - Zevenaar,Zevenaar,51.923197,6.072686,,OV_FIETS
Zvb001,ZVB,ZVB - OV-fiets - Zevenbergen,Zevenbergen,51.641542,4.610095,,OV_FIETS
zvt001,ZVT,ZVT - OV-fiets - Zandvoort,Zandvoort,52.375859,4.531626,,OV_FIETS
zwd003,ZWD,ZWD - OV-fiets - Zwijndrecht,Zwijndrecht,51.81608,4.64041,,OV_FIETS
