peilmoment,treintype,rijdende_treinen
2026-09-29T15:13:41Z,IC,161
2026-09-29T15:13:41Z,SPR,147
2026-09-29T15:13:41Z,ARR,22
2026-09-29T16:05:28Z,SPR,153
2026-09-29T16:05:28Z,ARR,21
2026-09-29T16:05:28Z,IC,168
2026-09-29T17:05:25Z,ARR,23
2026-09-29T17:05:25Z,IC,163
2026-09-29T17:05:25Z,SPR,133
2026-09-29T18:05:30Z,SPR,122
2026-09-29T18:05:30Z,ARR,20
2026-09-29T18:05:30Z,IC,154
2026-09-29T19:05:29Z,IC,140
2026-09-29T19:05:29Z,ARR,20
2026-09-29T19:05:29Z,SPR,106
2026-09-29T20:05:34Z,ARR,16
2026-09-29T20:05:34Z,IC,124
2026-09-29T20:05:34Z,SPR,103
2026-09-29T21:05:36Z,IC,119
2026-09-29T21:05:36Z,ARR,17
2026-09-29T21:05:36Z,SPR,94
