tijd_utc,bron,status,items,rijen,duur_s,fout
2026-10-11T00:00:49Z,laadpunten,ok,187741,288,8.0,
2026-10-11T00:00:49Z,npr,ok,319,319,19.4,
2026-10-11T00:00:49Z,amsterdam,ok,67,67,1.3,
2026-10-11T00:00:49Z,vrachtwagen,ok,8,8,0.5,
2026-10-11T00:05:21Z,laadpunten,ok,187741,358,8.2,
2026-10-11T00:05:21Z,npr,ok,275,45,15.0,
2026-10-11T00:05:21Z,amsterdam,fout,0,0,46.0,URLError: <urlopen error timed out>
2026-10-11T00:05:21Z,vrachtwagen,ok,8,1,0.7,
2026-10-11T00:10:26Z,laadpunten,ok,187741,327,8.4,
2026-10-11T00:10:26Z,npr,ok,275,35,17.3,
2026-10-11T00:10:26Z,amsterdam,ok,67,22,1.3,
2026-10-11T00:10:26Z,vrachtwagen,ok,8,2,0.4,
