scrape_ts_utc,status,n_locations,n_changes,max_fetch_time,error
2026-10-01T00:01:01Z,ok,301,3,1790812830,
2026-10-01T00:05:29Z,ok,301,5,1790813107,
2026-10-01T00:10:36Z,ok,301,1,1790813384,
2026-10-01T00:15:37Z,ok,301,2,1790813716,
2026-10-01T00:20:40Z,ok,301,6,1790813993,
2026-10-01T00:25:31Z,ok,301,2,1790814326,
2026-10-01T00:30:47Z,ok,301,1,1790814604,
2026-10-01T00:35:31Z,ok,301,4,1790814881,
2026-10-01T00:40:38Z,ok,301,2,1790815214,
2026-10-01T00:45:36Z,ok,301,0,1790815491,
2026-10-01T00:50:38Z,ok,301,1,1790815823,
2026-10-01T00:55:27Z,ok,301,1,1790816100,
2026-10-01T01:00:56Z,ok,301,3,1790816433,
2026-10-01T01:06:04Z,ok,301,2,1790816710,
2026-10-01T01:10:36Z,ok,301,0,1790816987,
2026-10-01T01:15:36Z,ok,301,4,1790817320,
2026-10-01T01:20:37Z,ok,301,2,1790817597,
2026-10-01T01:25:31Z,ok,301,0,1790817929,
2026-10-01T01:30:47Z,ok,301,2,1790818206,
2026-10-01T01:35:32Z,ok,301,2,1790818484,
2026-10-01T01:40:37Z,ok,301,0,1790818816,
2026-10-01T01:45:37Z,ok,301,0,1790819094,
2026-10-01T01:50:36Z,ok,301,2,1790819426,
2026-10-01T01:55:31Z,ok,301,1,1790819704,
2026-10-01T02:00:58Z,ok,301,2,1790820036,
2026-10-01T02:05:30Z,ok,301,5,1790820313,
2026-10-01T02:10:36Z,ok,301,1,1790820591,
2026-10-01T02:15:37Z,ok,301,3,1790820924,
2026-10-01T02:20:36Z,ok,301,0,1790821201,
2026-10-01T02:25:28Z,ok,301,0,1790821478,
2026-10-01T02:30:52Z,ok,301,0,1790821811,
2026-10-01T02:35:31Z,ok,301,4,1790822089,
2026-10-01T02:40:39Z,ok,301,4,1790822421,
2026-10-01T02:45:35Z,ok,301,5,1790822698,
2026-10-01T02:50:37Z,ok,301,14,1790823031,
2026-10-01T02:55:30Z,ok,301,7,1790823308,
2026-10-01T03:01:01Z,ok,301,1,1790823640,
2026-10-01T03:05:29Z,ok,301,14,1790823917,
2026-10-01T03:10:37Z,ok,301,0,1790824194,
2026-10-01T03:15:39Z,ok,301,14,1790824527,
2026-10-01T03:20:37Z,ok,301,21,1790824804,
2026-10-01T03:25:32Z,ok,301,1,1790825081,
2026-10-01T03:30:46Z,ok,301,17,1790825414,
2026-10-01T03:35:31Z,ok,301,7,1790825691,
2026-10-01T03:40:35Z,ok,301,14,1790826024,
2026-10-01T03:45:37Z,ok,301,5,1790826301,
2026-10-01T03:50:36Z,ok,301,15,1790826633,
2026-10-01T03:55:29Z,ok,301,6,1790826910,
2026-10-01T04:01:04Z,ok,301,9,1790827243,
2026-10-01T04:05:28Z,ok,301,14,1790827520,
2026-10-01T04:10:38Z,ok,301,11,1790827797,
2026-10-01T04:15:38Z,ok,301,18,1790828130,
2026-10-01T04:20:39Z,ok,301,9,1790828407,
2026-10-01T04:25:33Z,ok,301,18,1790828684,
2026-10-01T04:30:48Z,ok,301,25,1790829016,
2026-10-01T04:35:32Z,ok,301,16,1790829293,
2026-10-01T04:40:36Z,ok,301,30,1790829625,
2026-10-01T04:45:37Z,ok,301,27,1790829902,
2026-10-01T04:50:39Z,ok,301,272,1790830235,
2026-10-01T04:55:31Z,ok,301,271,1790830512,
