tijd_utc,locatie_id,naam,status,vrij_kort,capaciteit_kort,vrij_lang,capaciteit_lang
2026-10-10T23:55:09Z,CDFB8B56-3239-2C56-508B-80B9727B7950,P-210_ P10 Plaza Arena,error,0,0,,
2026-10-10T23:58:39Z,0BD0E520-1BF9-A60B-812E-C76D8D4D866B,P-134_ IJ-oever Centrum,error,0,0,,
2026-10-10T23:59:05Z,5B9BED57-7934-968A-2FF8-000CD08D5D9E,PR-008_  Bos en Lommer (opendata),ok,0,0,,
2026-10-10T23:59:05Z,aa69b103-8621-4cde-9217-2bf146ce8d6d,Dummy Melkweg,error,0,0,,
2026-10-10T23:59:05Z,ee2743d0-0464-40e7-9a50-56aa1a18ab89,FP-011_ IJ-Zijde West (fietsstalling),error,0,0,,
2026-10-10T23:59:05Z,f54a7ccd-c1ef-430a-a74b-a0eeb2d027c7,FP_017_ Stationsplein Oost (fietsstalling),ok,0,0,,
2026-10-10T23:59:05Z,fa8839f4-360a-4717-bb6c-f3a1d629d356,PR-009_ RAI,ok,0,0,,
2026-10-10T23:59:26Z,523D197E-A72E-2F80-34DE-FC66994B7821,P-206_ P6 de Uitgaansdriehoek,error,0,0,,
2026-10-10T23:59:51Z,b4149309-17f5-4ec0-b178-01b170123592,FP-019_ Prorail Amsterdam RAI,ok,1546,1732,,
2026-10-10T23:59:51Z,f048c6b2-3f4d-4382-9c2e-8155d1cd2203,FP-003_ Prorail Amsterdam Amstel (fietsstalling),ok,1362,2966,,
2026-10-10T23:59:59Z,8056EF7A-8600-4A6E-0EE4-E7AA752693B2,PT-002_ TTA,ok,42,42,,
2026-10-11T00:00:05Z,05321182-8912-95FC-0841-A08F37A98CCB,PT-007_ Museumplein - (opendata),ok,26,25,,
2026-10-11T00:00:05Z,06757815-834C-0E44-42B0-AE4FC4AF9CEF,P-106_ Byzantium (opendata),ok,147,446,,
2026-10-11T00:00:05Z,09F14470-34B7-1E56-0207-65255A3C8426,PR-006_ Boven 't Y,ok,0,328,,
2026-10-11T00:00:05Z,0A3F9044-370E-A4CD-6787-3A3FEF23300F,P-221_ Amsterdamse Poort P21 (opendata),ok,238,244,,
2026-10-11T00:00:05Z,1A6E8858-50E2-964C-23A7-0DA73DF724E4,P-223_ Amsterdamse Poort P23 (opendata),ok,267,346,,
2026-10-11T00:00:05Z,1C1FC6F5-4319-6AF2-1BA8-8737F88BA11C,PR-004_ Zeeburg 2,ok,42,163,5,5
2026-10-11T00:00:05Z,1F7A7814-10F9-4CA6-1E62-C875C95E74C0,P-110_ Stadhuis,ok,167,399,203,209
2026-10-11T00:00:05Z,1FA32E12-0D79-4120-52E5-694AB16A65D2,P-112_ Markenhoven,ok,422,651,61,78
2026-10-11T00:00:05Z,30CE30F0-220B-0494-597C-85D51941242D,P-108_ Nieuwendijk (opendata),ok,391,410,,
2026-10-11T00:00:05Z,359DE5D5-5944-2BBF-775E-27F3EF5273ED,P-302_ VUmc (ACTA),ok,418,449,,
2026-10-11T00:00:05Z,35B30E04-5620-904C-4612-725688A500B6,P-117_ Willemspoort,ok,28,165,3,20
2026-10-11T00:00:05Z,3A641DD1-29D4-22D1-3F95-E935A1D80BCD,FP-008_ Beursplein,ok,1266,1685,,
2026-10-11T00:00:05Z,3C4F940F-0D10-3D6D-860D-A778214290DE,P-109_ Bijenkorf (opendata),ok,397,431,,
2026-10-11T00:00:05Z,44d4c917-eb3b-43fb-8443-b9d97a382d63,FP-015_ IJboulevard,ok,0,3968,,
2026-10-11T00:00:05Z,5134BC07-36D7-48A6-3592-FF6C0A7D4A5C,P-205_ P5 Villa ArenA,ok,859,909,63,63
2026-10-11T00:00:05Z,5379340D-1A6E-5F09-1D1A-967C47524A13,FP-009_ de Munt,ok,0,100,,
2026-10-11T00:00:05Z,55D76109-59B1-2DD7-14CE-70DC4D9352FB,P-105_ Euro Parking (opendata),ok,809,710,,
2026-10-11T00:00:05Z,65F8D97E-5BE3-511D-0AE5-E26AE7B13565,FP-006_ Ferdinand Bolstraat,ok,0,100,,
2026-10-11T00:00:05Z,6A9A4383-3D5D-13BB-81C4-E6B82A787CC7,P-103_ Piet Hein,ok,444,562,26,38
2026-10-11T00:00:05Z,8e17665c-4e8a-43aa-9956-8d748292a016,FP-016_ Stationsplein,ok,3057,6182,,
2026-10-11T00:00:05Z,983A3143-9543-486C-1B59-BDB844FB06A3,P-107_ Museumplein (opendata),ok,389,573,,
2026-10-11T00:00:05Z,99b77fc5-a237-4ba0-abe4-b9a3886aa471,PR-304_ VUmc,ok,418,449,,
2026-10-11T00:00:05Z,9E40A953-5569-8885-6BD7-782C011482CF,FP-001_ Mahlerplein,ok,0,2819,,
2026-10-11T00:00:05Z,9F72057F-1260-6A35-133B-832A7590A69A,P-114_ Westergasfabriek (opendata),ok,384,504,,
2026-10-11T00:00:05Z,A4614D34-2CB5-440C-4A8B-90D6E9885533,P-126_ Rembrandtplein,ok,53,116,13,16
2026-10-11T00:00:05Z,A58994BA-3B90-9AEF-9FB6-49CB2D867C77,P-222_ Amsterdamse Poort P22 (opendata),ok,329,405,,
2026-10-11T00:00:05Z,A66FD72F-96BB-66C0-98BA-B13A7B157528,P-131_ Prins & Keizer (opendata),ok,28,137,,
2026-10-11T00:00:05Z,B32B574D-8BDB-1127-5F20-BEA3C28A9723,FP-002_ Strawinskylaan,ok,0,1003,,
2026-10-11T00:00:05Z,B56E7150-71CA-12C6-0AFA-D3DEAAD24707,P-111_ Waterlooplein (opendata),error,0,0,,
2026-10-11T00:00:05Z,C2F5A8BC-A48B-0E79-796F-E98A936CA006,P-303_ VU campus,ok,616,616,,
2026-10-11T00:00:05Z,C5E8592D-88BB-492D-45B2-F9BCD1A49091,P-203_ P3 Mikado,ok,85,190,5,5
2026-10-11T00:00:05Z,C77E4014-2A10-01E5-7755-7F90E7FF6CEC,P-218_ P18 HvA/ROC,ok,285,290,2,2
2026-10-11T00:00:05Z,CAD69734-24BD-3E9D-A769-77B148D77C0D,FP-010_ Zuidplein,ok,0,893,,
2026-10-11T00:00:05Z,D1CE7EA1-1A16-448C-38AC-35D1FD507AF0,P-132_ De Hallen,ok,0,110,0,110
2026-10-11T00:00:05Z,D3FC8A7F-0583-575F-6746-40CE7315206D,FP-005_ Ceintuurbaan,ok,0,100,,
2026-10-11T00:00:05Z,D7734029-5C2E-6269-7A2A-F6EEDAD24B08,P-301_ VUmc (westflank),ok,374,411,,
2026-10-11T00:00:05Z,DF0446C2-5CCE-9394-7A35-E9F7E14B94A3,FP-004_ Julianaplein,ok,0,2966,,
2026-10-11T00:00:05Z,DF9D51A4-8BCB-3632-2F89-B2C5F6225454,P-127_ Kalverstraat (opendata),ok,23,84,,
2026-10-11T00:00:05Z,F666897A-65E7-40AF-4421-9F64C614A752,PR-001_ Sloterdijk,ok,85,190,5,5
2026-10-11T00:00:05Z,F9D80E40-A4ED-3DAA-653E-F4DE13A96F90,FP-012_ Leidseplein,ok,1292,1973,,
2026-10-11T00:00:05Z,FC0D294B-4A2F-1673-72FB-DB5280C02CF7,FP-007_ Reguliers,ok,0,237,,
2026-10-11T00:00:05Z,FEEB21D6-2867-81F5-81F8-92CEC15243FF,P-104_ Amsterdam Centraal (opendata),ok,327,410,,
2026-10-11T00:00:05Z,b60290eb-f284-4606-89ae-fd8fee8f25a1,TEST  FP-020_ Brittenstalling,ok,0,0,,
2026-10-11T00:00:06Z,E5152B9C-2D0E-7344-6E60-4BCB16F4084C,P-115_ Oosterdok,ok,1424,1800,,
2026-10-11T00:00:07Z,d94e3e57-233e-4467-a208-6f1d8104ab17,P-139_ Singelgracht - Marnix (opendata),error,0,0,,
2026-10-11T00:00:08Z,2D5FB192-70A3-8F77-4092-D629D5A255E0,P-204_ P4 Villa Arena,ok,1072,1087,40,40
2026-10-11T00:00:09Z,323AD882-9820-238E-92C1-4D29C5FF6B1C,P-201_ P1 ArenA,ok,1822,1853,85,85
2026-10-11T00:00:09Z,638B4D86-621B-23A7-A26A-2172BCF19844,PR-007_ Noord,ok,253,409,15,20
2026-10-11T00:00:09Z,7E0C40C3-05AC-30DD-1099-D5CB6A8C7240,PR-011_ ArenA,ok,1822,1853,85,85
2026-10-11T00:00:10Z,50C4B4EE-8153-644C-7A2A-43EF25098E64,PR-005_ Zeeburg 3,ok,170,265,0,0
2026-10-11T00:00:10Z,8039A0DF-73FB-0FD9-05F8-1B00C19C6B9B,P-130_ Heinekenplein,ok,196,196,129,129
2026-10-11T00:00:10Z,D876540A-0EF8-2686-8049-EB0C5BFE1069,P-133_ Albert Cuyp,ok,42,600,10,10
2026-10-11T00:00:10Z,EA9933EF-56B9-56A1-24EC-DF31C36F438E,P-136_ Rokin,ok,115,232,10,10
2026-10-11T00:00:15Z,855FC36A-6D9E-5E99-7BDC-2B0E9B5A0106,P-125_ IJdock,ok,222,244,35,70
2026-10-11T00:00:15Z,A557D1AD-5D39-915B-8B54-A4AAFA2C1CFC,P-102_ Olympisch Stadion,ok,3,250,179,200
2026-10-11T00:00:15Z,E4E6EDC3-6B8A-9987-536D-35C7546C066D,PR-002_ Olympisch Stadion P+R,ok,3,250,179,200
