melding_id,oorzaak,effect,vervoerders,aantal_lijnen,kop,begin,eind,eerst_gezien,laatst_gezien
KV15:QBUZZ:2026-09-29:26,onbekend,onbekend,,1,"Qbuzz: stadsBuzz 5 stopt tot 31 oktober 2027, dagelijks van 20.00 uur tot einde dienst, niet bij deze halte i.v.m. herinrichting van de Spuiboulevard. Maak gebruik van halte Kilwijkstraat.",2026-10-12T18:00:00Z,2027-11-01T01:00:00Z,2026-10-01T04:30:44Z,2026-10-01T04:30:44Z
KV15:GVB:2026-10-01:1002,onbekend,onbekend,,1,Tram 4 rijdt om vanaf halte Albert Cuypstraat. Oorzaak: Wisselstoring. Details: gvb.nl -- Tram 4 runs a diverted route from Albert Cuypstraat. Cause: Switch failure. Details: gvb.nl,2026-10-01T04:28:57Z,2026-10-01T06:28:57Z,2026-10-01T04:30:44Z,2026-10-01T04:30:44Z
SIRIGM:2046051-1-1003-2,,,,0,Tram 4 stopt hier niet. Oorzaak: Wisselstoring. Details: gvb.nl -- Stop not served by tram 4. Cause: Switch failure. Details: gvb.nl,2026-10-01T04:28:57Z,2026-10-01T06:28:57Z,2026-10-01T04:30:44Z,2026-10-01T04:30:44Z
KV15:QBUZZ:2026-09-22:42,onderhoud,onbekend,,4,"Perronwijziging: Lijnen 110, 309, 409 en 410 stoppen tot 30 oktober 05.00 uur niet op perrons A en B door werkzaamheden. Maak gebruik van perron D of E.",2026-10-19T03:00:00Z,2026-10-30T04:00:00Z,2026-10-01T04:30:44Z,2026-10-01T04:30:44Z
SIRIGM:2046051-1-1002-2,,,,0,Tram 4 rijdt om vanaf halte Albert Cuypstraat. Oorzaak: Wisselstoring. Details: gvb.nl -- Tram 4 runs a diverted route from Albert Cuypstraa,2026-10-01T04:28:57Z,2026-10-01T06:28:57Z,2026-10-01T04:30:44Z,2026-10-01T04:30:44Z
KV15:GVB:2026-10-01:1003,onbekend,onbekend,,1,Tram 4 stopt hier niet. Oorzaak: Wisselstoring. Details: gvb.nl -- Stop not served by tram 4. Cause: Switch failure. Details: gvb.nl,2026-10-01T04:28:57Z,2026-10-01T06:28:57Z,2026-10-01T04:30:44Z,2026-10-01T04:30:44Z
KV15:QBUZZ:2026-09-28:54,onderhoud,onbekend,,8,"Qbuzz: Lijnen 2,3,4,7,13,14,92 en 488 stoppen tot 31 oktober 2027, dagelijks van 20.00 uur tot einde dienst, niet op deze halte door werkzaamheden. Maak gebruik van P+R Weeskinderendijk ri. Dordrecht Centrum.",2026-10-12T18:00:00Z,2027-11-01T01:30:00Z,2026-10-01T04:30:44Z,2026-10-01T04:30:44Z
KV15:QBUZZ:2026-09-28:53,onderhoud,onbekend,,8,"Qbuzz: Lijnen 2,3,4,7,13,14,92 en 488 stoppen tot 31 oktober 2027, dagelijks van 20.00 uur tot einde dienst, niet op deze halte door werkzaamheden. Reis met een van de stadsbussen a/d overkant naar Dordrecht CS of Centrum.",2026-10-12T18:00:00Z,2027-11-01T01:30:00Z,2026-10-01T04:30:44Z,2026-10-01T04:30:44Z
KV15:GVB:2026-10-01:1001,onbekend,onbekend,,1,Tram 4 rijdt om vanaf halte Rokin. Oorzaak: Wisselstoring. Details: gvb.nl -- Tram 4 runs a diverted route from Rokin. Cause: Switch failure. Details: gvb.nl,2026-10-01T04:28:57Z,2026-10-01T06:28:57Z,2026-10-01T04:30:44Z,2026-10-01T04:30:44Z
KV15:QBUZZ:2026-09-30:24,onbekend,onbekend,,1,Lijn 36 stopt niet bij deze halte door een gestremde route. Plan je reis: 9292.nl.,2026-09-30T12:30:00Z,2026-10-30T15:00:00Z,2026-10-01T04:05:36Z,2026-10-01T04:30:44Z
SIRIGM:2046051-1-1001-2,,,,0,Tram 4 rijdt om vanaf halte Rokin. Oorzaak: Wisselstoring. Details: gvb.nl -- Tram 4 runs a diverted route from Rokin. Cause: Switch failure. Details: gvb.nl,2026-10-01T04:28:57Z,2026-10-01T06:28:57Z,2026-10-01T04:30:44Z,2026-10-01T04:30:44Z
