tijdstip_utc,eur_mwh
2018-06-01T00:00:00Z,43.84
2018-06-01T01:00:00Z,48.65
2018-06-01T02:00:00Z,51.11
2018-06-01T03:00:00Z,47.19
2018-06-01T04:00:00Z,56.34
2018-06-01T05:00:00Z,63.57
2018-06-01T06:00:00Z,64.47
2018-06-01T07:00:00Z,77.34
2018-06-01T08:00:00Z,86.18
2018-06-01T09:00:00Z,81.76
2018-06-01T10:00:00Z,73.3
2018-06-01T11:00:00Z,69.61
2018-06-01T12:00:00Z,61.88
2018-06-01T13:00:00Z,56.09
2018-06-01T14:00:00Z,55.49
2018-06-01T15:00:00Z,69.52
2018-06-01T16:00:00Z,71.82
2018-06-01T17:00:00Z,68.51
2018-06-01T18:00:00Z,77.34
2018-06-01T19:00:00Z,64.09
2018-06-01T20:00:00Z,66.52
2018-06-01T21:00:00Z,59.91
2018-06-01T22:00:00Z,43.53
2018-06-01T23:00:00Z,38
2018-06-02T00:00:00Z,44.48
2018-06-02T01:00:00Z,49.18
2018-06-02T02:00:00Z,50.84
2018-06-02T03:00:00Z,45.78
2018-06-02T04:00:00Z,48.71
2018-06-02T05:00:00Z,50.5
2018-06-02T06:00:00Z,51.98
2018-06-02T07:00:00Z,54.46
2018-06-02T08:00:00Z,59.25
2018-06-02T09:00:00Z,50.56
2018-06-02T10:00:00Z,43.88
2018-06-02T11:00:00Z,43.5
2018-06-02T12:00:00Z,42.19
2018-06-02T13:00:00Z,43.5
2018-06-02T14:00:00Z,43.6
2018-06-02T15:00:00Z,48.59
2018-06-02T16:00:00Z,59.76
2018-06-02T17:00:00Z,65.05
2018-06-02T18:00:00Z,67.88
2018-06-02T19:00:00Z,66.88
2018-06-02T20:00:00Z,47
2018-06-02T21:00:00Z,47
2018-06-02T22:00:00Z,44.82
2018-06-02T23:00:00Z,44.68
2018-06-03T00:00:00Z,44.03
2018-06-03T01:00:00Z,43.79
2018-06-03T02:00:00Z,44.82
2018-06-03T03:00:00Z,44.5
2018-06-03T04:00:00Z,43.43
2018-06-03T05:00:00Z,42.76
2018-06-03T06:00:00Z,44.5
2018-06-03T07:00:00Z,42.18
2018-06-03T08:00:00Z,42.62
2018-06-03T09:00:00Z,42.4
2018-06-03T10:00:00Z,45.43
2018-06-03T11:00:00Z,53.4
2018-06-03T12:00:00Z,35
2018-06-03T13:00:00Z,40.5
2018-06-03T14:00:00Z,40
2018-06-03T15:00:00Z,43.99
2018-06-03T16:00:00Z,49.44
2018-06-03T17:00:00Z,54.52
2018-06-03T18:00:00Z,59
2018-06-03T19:00:00Z,62.48
2018-06-03T20:00:00Z,64.9
2018-06-03T21:00:00Z,48.51
2018-06-03T22:00:00Z,66.76
2018-06-03T23:00:00Z,43.6
2018-06-04T00:00:00Z,43.18
2018-06-04T01:00:00Z,46.93
2018-06-04T02:00:00Z,42.87
2018-06-04T03:00:00Z,47.44
2018-06-04T04:00:00Z,56.66
2018-06-04T05:00:00Z,65.35
2018-06-04T06:00:00Z,65
2018-06-04T07:00:00Z,68
2018-06-04T08:00:00Z,76.72
2018-06-04T09:00:00Z,82.27
2018-06-04T10:00:00Z,80.1
2018-06-04T11:00:00Z,75.6
2018-06-04T12:00:00Z,63.53
2018-06-04T13:00:00Z,53.47
2018-06-04T14:00:00Z,53.1
2018-06-04T15:00:00Z,75
2018-06-04T16:00:00Z,70.1
2018-06-04T17:00:00Z,67.1
2018-06-04T18:00:00Z,62.17
2018-06-04T19:00:00Z,52.93
2018-06-04T20:00:00Z,50.93
2018-06-04T21:00:00Z,44.49
2018-06-04T22:00:00Z,43.8
2018-06-04T23:00:00Z,42.37
2018-06-05T00:00:00Z,39.44
2018-06-05T01:00:00Z,40.65
2018-06-05T02:00:00Z,43.7
2018-06-05T03:00:00Z,43.22
2018-06-05T04:00:00Z,50.26
2018-06-05T05:00:00Z,67.11
2018-06-05T06:00:00Z,66.28
2018-06-05T07:00:00Z,70.9
2018-06-05T08:00:00Z,81.22
2018-06-05T09:00:00Z,78.62
2018-06-05T10:00:00Z,69.37
2018-06-05T11:00:00Z,66.47
2018-06-05T12:00:00Z,58.51
2018-06-05T13:00:00Z,53.34
2018-06-05T14:00:00Z,52.99
2018-06-05T15:00:00Z,54.95
2018-06-05T16:00:00Z,65
2018-06-05T17:00:00Z,67.83
2018-06-05T18:00:00Z,64
2018-06-05T19:00:00Z,52.89
2018-06-05T20:00:00Z,66.47
2018-06-05T21:00:00Z,53.5
2018-06-05T22:00:00Z,44.99
2018-06-05T23:00:00Z,41.16
2018-06-06T00:00:00Z,40.5
2018-06-06T01:00:00Z,43.26
2018-06-06T02:00:00Z,44
2018-06-06T03:00:00Z,43.69
2018-06-06T04:00:00Z,50.37
2018-06-06T05:00:00Z,60.83
2018-06-06T06:00:00Z,65
2018-06-06T07:00:00Z,81.2
2018-06-06T08:00:00Z,79.92
2018-06-06T09:00:00Z,71.1
2018-06-06T10:00:00Z,61.29
2018-06-06T11:00:00Z,62.16
2018-06-06T12:00:00Z,56.84
2018-06-06T13:00:00Z,54.36
2018-06-06T14:00:00Z,58.52
2018-06-06T15:00:00Z,68.76
2018-06-06T16:00:00Z,61.25
2018-06-06T17:00:00Z,63.31
2018-06-06T18:00:00Z,60
2018-06-06T19:00:00Z,57.4
2018-06-06T20:00:00Z,61.94
2018-06-06T21:00:00Z,54.06
2018-06-06T22:00:00Z,44.77
2018-06-06T23:00:00Z,42.6
2018-06-07T00:00:00Z,39.72
2018-06-07T01:00:00Z,42.1
2018-06-07T02:00:00Z,41.62
2018-06-07T03:00:00Z,40.52
2018-06-07T04:00:00Z,50.21
2018-06-07T05:00:00Z,58.73
2018-06-07T06:00:00Z,60.95
2018-06-07T07:00:00Z,69.9
2018-06-07T08:00:00Z,68.7
2018-06-07T09:00:00Z,68
2018-06-07T10:00:00Z,64.27
2018-06-07T11:00:00Z,63.61
2018-06-07T12:00:00Z,56.39
2018-06-07T13:00:00Z,57.13
2018-06-07T14:00:00Z,54.23
2018-06-07T15:00:00Z,64.27
2018-06-07T16:00:00Z,73.16
2018-06-07T17:00:00Z,69.9
2018-06-07T18:00:00Z,64.9
2018-06-07T19:00:00Z,65.8
2018-06-07T20:00:00Z,67
2018-06-07T21:00:00Z,52.99
2018-06-07T22:00:00Z,50
2018-06-07T23:00:00Z,44
2018-06-08T00:00:00Z,42.53
2018-06-08T01:00:00Z,47.15
2018-06-08T02:00:00Z,50.01
2018-06-08T03:00:00Z,45.37
2018-06-08T04:00:00Z,52.29
2018-06-08T05:00:00Z,58.71
2018-06-08T06:00:00Z,65.7
2018-06-08T07:00:00Z,75.12
2018-06-08T08:00:00Z,79.05
2018-06-08T09:00:00Z,77.34
2018-06-08T10:00:00Z,75
2018-06-08T11:00:00Z,71.81
2018-06-08T12:00:00Z,64.07
2018-06-08T13:00:00Z,53.03
2018-06-08T14:00:00Z,50.05
2018-06-08T15:00:00Z,57.4
2018-06-08T16:00:00Z,62
2018-06-08T17:00:00Z,58.66
2018-06-08T18:00:00Z,56.58
2018-06-08T19:00:00Z,50.08
2018-06-08T20:00:00Z,50.46
2018-06-08T21:00:00Z,48.85
2018-06-08T22:00:00Z,47.7
2018-06-08T23:00:00Z,42.53
2018-06-09T00:00:00Z,42.71
2018-06-09T01:00:00Z,43.4
2018-06-09T02:00:00Z,42.22
2018-06-09T03:00:00Z,42.83
2018-06-09T04:00:00Z,44.63
2018-06-09T05:00:00Z,50.41
2018-06-09T06:00:00Z,49.9
2018-06-09T07:00:00Z,57
2018-06-09T08:00:00Z,49.9
2018-06-09T09:00:00Z,49.18
2018-06-09T10:00:00Z,48.75
2018-06-09T11:00:00Z,45
2018-06-09T12:00:00Z,44.31
2018-06-09T13:00:00Z,43.94
2018-06-09T14:00:00Z,42.2
2018-06-09T15:00:00Z,51.5
2018-06-09T16:00:00Z,51.41
2018-06-09T17:00:00Z,51.9
2018-06-09T18:00:00Z,69.3
2018-06-09T19:00:00Z,60
2018-06-09T20:00:00Z,68.17
2018-06-09T21:00:00Z,56.16
2018-06-09T22:00:00Z,67
2018-06-09T23:00:00Z,45.41
2018-06-10T00:00:00Z,44.74
2018-06-10T01:00:00Z,43.58
2018-06-10T02:00:00Z,46.33
2018-06-10T03:00:00Z,46.01
2018-06-10T04:00:00Z,45.66
2018-06-10T05:00:00Z,47
2018-06-10T06:00:00Z,45.5
2018-06-10T07:00:00Z,44.99
2018-06-10T08:00:00Z,45.71
2018-06-10T09:00:00Z,48.99
2018-06-10T10:00:00Z,48.9
2018-06-10T11:00:00Z,46.07
2018-06-10T12:00:00Z,44
2018-06-10T13:00:00Z,33.43
2018-06-10T14:00:00Z,40
2018-06-10T15:00:00Z,40.65
2018-06-10T16:00:00Z,54.12
2018-06-10T17:00:00Z,50.1
2018-06-10T18:00:00Z,54.9
2018-06-10T19:00:00Z,52.51
2018-06-10T20:00:00Z,73.24
2018-06-10T21:00:00Z,58.5
2018-06-10T22:00:00Z,62.72
2018-06-10T23:00:00Z,44.13
2018-06-11T00:00:00Z,43.67
2018-06-11T01:00:00Z,51.14
2018-06-11T02:00:00Z,51.35
2018-06-11T03:00:00Z,45.97
2018-06-11T04:00:00Z,56.33
2018-06-11T05:00:00Z,56.87
2018-06-11T06:00:00Z,64.5
2018-06-11T07:00:00Z,75
2018-06-11T08:00:00Z,76.67
2018-06-11T09:00:00Z,69.9
2018-06-11T10:00:00Z,59.92
2018-06-11T11:00:00Z,58.82
2018-06-11T12:00:00Z,52.6
2018-06-11T13:00:00Z,51.05
2018-06-11T14:00:00Z,49.66
2018-06-11T15:00:00Z,50.93
2018-06-11T16:00:00Z,53.48
2018-06-11T17:00:00Z,54.94
2018-06-11T18:00:00Z,56.03
2018-06-11T19:00:00Z,50.87
2018-06-11T20:00:00Z,49.47
2018-06-11T21:00:00Z,46.55
2018-06-11T22:00:00Z,40.93
2018-06-11T23:00:00Z,39.48
2018-06-12T00:00:00Z,38.54
2018-06-12T01:00:00Z,42.72
2018-06-12T02:00:00Z,44.68
2018-06-12T03:00:00Z,43.31
2018-06-12T04:00:00Z,48.42
2018-06-12T05:00:00Z,55.02
2018-06-12T06:00:00Z,59.46
2018-06-12T07:00:00Z,59.27
2018-06-12T08:00:00Z,56.96
2018-06-12T09:00:00Z,59.17
2018-06-12T10:00:00Z,58.15
2018-06-12T11:00:00Z,56.52
2018-06-12T12:00:00Z,53.9
2018-06-12T13:00:00Z,51.5
2018-06-12T14:00:00Z,50.98
2018-06-12T15:00:00Z,51.62
2018-06-12T16:00:00Z,52.93
2018-06-12T17:00:00Z,54.08
2018-06-12T18:00:00Z,52.78
2018-06-12T19:00:00Z,48.94
2018-06-12T20:00:00Z,50.29
2018-06-12T21:00:00Z,47.07
2018-06-12T22:00:00Z,42.3
2018-06-12T23:00:00Z,42
2018-06-13T00:00:00Z,37.98
2018-06-13T01:00:00Z,39.81
2018-06-13T02:00:00Z,39.99
2018-06-13T03:00:00Z,38.72
2018-06-13T04:00:00Z,45.46
2018-06-13T05:00:00Z,54.05
2018-06-13T06:00:00Z,55.77
2018-06-13T07:00:00Z,56.09
2018-06-13T08:00:00Z,54.94
2018-06-13T09:00:00Z,55
2018-06-13T10:00:00Z,53.03
2018-06-13T11:00:00Z,51.1
2018-06-13T12:00:00Z,49.52
2018-06-13T13:00:00Z,48.91
2018-06-13T14:00:00Z,47.17
2018-06-13T15:00:00Z,49.03
2018-06-13T16:00:00Z,54
2018-06-13T17:00:00Z,58.38
2018-06-13T18:00:00Z,60.7
2018-06-13T19:00:00Z,52.97
2018-06-13T20:00:00Z,59.56
2018-06-13T21:00:00Z,51.77
2018-06-13T22:00:00Z,46.69
2018-06-13T23:00:00Z,40.91
2018-06-14T00:00:00Z,40.27
2018-06-14T01:00:00Z,41.08
2018-06-14T02:00:00Z,41.7
2018-06-14T03:00:00Z,41.1
2018-06-14T04:00:00Z,42.55
2018-06-14T05:00:00Z,51.38
2018-06-14T06:00:00Z,58.47
2018-06-14T07:00:00Z,66.08
2018-06-14T08:00:00Z,60
2018-06-14T09:00:00Z,59.26
2018-06-14T10:00:00Z,55.06
2018-06-14T11:00:00Z,49.77
2018-06-14T12:00:00Z,47.02
2018-06-14T13:00:00Z,45.08
2018-06-14T14:00:00Z,44
2018-06-14T15:00:00Z,52.85
2018-06-14T16:00:00Z,65.2
2018-06-14T17:00:00Z,65.2
2018-06-14T18:00:00Z,61.92
2018-06-14T19:00:00Z,58.2
2018-06-14T20:00:00Z,77.08
2018-06-14T21:00:00Z,67.94
2018-06-14T22:00:00Z,49.83
2018-06-14T23:00:00Z,40.03
2018-06-15T00:00:00Z,38.75
2018-06-15T01:00:00Z,41.92
2018-06-15T02:00:00Z,43.33
2018-06-15T03:00:00Z,43.3
2018-06-15T04:00:00Z,56.31
2018-06-15T05:00:00Z,59.92
2018-06-15T06:00:00Z,61.9
2018-06-15T07:00:00Z,63.85
2018-06-15T08:00:00Z,66.16
2018-06-15T09:00:00Z,65.63
2018-06-15T10:00:00Z,59.27
2018-06-15T11:00:00Z,62.88
2018-06-15T12:00:00Z,59.4
2018-06-15T13:00:00Z,55.55
2018-06-15T14:00:00Z,52.93
2018-06-15T15:00:00Z,66.48
2018-06-15T16:00:00Z,60.27
2018-06-15T17:00:00Z,56.35
2018-06-15T18:00:00Z,56.1
2018-06-15T19:00:00Z,60.25
2018-06-15T20:00:00Z,63.98
2018-06-15T21:00:00Z,58.08
2018-06-15T22:00:00Z,45.37
2018-06-15T23:00:00Z,43.03
2018-06-16T00:00:00Z,42.37
2018-06-16T01:00:00Z,42.06
2018-06-16T02:00:00Z,41.62
2018-06-16T03:00:00Z,42.65
2018-06-16T04:00:00Z,41.87
2018-06-16T05:00:00Z,43.52
2018-06-16T06:00:00Z,45.72
2018-06-16T07:00:00Z,44.11
2018-06-16T08:00:00Z,43.38
2018-06-16T09:00:00Z,43.34
2018-06-16T10:00:00Z,43.25
2018-06-16T11:00:00Z,42.8
2018-06-16T12:00:00Z,42.94
2018-06-16T13:00:00Z,42.76
2018-06-16T14:00:00Z,42.68
2018-06-16T15:00:00Z,42.47
2018-06-16T16:00:00Z,46.3
2018-06-16T17:00:00Z,46.8
2018-06-16T18:00:00Z,46.08
2018-06-16T19:00:00Z,46.08
2018-06-16T20:00:00Z,46.31
2018-06-16T21:00:00Z,50.1
2018-06-16T22:00:00Z,41.57
2018-06-16T23:00:00Z,37.85
2018-06-17T00:00:00Z,35
2018-06-17T01:00:00Z,28
2018-06-17T02:00:00Z,28
2018-06-17T03:00:00Z,17.65
2018-06-17T04:00:00Z,15.87
2018-06-17T05:00:00Z,28
2018-06-17T06:00:00Z,28
2018-06-17T07:00:00Z,39.4
2018-06-17T08:00:00Z,35.1
2018-06-17T09:00:00Z,30.1
2018-06-17T10:00:00Z,36.88
2018-06-17T11:00:00Z,34.9
2018-06-17T12:00:00Z,40
2018-06-17T13:00:00Z,34.9
2018-06-17T14:00:00Z,33
2018-06-17T15:00:00Z,41.61
2018-06-17T16:00:00Z,42
2018-06-17T17:00:00Z,47.17
2018-06-17T18:00:00Z,50.13
2018-06-17T19:00:00Z,51.42
2018-06-17T20:00:00Z,48.52
2018-06-17T21:00:00Z,45.87
2018-06-17T22:00:00Z,49.73
2018-06-17T23:00:00Z,37.01
2018-06-18T00:00:00Z,37.76
2018-06-18T01:00:00Z,36.49
2018-06-18T02:00:00Z,35.64
2018-06-18T03:00:00Z,36.63
2018-06-18T04:00:00Z,46.46
2018-06-18T05:00:00Z,54.05
2018-06-18T06:00:00Z,63.05
2018-06-18T07:00:00Z,77.63
2018-06-18T08:00:00Z,70.3
2018-06-18T09:00:00Z,70.09
2018-06-18T10:00:00Z,63.19
2018-06-18T11:00:00Z,55
2018-06-18T12:00:00Z,52.51
2018-06-18T13:00:00Z,51.15
2018-06-18T14:00:00Z,51.17
2018-06-18T15:00:00Z,52.51
2018-06-18T16:00:00Z,50.26
2018-06-18T17:00:00Z,52.84
2018-06-18T18:00:00Z,50.81
2018-06-18T19:00:00Z,50
2018-06-18T20:00:00Z,49.93
2018-06-18T21:00:00Z,45.24
2018-06-18T22:00:00Z,41.21
2018-06-18T23:00:00Z,40
2018-06-19T00:00:00Z,39.2
2018-06-19T01:00:00Z,39.17
2018-06-19T02:00:00Z,40
2018-06-19T03:00:00Z,37.27
2018-06-19T04:00:00Z,43.12
2018-06-19T05:00:00Z,50
2018-06-19T06:00:00Z,55.63
2018-06-19T07:00:00Z,66.16
2018-06-19T08:00:00Z,70
2018-06-19T09:00:00Z,75.12
2018-06-19T10:00:00Z,69.76
2018-06-19T11:00:00Z,65
2018-06-19T12:00:00Z,63.66
2018-06-19T13:00:00Z,56.08
2018-06-19T14:00:00Z,54
2018-06-19T15:00:00Z,54.34
2018-06-19T16:00:00Z,55.04
2018-06-19T17:00:00Z,59.01
2018-06-19T18:00:00Z,57.79
2018-06-19T19:00:00Z,54.9
2018-06-19T20:00:00Z,55.83
2018-06-19T21:00:00Z,48.96
2018-06-19T22:00:00Z,45.91
2018-06-19T23:00:00Z,41.09
2018-06-20T00:00:00Z,41.14
2018-06-20T01:00:00Z,42.06
2018-06-20T02:00:00Z,40.9
2018-06-20T03:00:00Z,42.62
2018-06-20T04:00:00Z,49.4
2018-06-20T05:00:00Z,57.07
2018-06-20T06:00:00Z,53.43
2018-06-20T07:00:00Z,58.87
2018-06-20T08:00:00Z,61.94
2018-06-20T09:00:00Z,57.58
2018-06-20T10:00:00Z,57.58
2018-06-20T11:00:00Z,58.18
2018-06-20T12:00:00Z,47
2018-06-20T13:00:00Z,44.9
2018-06-20T14:00:00Z,43.34
2018-06-20T15:00:00Z,52.4
2018-06-20T16:00:00Z,52.76
2018-06-20T17:00:00Z,59.06
2018-06-20T18:00:00Z,53.12
2018-06-20T19:00:00Z,58.69
2018-06-20T20:00:00Z,56.03
2018-06-20T21:00:00Z,53.15
2018-06-20T22:00:00Z,71.09
2018-06-20T23:00:00Z,42.42
2018-06-21T00:00:00Z,42.26
2018-06-21T01:00:00Z,41
2018-06-21T02:00:00Z,38.55
2018-06-21T03:00:00Z,35.39
2018-06-21T04:00:00Z,44.59
2018-06-21T05:00:00Z,56.28
2018-06-21T06:00:00Z,57.47
2018-06-21T07:00:00Z,66.24
2018-06-21T08:00:00Z,47.4
2018-06-21T09:00:00Z,53.91
2018-06-21T10:00:00Z,52.93
2018-06-21T11:00:00Z,44.82
2018-06-21T12:00:00Z,45
2018-06-21T13:00:00Z,45
2018-06-21T14:00:00Z,43.31
2018-06-21T15:00:00Z,43.29
2018-06-21T16:00:00Z,44.54
2018-06-21T17:00:00Z,47.78
2018-06-21T18:00:00Z,46.9
2018-06-21T19:00:00Z,41.71
2018-06-21T20:00:00Z,49.44
2018-06-21T21:00:00Z,52.33
2018-06-21T22:00:00Z,39.6
2018-06-21T23:00:00Z,39.5
2018-06-22T00:00:00Z,39.27
2018-06-22T01:00:00Z,39.29
2018-06-22T02:00:00Z,38.28
2018-06-22T03:00:00Z,37.91
2018-06-22T04:00:00Z,38.67
2018-06-22T05:00:00Z,40.1
2018-06-22T06:00:00Z,51.2
2018-06-22T07:00:00Z,64.59
2018-06-22T08:00:00Z,43.85
2018-06-22T09:00:00Z,43.39
2018-06-22T10:00:00Z,49.35
2018-06-22T11:00:00Z,50.19
2018-06-22T12:00:00Z,50.18
2018-06-22T13:00:00Z,49.41
2018-06-22T14:00:00Z,50.18
2018-06-22T15:00:00Z,61.29
2018-06-22T16:00:00Z,52.24
2018-06-22T17:00:00Z,44
2018-06-22T18:00:00Z,45
2018-06-22T19:00:00Z,41
2018-06-22T20:00:00Z,55.4
2018-06-22T21:00:00Z,47.59
2018-06-22T22:00:00Z,43.69
2018-06-22T23:00:00Z,39.31
2018-06-23T00:00:00Z,40.1
2018-06-23T01:00:00Z,38.2
2018-06-23T02:00:00Z,37.62
2018-06-23T03:00:00Z,37.12
2018-06-23T04:00:00Z,33.74
2018-06-23T05:00:00Z,34.9
2018-06-23T06:00:00Z,38.87
2018-06-23T07:00:00Z,43.42
2018-06-23T08:00:00Z,46.8
2018-06-23T09:00:00Z,60
2018-06-23T10:00:00Z,54.26
2018-06-23T11:00:00Z,48.78
2018-06-23T12:00:00Z,47
2018-06-23T13:00:00Z,42.36
2018-06-23T14:00:00Z,41.72
2018-06-23T15:00:00Z,43.14
2018-06-23T16:00:00Z,43.34
2018-06-23T17:00:00Z,43.93
2018-06-23T18:00:00Z,44.08
2018-06-23T19:00:00Z,44.01
2018-06-23T20:00:00Z,57.02
2018-06-23T21:00:00Z,63.85
2018-06-23T22:00:00Z,42.41
2018-06-23T23:00:00Z,39.1
2018-06-24T00:00:00Z,37.88
2018-06-24T01:00:00Z,37.05
2018-06-24T02:00:00Z,34.32
2018-06-24T03:00:00Z,34.46
2018-06-24T04:00:00Z,37.4
2018-06-24T05:00:00Z,34.66
2018-06-24T06:00:00Z,37.4
2018-06-24T07:00:00Z,39.9
2018-06-24T08:00:00Z,42.55
2018-06-24T09:00:00Z,42.93
2018-06-24T10:00:00Z,42.87
2018-06-24T11:00:00Z,42.73
2018-06-24T12:00:00Z,45.8
2018-06-24T13:00:00Z,42.4
2018-06-24T14:00:00Z,42.5
2018-06-24T15:00:00Z,42.65
2018-06-24T16:00:00Z,44.9
2018-06-24T17:00:00Z,48.46
2018-06-24T18:00:00Z,51.3
2018-06-24T19:00:00Z,53.35
2018-06-24T20:00:00Z,51.93
2018-06-24T21:00:00Z,44.72
2018-06-24T22:00:00Z,44.03
2018-06-24T23:00:00Z,43.12
2018-06-25T00:00:00Z,41.72
2018-06-25T01:00:00Z,41.89
2018-06-25T02:00:00Z,42.74
2018-06-25T03:00:00Z,44.46
2018-06-25T04:00:00Z,48.38
2018-06-25T05:00:00Z,54.95
2018-06-25T06:00:00Z,59.64
2018-06-25T07:00:00Z,64.29
2018-06-25T08:00:00Z,64.16
2018-06-25T09:00:00Z,57.4
2018-06-25T10:00:00Z,55.32
2018-06-25T11:00:00Z,50.97
2018-06-25T12:00:00Z,48.27
2018-06-25T13:00:00Z,47.88
2018-06-25T14:00:00Z,46.99
2018-06-25T15:00:00Z,69.7
2018-06-25T16:00:00Z,60.1
2018-06-25T17:00:00Z,64.19
2018-06-25T18:00:00Z,69.5
2018-06-25T19:00:00Z,48.87
2018-06-25T20:00:00Z,65
2018-06-25T21:00:00Z,57.54
2018-06-25T22:00:00Z,44.72
2018-06-25T23:00:00Z,42
2018-06-26T00:00:00Z,42.65
2018-06-26T01:00:00Z,42.93
2018-06-26T02:00:00Z,48.84
2018-06-26T03:00:00Z,44.78
2018-06-26T04:00:00Z,50.49
2018-06-26T05:00:00Z,64.35
2018-06-26T06:00:00Z,66.91
2018-06-26T07:00:00Z,71.75
2018-06-26T08:00:00Z,63
2018-06-26T09:00:00Z,59.6
2018-06-26T10:00:00Z,51.97
2018-06-26T11:00:00Z,50.27
2018-06-26T12:00:00Z,48.75
2018-06-26T13:00:00Z,48.93
2018-06-26T14:00:00Z,48.53
2018-06-26T15:00:00Z,49.99
2018-06-26T16:00:00Z,52.09
2018-06-26T17:00:00Z,58.46
2018-06-26T18:00:00Z,54
2018-06-26T19:00:00Z,50.94
2018-06-26T20:00:00Z,53
2018-06-26T21:00:00Z,52.91
2018-06-26T22:00:00Z,43.17
2018-06-26T23:00:00Z,41.94
2018-06-27T00:00:00Z,41.62
2018-06-27T01:00:00Z,41.1
2018-06-27T02:00:00Z,41.4
2018-06-27T03:00:00Z,43.48
2018-06-27T04:00:00Z,50.78
2018-06-27T05:00:00Z,56.78
2018-06-27T06:00:00Z,60.99
2018-06-27T07:00:00Z,65.55
2018-06-27T08:00:00Z,66.07
2018-06-27T09:00:00Z,61.67
2018-06-27T10:00:00Z,59.68
2018-06-27T11:00:00Z,62.15
2018-06-27T12:00:00Z,56.7
2018-06-27T13:00:00Z,55.02
2018-06-27T14:00:00Z,55.83
2018-06-27T15:00:00Z,59
2018-06-27T16:00:00Z,51.96
2018-06-27T17:00:00Z,55.01
2018-06-27T18:00:00Z,52.6
2018-06-27T19:00:00Z,50.02
2018-06-27T20:00:00Z,57.4
2018-06-27T21:00:00Z,49.9
2018-06-27T22:00:00Z,40
2018-06-27T23:00:00Z,40
2018-06-28T00:00:00Z,40.3
2018-06-28T01:00:00Z,38.21
2018-06-28T02:00:00Z,38.8
2018-06-28T03:00:00Z,38.08
2018-06-28T04:00:00Z,54.46
2018-06-28T05:00:00Z,58.63
2018-06-28T06:00:00Z,59.69
2018-06-28T07:00:00Z,62.34
2018-06-28T08:00:00Z,69.89
2018-06-28T09:00:00Z,63.51
2018-06-28T10:00:00Z,58.02
2018-06-28T11:00:00Z,53.95
2018-06-28T12:00:00Z,53.92
2018-06-28T13:00:00Z,53.87
2018-06-28T14:00:00Z,52.77
2018-06-28T15:00:00Z,48.95
2018-06-28T16:00:00Z,48.94
2018-06-28T17:00:00Z,52.27
2018-06-28T18:00:00Z,48.92
2018-06-28T19:00:00Z,47.29
2018-06-28T20:00:00Z,47.22
2018-06-28T21:00:00Z,44.32
2018-06-28T22:00:00Z,42
2018-06-28T23:00:00Z,41
2018-06-29T00:00:00Z,40
2018-06-29T01:00:00Z,40
2018-06-29T02:00:00Z,39.73
2018-06-29T03:00:00Z,38.7
2018-06-29T04:00:00Z,44.83
2018-06-29T05:00:00Z,54.38
2018-06-29T06:00:00Z,62.55
2018-06-29T07:00:00Z,56.98
2018-06-29T08:00:00Z,53.96
2018-06-29T09:00:00Z,59
2018-06-29T10:00:00Z,59.43
2018-06-29T11:00:00Z,53.76
2018-06-29T12:00:00Z,48.64
2018-06-29T13:00:00Z,47.97
2018-06-29T14:00:00Z,50.05
2018-06-29T15:00:00Z,52
2018-06-29T16:00:00Z,70.2
2018-06-29T17:00:00Z,57.4
2018-06-29T18:00:00Z,50.95
2018-06-29T19:00:00Z,49.86
2018-06-29T20:00:00Z,58.49
2018-06-29T21:00:00Z,53.6
2018-06-29T22:00:00Z,49.1
2018-06-29T23:00:00Z,46.97
2018-06-30T00:00:00Z,45.85
2018-06-30T01:00:00Z,42.09
2018-06-30T02:00:00Z,41.03
2018-06-30T03:00:00Z,41.79
2018-06-30T04:00:00Z,43.35
2018-06-30T05:00:00Z,46.03
2018-06-30T06:00:00Z,48.36
2018-06-30T07:00:00Z,49.19
2018-06-30T08:00:00Z,49.82
2018-06-30T09:00:00Z,49.5
2018-06-30T10:00:00Z,49.07
2018-06-30T11:00:00Z,44.86
2018-06-30T12:00:00Z,44.35
2018-06-30T13:00:00Z,43.98
2018-06-30T14:00:00Z,42.4
2018-06-30T15:00:00Z,45.5
2018-06-30T16:00:00Z,49.19
2018-06-30T17:00:00Z,50.14
2018-06-30T18:00:00Z,49.75
2018-06-30T19:00:00Z,47.51
2018-06-30T20:00:00Z,48.94
2018-06-30T21:00:00Z,47.39
2018-06-30T22:00:00Z,45.28
2018-06-30T23:00:00Z,39
