route_id,vervoerder_id,vervoerder,modaliteit,lijn
134842,ALLGO,allGo (Keolis),bus,326
134844,ALLGO,allGo (Keolis),bus,330
134845,ALLGO,allGo (Keolis),bus,N22
134846,ALLGO,allGo (Keolis),bus,N23
134847,ALLGO,allGo (Keolis),bus,M1
134848,ALLGO,allGo (Keolis),bus,M2
134849,ALLGO,allGo (Keolis),bus,M3
134850,ALLGO,allGo (Keolis),bus,M4
134851,ALLGO,allGo (Keolis),bus,M5
134852,ALLGO,allGo (Keolis),bus,M6
134853,ALLGO,allGo (Keolis),bus,M7
134855,ALLGO,allGo (Keolis),bus,22
134856,ALLGO,allGo (Keolis),bus,24
140855,ALLGO,allGo (Keolis),bus,28
141883,ALLGO,allGo (Keolis),bus,329
145343,ALLGO,allGo (Keolis),bus,M8
160119,ARR,Arriva,bus,539
160123,ARR,Arriva,bus,79
162541,ARR,Arriva,bus,67
162542,ARR,Arriva,bus,68
162543,ARR,Arriva,bus,70
162544,ARR,Arriva,bus,71
162545,ARR,Arriva,bus,72
162546,ARR,Arriva,bus,73
162547,ARR,Arriva,bus,84
162548,ARR,Arriva,bus,85
162549,ARR,Arriva,bus,87
162550,ARR,Arriva,bus,88
162551,ARR,Arriva,bus,89
162552,ARR,Arriva,bus,279
162553,ARR,Arriva,bus,289
162554,ARR,Arriva,bus,298
162555,ARR,Arriva,bus,1
162556,ARR,Arriva,bus,383
162557,ARR,Arriva,bus,81
162558,ARR,Arriva,bus,5
162559,ARR,Arriva,bus,1
162560,ARR,Arriva,bus,2
162561,ARR,Arriva,bus,1
162562,ARR,Arriva,bus,80
162563,ARR,Arriva,bus,3
162564,ARR,Arriva,bus,79
162566,ARR,Arriva,bus,78
162567,ARR,Arriva,bus,77
162570,ARR,Arriva,bus,76
162571,ARR,Arriva,bus,75
162572,ARR,Arriva,bus,794
162573,ARR,Arriva,bus,74
162574,ARR,Arriva,bus,66
162575,ARR,Arriva,bus,881
162576,ARR,Arriva,bus,1
162577,ARR,Arriva,bus,2
162578,ARR,Arriva,bus,3
162579,ARR,Arriva,bus,4
162580,ARR,Arriva,bus,63
162581,ARR,Arriva,bus,62
162582,ARR,Arriva,bus,7
162583,ARR,Arriva,bus,8
162584,ARR,Arriva,bus,9
162586,ARR,Arriva,bus,11
162587,ARR,Arriva,bus,12
162588,ARR,Arriva,bus,13
162589,ARR,Arriva,bus,15
162590,ARR,Arriva,bus,16
162591,ARR,Arriva,bus,17
162592,ARR,Arriva,bus,61
162593,ARR,Arriva,bus,60
162594,ARR,Arriva,bus,28
162595,ARR,Arriva,bus,30
162596,ARR,Arriva,bus,32
162597,ARR,Arriva,bus,35
162598,ARR,Arriva,bus,36
162599,ARR,Arriva,bus,47
162600,ARR,Arriva,bus,52
162602,ARR,Arriva,bus,56
162603,ARR,Arriva,bus,5
162604,ARR,Arriva,bus,6
162605,ARR,Arriva,bus,7
162606,ARR,Arriva,bus,8
162607,ARR,Arriva,bus,9
162609,ARR,Arriva,bus,321
162610,ARR,Arriva,bus,322
162611,ARR,Arriva,bus,332
162612,ARR,Arriva,bus,337
162613,ARR,Arriva,bus,340
162614,ARR,Arriva,bus,350
162615,ARR,Arriva,bus,1
162616,ARR,Arriva,bus,3
162617,ARR,Arriva,bus,4
162632,ARR,Arriva,bus,791
162633,ARR,Arriva,bus,797
162634,ARR,Arriva,bus,SB3
162635,ARR,Arriva,bus,805
162636,ARR,Arriva,bus,1
162637,ARR,Arriva,bus,3
162673,ARR,Arriva,bus,3
162675,ARR,Arriva,bus,2
162676,ARR,Arriva,bus,4
162677,ARR,Arriva,bus,86
162678,ARR,Arriva,bus,2
162679,ARR,Arriva,bus,4
162694,ARR,Arriva,bus,790
162697,ARR,Arriva,bus,796
162699,ARR,Arriva,bus,811
162700,ARR,Arriva,bus,5
162703,ARR,Arriva,bus,6
162706,ARR,Arriva,bus,18
162707,ARR,Arriva,bus,27
162712,ARR,Arriva,bus,33
162714,ARR,Arriva,bus,37
162719,ARR,Arriva,bus,39
162721,ARR,Arriva,bus,40
162723,ARR,Arriva,bus,43
162724,ARR,Arriva,bus,44
162725,ARR,Arriva,bus,51
162726,ARR,Arriva,bus,53
162727,ARR,Arriva,bus,54
162728,ARR,Arriva,bus,55
162729,ARR,Arriva,bus,57
162730,ARR,Arriva,bus,59
162731,ARR,Arriva,bus,149
162732,ARR,Arriva,bus,1
162733,ARR,Arriva,bus,2
162734,ARR,Arriva,bus,3
162735,ARR,Arriva,bus,4
162740,ARR,Arriva,bus,723
162978,ARR,Arriva,bus,674
162979,ARR,Arriva,bus,679
162980,ARR,Arriva,bus,683
162981,ARR,Arriva,bus,684
162982,ARR,Arriva,bus,687
162983,ARR,Arriva,bus,615
162990,ARR,Arriva,bus,672
162991,ARR,Arriva,bus,603
162993,ARR,Arriva,bus,611
162994,ARR,Arriva,bus,616
162995,ARR,Arriva,bus,618
162997,ARR,Arriva,bus,643
162998,ARR,Arriva,bus,647
162999,ARR,Arriva,bus,650
163000,ARR,Arriva,bus,657
163001,ARR,Arriva,bus,658
163002,ARR,Arriva,bus,659
163004,ARR,Arriva,bus,601
163005,ARR,Arriva,bus,606
163006,ARR,Arriva,bus,617
163007,ARR,Arriva,bus,632
163008,ARR,Arriva,bus,637
163009,ARR,Arriva,bus,639
163010,ARR,Arriva,bus,655
163103,ARR,Arriva,bus,10
163104,ARR,Arriva,bus,10
160725,BN,Blauwnet,bus,822
160726,BN,Blauwnet,bus,823
160449,BRAVO,Bravo,bus,619
161428,BRAVO:ARR,Bravo (Arriva),bus,3
161434,BRAVO:ARR,Bravo (Arriva),bus,12
161436,BRAVO:ARR,Bravo (Arriva),bus,500
161437,BRAVO:ARR,Bravo (Arriva),bus,502
161443,BRAVO:ARR,Bravo (Arriva),bus,4
161444,BRAVO:ARR,Bravo (Arriva),bus,9
161445,BRAVO:ARR,Bravo (Arriva),bus,11
161446,BRAVO:ARR,Bravo (Arriva),bus,161
161448,BRAVO:ARR,Bravo (Arriva),bus,162
161449,BRAVO:ARR,Bravo (Arriva),bus,163
161450,BRAVO:ARR,Bravo (Arriva),bus,164
161451,BRAVO:ARR,Bravo (Arriva),bus,180
161452,BRAVO:ARR,Bravo (Arriva),bus,200
161453,BRAVO:ARR,Bravo (Arriva),bus,205
161454,BRAVO:ARR,Bravo (Arriva),bus,208
161455,BRAVO:ARR,Bravo (Arriva),bus,210
161456,BRAVO:ARR,Bravo (Arriva),bus,213
161457,BRAVO:ARR,Bravo (Arriva),bus,214
161458,BRAVO:ARR,Bravo (Arriva),bus,216
161459,BRAVO:ARR,Bravo (Arriva),bus,220
161460,BRAVO:ARR,Bravo (Arriva),bus,221
161461,BRAVO:ARR,Bravo (Arriva),bus,223
161462,BRAVO:ARR,Bravo (Arriva),bus,224
161463,BRAVO:ARR,Bravo (Arriva),bus,225
161464,BRAVO:ARR,Bravo (Arriva),bus,226
161466,BRAVO:ARR,Bravo (Arriva),bus,228
161467,BRAVO:ARR,Bravo (Arriva),bus,229
161478,BRAVO:ARR,Bravo (Arriva),bus,1
161479,BRAVO:ARR,Bravo (Arriva),bus,2
161480,BRAVO:ARR,Bravo (Arriva),bus,5
161481,BRAVO:ARR,Bravo (Arriva),bus,8
161482,BRAVO:ARR,Bravo (Arriva),bus,170
161483,BRAVO:ARR,Bravo (Arriva),bus,173
161484,BRAVO:ARR,Bravo (Arriva),bus,175
161485,BRAVO:ARR,Bravo (Arriva),bus,176
161486,BRAVO:ARR,Bravo (Arriva),bus,177
161487,BRAVO:ARR,Bravo (Arriva),bus,206
161488,BRAVO:ARR,Bravo (Arriva),bus,211
161489,BRAVO:ARR,Bravo (Arriva),bus,212
161490,BRAVO:ARR,Bravo (Arriva),bus,215
161492,BRAVO:ARR,Bravo (Arriva),bus,218
161494,BRAVO:ARR,Bravo (Arriva),bus,219
161496,BRAVO:ARR,Bravo (Arriva),bus,227
161500,BRAVO:ARR,Bravo (Arriva),bus,171
161501,BRAVO:ARR,Bravo (Arriva),bus,172
162528,BRAVO:ARR,Bravo (Arriva),bus,82
162889,BRAVO:ARR,Bravo (Arriva),bus,692
162890,BRAVO:ARR,Bravo (Arriva),bus,690
162891,BRAVO:ARR,Bravo (Arriva),bus,662
162892,BRAVO:ARR,Bravo (Arriva),bus,655
162893,BRAVO:ARR,Bravo (Arriva),bus,644
162894,BRAVO:ARR,Bravo (Arriva),bus,643
162895,BRAVO:ARR,Bravo (Arriva),bus,639
162896,BRAVO:ARR,Bravo (Arriva),bus,638
162897,BRAVO:ARR,Bravo (Arriva),bus,637
162898,BRAVO:ARR,Bravo (Arriva),bus,605
162899,BRAVO:ARR,Bravo (Arriva),bus,602
162900,BRAVO:ARR,Bravo (Arriva),bus,601
162901,BRAVO:ARR,Bravo (Arriva),bus,306
162902,BRAVO:ARR,Bravo (Arriva),bus,305
162903,BRAVO:ARR,Bravo (Arriva),bus,296
162904,BRAVO:ARR,Bravo (Arriva),bus,295
162905,BRAVO:ARR,Bravo (Arriva),bus,294
162906,BRAVO:ARR,Bravo (Arriva),bus,293
162907,BRAVO:ARR,Bravo (Arriva),bus,292
162908,BRAVO:ARR,Bravo (Arriva),bus,262
162909,BRAVO:ARR,Bravo (Arriva),bus,251
162910,BRAVO:ARR,Bravo (Arriva),bus,242
162911,BRAVO:ARR,Bravo (Arriva),bus,239
162912,BRAVO:ARR,Bravo (Arriva),bus,207
162913,BRAVO:ARR,Bravo (Arriva),bus,204
162914,BRAVO:ARR,Bravo (Arriva),bus,203
162915,BRAVO:ARR,Bravo (Arriva),bus,158
162916,BRAVO:ARR,Bravo (Arriva),bus,157
162917,BRAVO:ARR,Bravo (Arriva),bus,156
162918,BRAVO:ARR,Bravo (Arriva),bus,154
162919,BRAVO:ARR,Bravo (Arriva),bus,143
162920,BRAVO:ARR,Bravo (Arriva),bus,142
162921,BRAVO:ARR,Bravo (Arriva),bus,141
162922,BRAVO:ARR,Bravo (Arriva),bus,140
162923,BRAVO:ARR,Bravo (Arriva),bus,136
162924,BRAVO:ARR,Bravo (Arriva),bus,96
162925,BRAVO:ARR,Bravo (Arriva),bus,7
162926,BRAVO:ARR,Bravo (Arriva),bus,6
162927,BRAVO:ARR,Bravo (Arriva),bus,5
162928,BRAVO:ARR,Bravo (Arriva),bus,4
162929,BRAVO:ARR,Bravo (Arriva),bus,3
162930,BRAVO:ARR,Bravo (Arriva),bus,2
162931,BRAVO:ARR,Bravo (Arriva),bus,1
162932,BRAVO:ARR,Bravo (Arriva),bus,80
162933,BRAVO:ARR,Bravo (Arriva),bus,1
162934,BRAVO:ARR,Bravo (Arriva),bus,8
162935,BRAVO:ARR,Bravo (Arriva),bus,9
162936,BRAVO:ARR,Bravo (Arriva),bus,800
162937,BRAVO:ARR,Bravo (Arriva),bus,7
162938,BRAVO:ARR,Bravo (Arriva),bus,301
162939,BRAVO:ARR,Bravo (Arriva),bus,300
162940,BRAVO:ARR,Bravo (Arriva),bus,299
162941,BRAVO:ARR,Bravo (Arriva),bus,289
162942,BRAVO:ARR,Bravo (Arriva),bus,257
162943,BRAVO:ARR,Bravo (Arriva),bus,256
162944,BRAVO:ARR,Bravo (Arriva),bus,255
162945,BRAVO:ARR,Bravo (Arriva),bus,254
162946,BRAVO:ARR,Bravo (Arriva),bus,253
162947,BRAVO:ARR,Bravo (Arriva),bus,250
162948,BRAVO:ARR,Bravo (Arriva),bus,238
162949,BRAVO:ARR,Bravo (Arriva),bus,137
162950,BRAVO:ARR,Bravo (Arriva),bus,135
162951,BRAVO:ARR,Bravo (Arriva),bus,131
162952,BRAVO:ARR,Bravo (Arriva),bus,99
162953,BRAVO:ARR,Bravo (Arriva),bus,181
162954,BRAVO:ARR,Bravo (Arriva),bus,92
162955,BRAVO:ARR,Bravo (Arriva),bus,91
162956,BRAVO:ARR,Bravo (Arriva),bus,90
162958,BRAVO:ARR,Bravo (Arriva),bus,70
162959,BRAVO:ARR,Bravo (Arriva),bus,60
162960,BRAVO:ARR,Bravo (Arriva),bus,11
162961,BRAVO:ARR,Bravo (Arriva),bus,10
162962,BRAVO:ARR,Bravo (Arriva),bus,9
162963,BRAVO:ARR,Bravo (Arriva),bus,8
162964,BRAVO:ARR,Bravo (Arriva),bus,2
162965,BRAVO:ARR,Bravo (Arriva),bus,3
162966,BRAVO:ARR,Bravo (Arriva),bus,4
162967,BRAVO:ARR,Bravo (Arriva),bus,5
162968,BRAVO:ARR,Bravo (Arriva),bus,6
162969,BRAVO:ARR,Bravo (Arriva),bus,7
162970,BRAVO:ARR,Bravo (Arriva),bus,801
162971,BRAVO:ARR,Bravo (Arriva),bus,360
162972,BRAVO:ARR,Bravo (Arriva),bus,371
162973,BRAVO:ARR,Bravo (Arriva),bus,374
162974,BRAVO:ARR,Bravo (Arriva),bus,375
162975,BRAVO:ARR,Bravo (Arriva),bus,682
162976,BRAVO:ARR,Bravo (Arriva),bus,174
162984,BRAVO:ARR,Bravo (Arriva),bus,361
162985,BRAVO:ARR,Bravo (Arriva),bus,370
162986,BRAVO:ARR,Bravo (Arriva),bus,372
162987,BRAVO:ARR,Bravo (Arriva),bus,373
162988,BRAVO:ARR,Bravo (Arriva),bus,683
162989,BRAVO:ARR,Bravo (Arriva),bus,684
162996,BRAVO:ARR,Bravo (Arriva),bus,380
160396,BRAVO:CXX,Bravo (Hermes),bus,2
160397,BRAVO:CXX,Bravo (Hermes),bus,3
160398,BRAVO:CXX,Bravo (Hermes),bus,4
160399,BRAVO:CXX,Bravo (Hermes),bus,5
160400,BRAVO:CXX,Bravo (Hermes),bus,6
160401,BRAVO:CXX,Bravo (Hermes),bus,7
160402,BRAVO:CXX,Bravo (Hermes),bus,8
160403,BRAVO:CXX,Bravo (Hermes),bus,9
160404,BRAVO:CXX,Bravo (Hermes),bus,10
160405,BRAVO:CXX,Bravo (Hermes),bus,11
160406,BRAVO:CXX,Bravo (Hermes),bus,12
160407,BRAVO:CXX,Bravo (Hermes),bus,14
160408,BRAVO:CXX,Bravo (Hermes),bus,15
160409,BRAVO:CXX,Bravo (Hermes),bus,16
160410,BRAVO:CXX,Bravo (Hermes),bus,17
160411,BRAVO:CXX,Bravo (Hermes),bus,18
160412,BRAVO:CXX,Bravo (Hermes),bus,19
160413,BRAVO:CXX,Bravo (Hermes),bus,20
160414,BRAVO:CXX,Bravo (Hermes),bus,21
160415,BRAVO:CXX,Bravo (Hermes),bus,23
160416,BRAVO:CXX,Bravo (Hermes),bus,24
160417,BRAVO:CXX,Bravo (Hermes),bus,25
160418,BRAVO:CXX,Bravo (Hermes),bus,26
160419,BRAVO:CXX,Bravo (Hermes),bus,28
160420,BRAVO:CXX,Bravo (Hermes),bus,51
160421,BRAVO:CXX,Bravo (Hermes),bus,52
160422,BRAVO:CXX,Bravo (Hermes),bus,53
160423,BRAVO:CXX,Bravo (Hermes),bus,54
160424,BRAVO:CXX,Bravo (Hermes),bus,55
160425,BRAVO:CXX,Bravo (Hermes),bus,114
160426,BRAVO:CXX,Bravo (Hermes),bus,119
160427,BRAVO:CXX,Bravo (Hermes),bus,120
160428,BRAVO:CXX,Bravo (Hermes),bus,123
160429,BRAVO:CXX,Bravo (Hermes),bus,150
160430,BRAVO:CXX,Bravo (Hermes),bus,317
160431,BRAVO:CXX,Bravo (Hermes),bus,318
160432,BRAVO:CXX,Bravo (Hermes),bus,319
160433,BRAVO:CXX,Bravo (Hermes),bus,320
160434,BRAVO:CXX,Bravo (Hermes),bus,321
160435,BRAVO:CXX,Bravo (Hermes),bus,322
160436,BRAVO:CXX,Bravo (Hermes),bus,323
160437,BRAVO:CXX,Bravo (Hermes),bus,324
160438,BRAVO:CXX,Bravo (Hermes),bus,400
160439,BRAVO:CXX,Bravo (Hermes),bus,401
160440,BRAVO:CXX,Bravo (Hermes),bus,402
160441,BRAVO:CXX,Bravo (Hermes),bus,403
160442,BRAVO:CXX,Bravo (Hermes),bus,404
160443,BRAVO:CXX,Bravo (Hermes),bus,405
160444,BRAVO:CXX,Bravo (Hermes),bus,406
160445,BRAVO:CXX,Bravo (Hermes),bus,407
160446,BRAVO:CXX,Bravo (Hermes),bus,408
160447,BRAVO:CXX,Bravo (Hermes),bus,610
160448,BRAVO:CXX,Bravo (Hermes),bus,614
160450,BRAVO:CXX,Bravo (Hermes),bus,656
163019,BRENG,Breng,bus,58
146848,CXX,Connexxion,bus,500
146932,CXX,Connexxion,bus,2
146933,CXX,Connexxion,bus,4
146934,CXX,Connexxion,bus,5
146935,CXX,Connexxion,bus,6
146936,CXX,Connexxion,bus,8
146937,CXX,Connexxion,bus,9
146938,CXX,Connexxion,bus,10
146939,CXX,Connexxion,bus,14
146941,CXX,Connexxion,bus,30
146942,CXX,Connexxion,bus,31
146944,CXX,Connexxion,bus,33
146945,CXX,Connexxion,bus,34
146946,CXX,Connexxion,bus,N50
146947,CXX,Connexxion,bus,N60
146948,CXX,Connexxion,bus,123
146949,CXX,Connexxion,bus,128
146950,CXX,Connexxion,bus,129
146951,CXX,Connexxion,bus,131
146952,CXX,Connexxion,bus,132
146953,CXX,Connexxion,bus,133
146954,CXX,Connexxion,bus,134
146955,CXX,Connexxion,bus,135
146956,CXX,Connexxion,bus,136
146957,CXX,Connexxion,bus,138
146958,CXX,Connexxion,bus,139
146959,CXX,Connexxion,bus,141
146960,CXX,Connexxion,bus,142
146961,CXX,Connexxion,bus,143
146962,CXX,Connexxion,bus,151
146963,CXX,Connexxion,bus,152
146965,CXX,Connexxion,bus,157
146966,CXX,Connexxion,bus,158
146967,CXX,Connexxion,bus,160
146968,CXX,Connexxion,bus,162
146969,CXX,Connexxion,bus,163
146970,CXX,Connexxion,bus,164
146971,CXX,Connexxion,bus,165
146972,CXX,Connexxion,bus,166
146973,CXX,Connexxion,bus,167
146974,CXX,Connexxion,bus,169
146975,CXX,Connexxion,bus,235
146976,CXX,Connexxion,bus,239
146977,CXX,Connexxion,bus,251
146978,CXX,Connexxion,bus,260
146979,CXX,Connexxion,bus,269
146980,CXX,Connexxion,bus,406
146981,CXX,Connexxion,bus,407
146982,CXX,Connexxion,bus,408
146983,CXX,Connexxion,bus,409
146984,CXX,Connexxion,bus,410
146985,CXX,Connexxion,bus,411
146986,CXX,Connexxion,bus,412
146987,CXX,Connexxion,bus,415
146988,CXX,Connexxion,bus,416
146989,CXX,Connexxion,bus,417
146990,CXX,Connexxion,bus,438
146991,CXX,Connexxion,bus,606
146992,CXX,Connexxion,bus,612
146993,CXX,Connexxion,bus,617
147019,CXX,Connexxion,bus,2
147020,CXX,Connexxion,bus,3
147021,CXX,Connexxion,bus,4
147022,CXX,Connexxion,bus,7
147023,CXX,Connexxion,bus,8
147024,CXX,Connexxion,bus,9
147025,CXX,Connexxion,bus,12
147026,CXX,Connexxion,bus,14
147027,CXX,Connexxion,bus,15
147028,CXX,Connexxion,bus,71
147029,CXX,Connexxion,bus,72
147030,CXX,Connexxion,bus,73
147031,CXX,Connexxion,bus,74
147032,CXX,Connexxion,bus,75
147033,CXX,Connexxion,bus,76
147034,CXX,Connexxion,bus,78
147035,CXX,Connexxion,bus,80
147036,CXX,Connexxion,bus,81
147038,CXX,Connexxion,bus,N80
147039,CXX,Connexxion,bus,382
147040,CXX,Connexxion,bus,385
147041,CXX,Connexxion,bus,481
147042,CXX,Connexxion,bus,567
147043,CXX,Connexxion,bus,568
147044,CXX,Connexxion,bus,569
147045,CXX,Connexxion,bus,572
147046,CXX,Connexxion,bus,680
147244,CXX,Connexxion,bus,102
147245,CXX,Connexxion,bus,107
147246,CXX,Connexxion,bus,108
147247,CXX,Connexxion,bus,209
147248,CXX,Connexxion,bus,602
147249,CXX,Connexxion,bus,603
147250,CXX,Connexxion,bus,618
147251,CXX,Connexxion,bus,619
147252,CXX,Connexxion,bus,622
147253,CXX,Connexxion,bus,1
147254,CXX,Connexxion,bus,5
147257,CXX,Connexxion,bus,19
147258,CXX,Connexxion,bus,20
147259,CXX,Connexxion,bus,23
147260,CXX,Connexxion,bus,27
147261,CXX,Connexxion,bus,31
147262,CXX,Connexxion,bus,42
147263,CXX,Connexxion,bus,50
147264,CXX,Connexxion,bus,52
147265,CXX,Connexxion,bus,53
147266,CXX,Connexxion,bus,56
147268,CXX,Connexxion,bus,58
147269,CXX,Connexxion,bus,65
147270,CXX,Connexxion,bus,132
147271,CXX,Connexxion,bus,133
147272,CXX,Connexxion,bus,184
147273,CXX,Connexxion,bus,185
147275,CXX,Connexxion,bus,395
147276,CXX,Connexxion,bus,507
147278,CXX,Connexxion,bus,513
147281,CXX,Connexxion,bus,580
147282,CXX,Connexxion,bus,581
147283,CXX,Connexxion,bus,582
147284,CXX,Connexxion,bus,583
147285,CXX,Connexxion,bus,584
147286,CXX,Connexxion,bus,589
147287,CXX,Connexxion,bus,594
147288,CXX,Connexxion,bus,595
147289,CXX,Connexxion,bus,596
147290,CXX,Connexxion,bus,597
147291,CXX,Connexxion,bus,598
147292,CXX,Connexxion,bus,599
147293,CXX,Connexxion,bus,601
147294,CXX,Connexxion,bus,606
147295,CXX,Connexxion,bus,607
147298,CXX,Connexxion,bus,623
147299,CXX,Connexxion,bus,628
147300,CXX,Connexxion,bus,629
147301,CXX,Connexxion,bus,631
147302,CXX,Connexxion,bus,632
147303,CXX,Connexxion,bus,633
147304,CXX,Connexxion,bus,634
147305,CXX,Connexxion,bus,638
147306,CXX,Connexxion,bus,639
147308,CXX,Connexxion,bus,643
147309,CXX,Connexxion,bus,644
147310,CXX,Connexxion,bus,645
147311,CXX,Connexxion,bus,646
147312,CXX,Connexxion,bus,647
147313,CXX,Connexxion,bus,660
147314,CXX,Connexxion,bus,N30
147315,CXX,Connexxion,bus,N47
147316,CXX,Connexxion,bus,N57
147317,CXX,Connexxion,bus,N90
147318,CXX,Connexxion,bus,N97
147320,CXX,Connexxion,bus,160
147321,CXX,Connexxion,bus,161
147322,CXX,Connexxion,bus,162
147326,CXX,Connexxion,bus,171
147327,CXX,Connexxion,bus,174
147328,CXX,Connexxion,bus,178
147329,CXX,Connexxion,bus,180
147330,CXX,Connexxion,bus,181
147331,CXX,Connexxion,bus,185
147332,CXX,Connexxion,bus,186
147333,CXX,Connexxion,bus,190
147334,CXX,Connexxion,bus,191
147335,CXX,Connexxion,bus,194
147336,CXX,Connexxion,bus,195
147337,CXX,Connexxion,bus,198
147338,CXX,Connexxion,bus,199
147339,CXX,Connexxion,bus,200
147340,CXX,Connexxion,bus,244
147341,CXX,Connexxion,bus,255
147342,CXX,Connexxion,bus,257
147343,CXX,Connexxion,bus,271
147344,CXX,Connexxion,bus,274
147345,CXX,Connexxion,bus,287
147346,CXX,Connexxion,bus,300
147347,CXX,Connexxion,bus,340
147348,CXX,Connexxion,bus,341
147349,CXX,Connexxion,bus,343
147350,CXX,Connexxion,bus,346
147351,CXX,Connexxion,bus,356
147352,CXX,Connexxion,bus,357
147353,CXX,Connexxion,bus,397
147357,CXX,Connexxion,bus,645
147358,CXX,Connexxion,bus,149
147359,CXX,Connexxion,bus,163
147360,CXX,Connexxion,bus,164
147970,CXX,Connexxion,bus,641
148120,CXX,Connexxion,bus,153
150224,CXX,Connexxion,bus,610
150399,CXX,Connexxion,bus,32
153943,CXX,Connexxion,bus,511
153944,CXX,Connexxion,bus,515
153945,CXX,Connexxion,bus,569
153946,CXX,Connexxion,bus,28
154169,CXX,Connexxion,bus,401
154224,CXX,Connexxion,bus,858
155702,CXX,Connexxion,bus,232
155703,CXX,Connexxion,bus,630
160547,CXX,Connexxion,bus,169
161155,CXX,Connexxion,bus,OVoM
161156,CXX,Connexxion,bus,OVoM
161157,CXX,Connexxion,bus,OVoM
161185,CXX,Connexxion,bus,TXL
161186,CXX,Connexxion,bus,OVoM
161187,CXX,Connexxion,bus,OVoM
161528,CXX,Connexxion,bus,650
149609,DELIJN,De Lijn,bus,32
149610,DELIJN,De Lijn,bus,32
149611,DELIJN,De Lijn,bus,11
149612,DELIJN,De Lijn,bus,111
149613,DELIJN,De Lijn,bus,209
149614,DELIJN,De Lijn,bus,21
149615,DELIJN,De Lijn,bus,21
149616,DELIJN,De Lijn,bus,212
149617,DELIJN,De Lijn,bus,379
149618,DELIJN,De Lijn,bus,379
149619,DELIJN,De Lijn,bus,380
149620,DELIJN,De Lijn,bus,380
149621,DELIJN,De Lijn,bus,383
149624,DELIJN,De Lijn,bus,408
149625,DELIJN,De Lijn,bus,413
149626,DELIJN,De Lijn,bus,413
149627,DELIJN,De Lijn,bus,416
149628,DELIJN,De Lijn,bus,416
149629,DELIJN,De Lijn,bus,X41
149630,DELIJN,De Lijn,bus,X41
149631,DELIJN,De Lijn,bus,43a
149632,DELIJN,De Lijn,bus,43a
149633,DELIJN,De Lijn,bus,43b
149634,DELIJN,De Lijn,bus,43b
149635,DELIJN,De Lijn,bus,433
149636,DELIJN,De Lijn,bus,433
149637,DELIJN,De Lijn,bus,434
149638,DELIJN,De Lijn,bus,434
149639,DELIJN,De Lijn,bus,435
149640,DELIJN,De Lijn,bus,435
149641,DELIJN,De Lijn,bus,437
149642,DELIJN,De Lijn,bus,437
149643,DELIJN,De Lijn,bus,438
149644,DELIJN,De Lijn,bus,438
149645,DELIJN,De Lijn,bus,439
149646,DELIJN,De Lijn,bus,439
149647,DELIJN,De Lijn,bus,441
149648,DELIJN,De Lijn,bus,443
149650,DELIJN,De Lijn,bus,446
149651,DELIJN,De Lijn,bus,446
149654,DELIJN,De Lijn,bus,45
149655,DELIJN,De Lijn,bus,45
149656,DELIJN,De Lijn,bus,454
149657,DELIJN,De Lijn,bus,454
149658,DELIJN,De Lijn,bus,455
149659,DELIJN,De Lijn,bus,455
149660,DELIJN,De Lijn,bus,456
149661,DELIJN,De Lijn,bus,456
149662,DELIJN,De Lijn,bus,457
149663,DELIJN,De Lijn,bus,457
149664,DELIJN,De Lijn,bus,458
149665,DELIJN,De Lijn,bus,458
149666,DELIJN,De Lijn,bus,459
149668,DELIJN,De Lijn,bus,46
149669,DELIJN,De Lijn,bus,46
149670,DELIJN,De Lijn,bus,461
149671,DELIJN,De Lijn,bus,461
149672,DELIJN,De Lijn,bus,47
149673,DELIJN,De Lijn,bus,47
149675,DELIJN,De Lijn,bus,48
149676,DELIJN,De Lijn,bus,48
149677,DELIJN,De Lijn,bus,49
149678,DELIJN,De Lijn,bus,49
149679,DELIJN,De Lijn,bus,60
149680,DELIJN,De Lijn,bus,60
149682,DELIJN,De Lijn,bus,601
149683,DELIJN,De Lijn,bus,604
149684,DELIJN,De Lijn,bus,604
149685,DELIJN,De Lijn,bus,608
149686,DELIJN,De Lijn,bus,608
149687,DELIJN,De Lijn,bus,609
149688,DELIJN,De Lijn,bus,609
149689,DELIJN,De Lijn,bus,62
149690,DELIJN,De Lijn,bus,62
149692,DELIJN,De Lijn,bus,64
149693,DELIJN,De Lijn,bus,64
149694,DELIJN,De Lijn,bus,X64
149695,DELIJN,De Lijn,bus,X64
149698,DELIJN,De Lijn,bus,645
149699,DELIJN,De Lijn,bus,649
149700,DELIJN,De Lijn,bus,649
149701,DELIJN,De Lijn,bus,65
149702,DELIJN,De Lijn,bus,65
149703,DELIJN,De Lijn,bus,659
149704,DELIJN,De Lijn,bus,66
149705,DELIJN,De Lijn,bus,66
149708,DELIJN,De Lijn,bus,671
149709,DELIJN,De Lijn,bus,671
149712,DELIJN,De Lijn,bus,675
149713,DELIJN,De Lijn,bus,675
149714,DELIJN,De Lijn,bus,679
149715,DELIJN,De Lijn,bus,679
149716,DELIJN,De Lijn,bus,69
149717,DELIJN,De Lijn,bus,69
149718,DELIJN,De Lijn,bus,70
149719,DELIJN,De Lijn,bus,70
149720,DELIJN,De Lijn,bus,X70
149721,DELIJN,De Lijn,bus,X70
149722,DELIJN,De Lijn,bus,707
149723,DELIJN,De Lijn,bus,707
149724,DELIJN,De Lijn,bus,708
149725,DELIJN,De Lijn,bus,708
149726,DELIJN,De Lijn,bus,709
149727,DELIJN,De Lijn,bus,709
149728,DELIJN,De Lijn,bus,X71
149729,DELIJN,De Lijn,bus,X71
149730,DELIJN,De Lijn,bus,718
149731,DELIJN,De Lijn,bus,718
149732,DELIJN,De Lijn,bus,719
149733,DELIJN,De Lijn,bus,719
149734,DELIJN,De Lijn,bus,72
149735,DELIJN,De Lijn,bus,72
149736,DELIJN,De Lijn,bus,73
149737,DELIJN,De Lijn,bus,73
149743,DELIJN,De Lijn,bus,21
149744,DELIJN,De Lijn,bus,21
149749,DELIJN,De Lijn,bus,31
149750,DELIJN,De Lijn,bus,31
149751,DELIJN,De Lijn,bus,36
149752,DELIJN,De Lijn,bus,36
149755,DELIJN,De Lijn,bus,43
149756,DELIJN,De Lijn,bus,43
149757,DELIJN,De Lijn,bus,431
149758,DELIJN,De Lijn,bus,431
149759,DELIJN,De Lijn,bus,432
149760,DELIJN,De Lijn,bus,432
149761,DELIJN,De Lijn,bus,433
149762,DELIJN,De Lijn,bus,433
149765,DELIJN,De Lijn,bus,82
149766,DELIJN,De Lijn,bus,82
149767,DELIJN,De Lijn,bus,821
149768,DELIJN,De Lijn,bus,821
149769,DELIJN,De Lijn,bus,822
149771,DELIJN,De Lijn,bus,83
149772,DELIJN,De Lijn,bus,83
149773,DELIJN,De Lijn,bus,84
149774,DELIJN,De Lijn,bus,84
149775,DELIJN,De Lijn,bus,85
149776,DELIJN,De Lijn,bus,85
149777,DELIJN,De Lijn,bus,87
149778,DELIJN,De Lijn,bus,87
149779,DELIJN,De Lijn,bus,931
149780,DELIJN,De Lijn,bus,931
149783,DELIJN,De Lijn,bus,93
149784,DELIJN,De Lijn,bus,93
149786,DELIJN,De Lijn,bus,10
149787,DELIJN,De Lijn,bus,10
149788,DELIJN,De Lijn,bus,102
149789,DELIJN,De Lijn,bus,102
149790,DELIJN,De Lijn,bus,103
149791,DELIJN,De Lijn,bus,103
149793,DELIJN,De Lijn,bus,106
149794,DELIJN,De Lijn,bus,107
149795,DELIJN,De Lijn,bus,107
149797,DELIJN,De Lijn,bus,108
149798,DELIJN,De Lijn,bus,109
149800,DELIJN,De Lijn,bus,105
149802,DELIJN,De Lijn,bus,12
149803,DELIJN,De Lijn,bus,12
149805,DELIJN,De Lijn,bus,128
149806,DELIJN,De Lijn,bus,128
149808,DELIJN,De Lijn,bus,129
149809,DELIJN,De Lijn,bus,15
149810,DELIJN,De Lijn,bus,15
149811,DELIJN,De Lijn,bus,154
149812,DELIJN,De Lijn,bus,154
149815,DELIJN,De Lijn,bus,159
149817,DELIJN,De Lijn,bus,16
149818,DELIJN,De Lijn,bus,16
149819,DELIJN,De Lijn,bus,167
149820,DELIJN,De Lijn,bus,168
149821,DELIJN,De Lijn,bus,168
149822,DELIJN,De Lijn,bus,X18
149823,DELIJN,De Lijn,bus,X18
149824,DELIJN,De Lijn,bus,X19
149825,DELIJN,De Lijn,bus,X19
149826,DELIJN,De Lijn,bus,192
149829,DELIJN,De Lijn,bus,196
149830,DELIJN,De Lijn,bus,196
149831,DELIJN,De Lijn,bus,20a
149832,DELIJN,De Lijn,bus,20a
149833,DELIJN,De Lijn,bus,20b
149834,DELIJN,De Lijn,bus,20b
149836,DELIJN,De Lijn,bus,203
149837,DELIJN,De Lijn,bus,206
149838,DELIJN,De Lijn,bus,206
149840,DELIJN,De Lijn,bus,208
149841,DELIJN,De Lijn,bus,208
149846,DELIJN,De Lijn,bus,23
149847,DELIJN,De Lijn,bus,23
149848,DELIJN,De Lijn,bus,232
149849,DELIJN,De Lijn,bus,232
149850,DELIJN,De Lijn,bus,235
149851,DELIJN,De Lijn,bus,237
149852,DELIJN,De Lijn,bus,239
149853,DELIJN,De Lijn,bus,239
149856,DELIJN,De Lijn,bus,262
149863,DELIJN,De Lijn,bus,267
149865,DELIJN,De Lijn,bus,268
149866,DELIJN,De Lijn,bus,268
149867,DELIJN,De Lijn,bus,269
149868,DELIJN,De Lijn,bus,269
149869,DELIJN,De Lijn,bus,27
149870,DELIJN,De Lijn,bus,27
149877,DELIJN,De Lijn,bus,275
149880,DELIJN,De Lijn,bus,277
149881,DELIJN,De Lijn,bus,277
149883,DELIJN,De Lijn,bus,279
149884,DELIJN,De Lijn,bus,279
149885,DELIJN,De Lijn,bus,28
149886,DELIJN,De Lijn,bus,28
149887,DELIJN,De Lijn,bus,29
149888,DELIJN,De Lijn,bus,29
149889,DELIJN,De Lijn,bus,296
149890,DELIJN,De Lijn,bus,296
149892,DELIJN,De Lijn,bus,31
149893,DELIJN,De Lijn,bus,31
149895,DELIJN,De Lijn,bus,312
149897,DELIJN,De Lijn,bus,315
149898,DELIJN,De Lijn,bus,316
149900,DELIJN,De Lijn,bus,32
149901,DELIJN,De Lijn,bus,32
149902,DELIJN,De Lijn,bus,33
149903,DELIJN,De Lijn,bus,33
149904,DELIJN,De Lijn,bus,335
149905,DELIJN,De Lijn,bus,335
149906,DELIJN,De Lijn,bus,336
149907,DELIJN,De Lijn,bus,337
149909,DELIJN,De Lijn,bus,34
149910,DELIJN,De Lijn,bus,34
149911,DELIJN,De Lijn,bus,349
149914,DELIJN,De Lijn,bus,355
149915,DELIJN,De Lijn,bus,36a
149916,DELIJN,De Lijn,bus,36a
149917,DELIJN,De Lijn,bus,36b
149918,DELIJN,De Lijn,bus,36b
149919,DELIJN,De Lijn,bus,363
149921,DELIJN,De Lijn,bus,38
149922,DELIJN,De Lijn,bus,38
149925,DELIJN,De Lijn,bus,396
149926,DELIJN,De Lijn,bus,396
149927,DELIJN,De Lijn,bus,397
149928,DELIJN,De Lijn,bus,397
149929,DELIJN,De Lijn,bus,398
149930,DELIJN,De Lijn,bus,398
149931,DELIJN,De Lijn,bus,399
149932,DELIJN,De Lijn,bus,399
149935,DELIJN,De Lijn,bus,45
149936,DELIJN,De Lijn,bus,45
149937,DELIJN,De Lijn,bus,458
149938,DELIJN,De Lijn,bus,458
149939,DELIJN,De Lijn,bus,462
149942,DELIJN,De Lijn,bus,47
149943,DELIJN,De Lijn,bus,47
149944,DELIJN,De Lijn,bus,472
149945,DELIJN,De Lijn,bus,473
149949,DELIJN,De Lijn,bus,477
149950,DELIJN,De Lijn,bus,477
149951,DELIJN,De Lijn,bus,48
149952,DELIJN,De Lijn,bus,48
149953,DELIJN,De Lijn,bus,484
149954,DELIJN,De Lijn,bus,484
149955,DELIJN,De Lijn,bus,485
149956,DELIJN,De Lijn,bus,485
149957,DELIJN,De Lijn,bus,486
149958,DELIJN,De Lijn,bus,486
149960,DELIJN,De Lijn,bus,489
149961,DELIJN,De Lijn,bus,49
149962,DELIJN,De Lijn,bus,50
149963,DELIJN,De Lijn,bus,50
149966,DELIJN,De Lijn,bus,507
149967,DELIJN,De Lijn,bus,509
149968,DELIJN,De Lijn,bus,51
149969,DELIJN,De Lijn,bus,51
149970,DELIJN,De Lijn,bus,513
149972,DELIJN,De Lijn,bus,56
149973,DELIJN,De Lijn,bus,56
149975,DELIJN,De Lijn,bus,617
149976,DELIJN,De Lijn,bus,617
149977,DELIJN,De Lijn,bus,618
149978,DELIJN,De Lijn,bus,618
149979,DELIJN,De Lijn,bus,619
149980,DELIJN,De Lijn,bus,619
149981,DELIJN,De Lijn,bus,62
149982,DELIJN,De Lijn,bus,62
149985,DELIJN,De Lijn,bus,622
149986,DELIJN,De Lijn,bus,622
149994,DELIJN,De Lijn,bus,629
149995,DELIJN,De Lijn,bus,63
149996,DELIJN,De Lijn,bus,63
149997,DELIJN,De Lijn,bus,633
149998,DELIJN,De Lijn,bus,634
149999,DELIJN,De Lijn,bus,634
150000,DELIJN,De Lijn,bus,636
150001,DELIJN,De Lijn,bus,636
150002,DELIJN,De Lijn,bus,637
150003,DELIJN,De Lijn,bus,637
150006,DELIJN,De Lijn,bus,639
150007,DELIJN,De Lijn,bus,639
150008,DELIJN,De Lijn,bus,2
150009,DELIJN,De Lijn,bus,3
150010,DELIJN,De Lijn,bus,3
150011,DELIJN,De Lijn,bus,4
150012,DELIJN,De Lijn,bus,4
150013,DELIJN,De Lijn,bus,5
150014,DELIJN,De Lijn,bus,5
150016,DELIJN,De Lijn,bus,7
150017,DELIJN,De Lijn,bus,7
150018,DELIJN,De Lijn,bus,1
150019,DELIJN,De Lijn,bus,1
150020,DELIJN,De Lijn,bus,2
150021,DELIJN,De Lijn,bus,2
150022,DELIJN,De Lijn,bus,3
150023,DELIJN,De Lijn,bus,3
150024,DELIJN,De Lijn,bus,4
150025,DELIJN,De Lijn,bus,4
150026,DELIJN,De Lijn,bus,5
150027,DELIJN,De Lijn,bus,5
150028,DELIJN,De Lijn,bus,6
150029,DELIJN,De Lijn,bus,6
150030,DELIJN,De Lijn,bus,7
150031,DELIJN,De Lijn,bus,7
150032,DELIJN,De Lijn,bus,79
150033,DELIJN,De Lijn,bus,79
150034,DELIJN,De Lijn,bus,799
150035,DELIJN,De Lijn,bus,799
150036,DELIJN,De Lijn,bus,80
150037,DELIJN,De Lijn,bus,80
150040,DELIJN,De Lijn,bus,805
150041,DELIJN,De Lijn,bus,805
150042,DELIJN,De Lijn,bus,807
150044,DELIJN,De Lijn,bus,82
150045,DELIJN,De Lijn,bus,82
150046,DELIJN,De Lijn,bus,825
150047,DELIJN,De Lijn,bus,825
150048,DELIJN,De Lijn,bus,826
150049,DELIJN,De Lijn,bus,826
150050,DELIJN,De Lijn,bus,827
150051,DELIJN,De Lijn,bus,827
150052,DELIJN,De Lijn,bus,828
150053,DELIJN,De Lijn,bus,828
150054,DELIJN,De Lijn,bus,829
150055,DELIJN,De Lijn,bus,829
150057,DELIJN,De Lijn,bus,906
150060,DELIJN,De Lijn,bus,908
150061,DELIJN,De Lijn,bus,908
150062,DELIJN,De Lijn,bus,909
150063,DELIJN,De Lijn,bus,909
150064,DELIJN,De Lijn,bus,92
150065,DELIJN,De Lijn,bus,92
150069,DELIJN,De Lijn,bus,20
150070,DELIJN,De Lijn,bus,20
150073,DELIJN,De Lijn,bus,30
150074,DELIJN,De Lijn,bus,30
150075,DELIJN,De Lijn,bus,311
150076,DELIJN,De Lijn,bus,311
150077,DELIJN,De Lijn,bus,39
150078,DELIJN,De Lijn,bus,39
150079,DELIJN,De Lijn,bus,40
150080,DELIJN,De Lijn,bus,40
150081,DELIJN,De Lijn,bus,41
150082,DELIJN,De Lijn,bus,41
150083,DELIJN,De Lijn,bus,42
150084,DELIJN,De Lijn,bus,42
150085,DELIJN,De Lijn,bus,421
150087,DELIJN,De Lijn,bus,429
150088,DELIJN,De Lijn,bus,429
150089,DELIJN,De Lijn,bus,49
150090,DELIJN,De Lijn,bus,49
150092,DELIJN,De Lijn,bus,59
150093,DELIJN,De Lijn,bus,59
150094,DELIJN,De Lijn,bus,591
150095,DELIJN,De Lijn,bus,591
150096,DELIJN,De Lijn,bus,60
150097,DELIJN,De Lijn,bus,60
150098,DELIJN,De Lijn,bus,70a
150099,DELIJN,De Lijn,bus,70a
151277,DELIJN,De Lijn,bus,212
151278,DELIJN,De Lijn,bus,37a
151279,DELIJN,De Lijn,bus,37a
151280,DELIJN,De Lijn,bus,378
151284,DELIJN,De Lijn,bus,211
151286,DELIJN,De Lijn,bus,99
151287,DELIJN,De Lijn,bus,99
151288,DELIJN,De Lijn,bus,167
151289,DELIJN,De Lijn,bus,197
151290,DELIJN,De Lijn,bus,197
151293,DELIJN,De Lijn,bus,207
151297,DELIJN,De Lijn,bus,236
151299,DELIJN,De Lijn,bus,347
151302,DELIJN,De Lijn,bus,476
151306,DELIJN,De Lijn,bus,49
151308,DELIJN,De Lijn,bus,513
151310,DELIJN,De Lijn,bus,628
151311,DELIJN,De Lijn,bus,628
151312,DELIJN,De Lijn,bus,629
151313,DELIJN,De Lijn,bus,66
151314,DELIJN,De Lijn,bus,66
153821,DELIJN,De Lijn,bus,218
153825,DELIJN,De Lijn,bus,33
153826,DELIJN,De Lijn,bus,33
153827,DELIJN,De Lijn,bus,441
153829,DELIJN,De Lijn,bus,659
153837,DELIJN,De Lijn,bus,121
153841,DELIJN,De Lijn,bus,156
153844,DELIJN,De Lijn,bus,192
153846,DELIJN,De Lijn,bus,204
153847,DELIJN,De Lijn,bus,204
153848,DELIJN,De Lijn,bus,209
153849,DELIJN,De Lijn,bus,209
153850,DELIJN,De Lijn,bus,233
153851,DELIJN,De Lijn,bus,234
153852,DELIJN,De Lijn,bus,236
153853,DELIJN,De Lijn,bus,237
153854,DELIJN,De Lijn,bus,275
153855,DELIJN,De Lijn,bus,278
153857,DELIJN,De Lijn,bus,313
153858,DELIJN,De Lijn,bus,318
153859,DELIJN,De Lijn,bus,319
153860,DELIJN,De Lijn,bus,336
153864,DELIJN,De Lijn,bus,349
153865,DELIJN,De Lijn,bus,353
153866,DELIJN,De Lijn,bus,355
153867,DELIJN,De Lijn,bus,357
153868,DELIJN,De Lijn,bus,358
153869,DELIJN,De Lijn,bus,359
153870,DELIJN,De Lijn,bus,461
153872,DELIJN,De Lijn,bus,462
153874,DELIJN,De Lijn,bus,464
153875,DELIJN,De Lijn,bus,464
153876,DELIJN,De Lijn,bus,473
153877,DELIJN,De Lijn,bus,474
153879,DELIJN,De Lijn,bus,479
153882,DELIJN,De Lijn,bus,504
153883,DELIJN,De Lijn,bus,505
153886,DELIJN,De Lijn,bus,509
153891,DELIJN,De Lijn,bus,627
153892,DELIJN,De Lijn,bus,627
153893,DELIJN,De Lijn,bus,633
153894,DELIJN,De Lijn,bus,803
153895,DELIJN,De Lijn,bus,806
153896,DELIJN,De Lijn,bus,806
153897,DELIJN,De Lijn,bus,807
153900,DELIJN,De Lijn,bus,809
153901,DELIJN,De Lijn,bus,809
153902,DELIJN,De Lijn,bus,923
153907,DELIJN,De Lijn,bus,282
153912,DELIJN,De Lijn,bus,602
153913,DELIJN,De Lijn,bus,603
160452,DELIJN,De Lijn,bus,219
160453,DELIJN,De Lijn,bus,32b
160454,DELIJN,De Lijn,bus,32b
160455,DELIJN,De Lijn,bus,378
160456,DELIJN,De Lijn,bus,381
160457,DELIJN,De Lijn,bus,391
160458,DELIJN,De Lijn,bus,442
160459,DELIJN,De Lijn,bus,443
160460,DELIJN,De Lijn,bus,444
160461,DELIJN,De Lijn,bus,444
160462,DELIJN,De Lijn,bus,447
160463,DELIJN,De Lijn,bus,459
160464,DELIJN,De Lijn,bus,483
160465,DELIJN,De Lijn,bus,607
160468,DELIJN,De Lijn,bus,674
160469,DELIJN,De Lijn,bus,674
160470,DELIJN,De Lijn,bus,760
160471,DELIJN,De Lijn,bus,764
160472,DELIJN,De Lijn,bus,271
160473,DELIJN,De Lijn,bus,37
160474,DELIJN,De Lijn,bus,37
160475,DELIJN,De Lijn,bus,49
160476,DELIJN,De Lijn,bus,49
160477,DELIJN,De Lijn,bus,157
160478,DELIJN,De Lijn,bus,26
160479,DELIJN,De Lijn,bus,26
160480,DELIJN,De Lijn,bus,266
160481,DELIJN,De Lijn,bus,266
160482,DELIJN,De Lijn,bus,267
160483,DELIJN,De Lijn,bus,X27
160484,DELIJN,De Lijn,bus,X27
160485,DELIJN,De Lijn,bus,35
160486,DELIJN,De Lijn,bus,35
160487,DELIJN,De Lijn,bus,364
160488,DELIJN,De Lijn,bus,364
160489,DELIJN,De Lijn,bus,X44
160490,DELIJN,De Lijn,bus,X44
160491,DELIJN,De Lijn,bus,465
160492,DELIJN,De Lijn,bus,465
160493,DELIJN,De Lijn,bus,475
160494,DELIJN,De Lijn,bus,475
160495,DELIJN,De Lijn,bus,569
160496,DELIJN,De Lijn,bus,638
160497,DELIJN,De Lijn,bus,638
160498,DELIJN,De Lijn,bus,1
160499,DELIJN,De Lijn,bus,1
160500,DELIJN,De Lijn,bus,804
160501,DELIJN,De Lijn,bus,804
160502,DELIJN,De Lijn,bus,51a
160503,DELIJN,De Lijn,bus,51a
161191,DELIJN,De Lijn,bus,601
161192,DELIJN,De Lijn,bus,67
161193,DELIJN,De Lijn,bus,67
161194,DELIJN,De Lijn,bus,760
161195,DELIJN,De Lijn,bus,762
161196,DELIJN,De Lijn,bus,129
161197,DELIJN,De Lijn,bus,21
161198,DELIJN,De Lijn,bus,21
161199,DELIJN,De Lijn,bus,22
161200,DELIJN,De Lijn,bus,22
161201,DELIJN,De Lijn,bus,476
161202,DELIJN,De Lijn,bus,70b
161203,DELIJN,De Lijn,bus,70b
134297,DOEKSEN,Rederij Doeksen,veerboot,HV
134298,DOEKSEN,Rederij Doeksen,veerboot,TV
134299,DOEKSEN,Rederij Doeksen,veerboot,HT
134302,DOEKSEN,Rederij Doeksen,veerboot,HT-S
126872,EBS,EBS,bus,404
126873,EBS,EBS,bus,403
126874,EBS,EBS,bus,285
126875,EBS,EBS,bus,205
126876,EBS,EBS,bus,105
126877,EBS,EBS,bus,84
126878,EBS,EBS,bus,102
126879,EBS,EBS,bus,204
126881,EBS,EBS,bus,116
126882,EBS,EBS,bus,115
126883,EBS,EBS,bus,281
126884,EBS,EBS,bus,825
126885,EBS,EBS,bus,87
126887,EBS,EBS,bus,192
126890,EBS,EBS,bus,902
127798,EBS,EBS,bus,903
142910,EBS,EBS,bus,107
142911,EBS,EBS,bus,106
154784,EBS,EBS,bus,60
154785,EBS,EBS,bus,61
154786,EBS,EBS,bus,63
154787,EBS,EBS,bus,62
154788,EBS,EBS,bus,64
154789,EBS,EBS,bus,46
154790,EBS,EBS,bus,45
154791,EBS,EBS,bus,44
154792,EBS,EBS,bus,43
154793,EBS,EBS,bus,827
154794,EBS,EBS,bus,37
154795,EBS,EBS,bus,70
154796,EBS,EBS,bus,71
154797,EBS,EBS,bus,30
154798,EBS,EBS,bus,53
154799,EBS,EBS,bus,33
154801,EBS,EBS,bus,456
154802,EBS,EBS,bus,455
154803,EBS,EBS,bus,69
154804,EBS,EBS,bus,31
154805,EBS,EBS,bus,34
154806,EBS,EBS,bus,826
154807,EBS,EBS,bus,284
154808,EBS,EBS,bus,633
154809,EBS,EBS,bus,51
162798,EBS,EBS,bus,403
162799,EBS,EBS,bus,404
162800,EBS,EBS,bus,204
162801,EBS,EBS,bus,105
162802,EBS,EBS,bus,102
162803,EBS,EBS,bus,87
162804,EBS,EBS,bus,84
162805,EBS,EBS,bus,285
162806,EBS,EBS,bus,281
162807,EBS,EBS,bus,205
162808,EBS,EBS,bus,902
162809,EBS,EBS,bus,192
162810,EBS,EBS,bus,903
162811,EBS,EBS,bus,825
162812,EBS,EBS,bus,116
162813,EBS,EBS,bus,106
162814,EBS,EBS,bus,115
162815,EBS,EBS,bus,107
152323,GVB,GVB,tram,1
152324,GVB,GVB,tram,17
152325,GVB,GVB,tram,2
152326,GVB,GVB,tram,4
152327,GVB,GVB,tram,5
152328,GVB,GVB,tram,7
152329,GVB,GVB,tram,12
152330,GVB,GVB,tram,13
152331,GVB,GVB,tram,14
152332,GVB,GVB,bus,15
152333,GVB,GVB,bus,22
152334,GVB,GVB,tram,27
152335,GVB,GVB,bus,21
152336,GVB,GVB,bus,18
152337,GVB,GVB,bus,48
152338,GVB,GVB,bus,245
152339,GVB,GVB,bus,218
152340,GVB,GVB,tram,19
152342,GVB,GVB,tram,24
152343,GVB,GVB,tram,6
152344,GVB,GVB,tram,25
152345,GVB,GVB,tram,26
152346,GVB,GVB,tram,29
152347,GVB,GVB,bus,37
152348,GVB,GVB,bus,34
152349,GVB,GVB,bus,36
152350,GVB,GVB,bus,39
152351,GVB,GVB,bus,38
152352,GVB,GVB,bus,65
152353,GVB,GVB,bus,40
152354,GVB,GVB,bus,41
152355,GVB,GVB,bus,43
152356,GVB,GVB,bus,42
152357,GVB,GVB,bus,47
152358,GVB,GVB,bus,44
152359,GVB,GVB,bus,49
152360,GVB,GVB,bus,360
152361,GVB,GVB,metro,50
152362,GVB,GVB,metro,51
152363,GVB,GVB,metro,52
152364,GVB,GVB,metro,54
152365,GVB,GVB,metro,53
152366,GVB,GVB,bus,231
152367,GVB,GVB,bus,61
152368,GVB,GVB,bus,63
152369,GVB,GVB,bus,62
152370,GVB,GVB,bus,66
152371,GVB,GVB,bus,233
152372,GVB,GVB,bus,369
152373,GVB,GVB,bus,247
152374,GVB,GVB,bus,463
152375,GVB,GVB,bus,461
152376,GVB,GVB,bus,464
152377,GVB,GVB,veerboot,F6
152378,GVB,GVB,veerboot,F3
152379,GVB,GVB,veerboot,F2
152380,GVB,GVB,veerboot,F7
152381,GVB,GVB,veerboot,F4
152382,GVB,GVB,veerboot,F9
152383,GVB,GVB,veerboot,F20
152384,GVB,GVB,veerboot,F21
152385,GVB,GVB,veerboot,F22
152386,GVB,GVB,veerboot,F1
152387,GVB,GVB,bus,N84
152388,GVB,GVB,bus,N81
152389,GVB,GVB,bus,N89
152390,GVB,GVB,bus,N87
152391,GVB,GVB,bus,N82
152392,GVB,GVB,bus,N85
152393,GVB,GVB,bus,N83
152394,GVB,GVB,bus,N88
152395,GVB,GVB,bus,N93
152396,GVB,GVB,bus,N91
161332,GVB,GVB,bus,72
161606,GVB,GVB,bus,71
148409,HERMES,Hermes,bus,255
148410,HERMES,Hermes,bus,256
148411,HERMES,Hermes,bus,257
148412,HERMES,Hermes,bus,258
148413,HERMES,Hermes,bus,259
148414,HERMES,Hermes,bus,260
148415,HERMES,Hermes,bus,261
148416,HERMES,Hermes,bus,262
148417,HERMES,Hermes,bus,266
148418,HERMES,Hermes,bus,268
148419,HERMES,Hermes,bus,271
148420,HERMES,Hermes,bus,272
148421,HERMES,Hermes,bus,276
148422,HERMES,Hermes,bus,277
148423,HERMES,Hermes,bus,291
148424,HERMES,Hermes,bus,292
148425,HERMES,Hermes,bus,294
154684,HTM,HTM,tram,1
154685,HTM,HTM,tram,11
154686,HTM,HTM,tram,12
154687,HTM,HTM,tram,15
154688,HTM,HTM,tram,16
154689,HTM,HTM,tram,17
154690,HTM,HTM,tram,19
154691,HTM,HTM,tram,2
154692,HTM,HTM,tram,3
154693,HTM,HTM,tram,4
154695,HTM,HTM,tram,6
154697,HTM,HTM,tram,9
154699,HTM,HTM,bus,20
154700,HTM,HTM,bus,21
154701,HTM,HTM,bus,22
154702,HTM,HTM,bus,23
154703,HTM,HTM,bus,24
154704,HTM,HTM,bus,25
154705,HTM,HTM,bus,26
154706,HTM,HTM,bus,28
154707,HTM,HTM,bus,29
154708,HTM,HTM,bus,N1
154709,HTM,HTM,bus,N2
154710,HTM,HTM,bus,N3
154711,HTM,HTM,bus,N4
154712,HTM,HTM,bus,N5
154713,HTM,HTM,bus,N6
159482,HTM,HTM,tram,10
159483,HTM,HTM,tram,34
159484,HTM,HTM,tram,2
162518,HTM,HTM,tram,2
162519,HTM,HTM,tram,3
162520,HTM,HTM,tram,10
162521,HTM,HTM,tram,19
162522,HTM,HTM,bus,77
162523,HTM,HTM,bus,23A
162524,HTM,HTM,bus,23B
163021,HTM,HTM,bus,50
86488,IFF:ARRIVA,Arriva,trein,Stoptrein RS18
86489,IFF:ARRIVA,Arriva,trein,Stoptrein RS11
86490,IFF:ARRIVA,Arriva,trein,Stoptrein RS11
86491,IFF:ARRIVA,Arriva,trein,Stoptrein RS12
86492,IFF:ARRIVA,Arriva,trein,Stoptrein RS15
86497,IFF:ARRIVA,Arriva,trein,Stoptrein RS3
119684,IFF:ARRIVA,Arriva,trein,Stoptrein RS2
124366,IFF:ARRIVA,Arriva,trein,Sneltrein RE18
124367,IFF:ARRIVA,Arriva,trein,Sneltrein RE18
124368,IFF:ARRIVA,Arriva,trein,Sneltrein RE3
129445,IFF:ARRIVA,Arriva,trein,Sneltrein RE1
134337,IFF:ARRIVA,Arriva,bus,Stopbus ipv trein
139843,IFF:ARRIVA,Arriva,trein,Sneltrein RE8
139847,IFF:ARRIVA,Arriva,trein,Stoptrein RS1
139849,IFF:ARRIVA,Arriva,trein,Stoptrein RS4
141293,IFF:ARRIVA,Arriva,trein,Stoptrein RS5
145173,IFF:ARRIVA,Arriva,trein,Stoptrein RS3
145174,IFF:ARRIVA,Arriva,trein,Stoptrein RS7
145175,IFF:ARRIVA,Arriva,trein,Stoptrein RS6
146790,IFF:ARRIVA,Arriva,trein,Nachttrein
153471,IFF:ARRIVA,Arriva,bus,Stopbus ipv trein
160026,IFF:ARRIVA,Arriva,bus,Stopbus ipv trein
160507,IFF:ARRIVA,Arriva,trein,Stoptrein RS18
160742,IFF:ARRIVA,Arriva,bus,Stopbus ipv trein
160745,IFF:ARRIVA,Arriva,trein,Sneltrein RE6
161400,IFF:ARRIVA,Arriva,bus,Snelbus ipv trein
162460,IFF:ARRIVA,Arriva,bus,Snelbus ipv trein
162461,IFF:ARRIVA,Arriva,bus,Snelbus ipv trein
162462,IFF:ARRIVA,Arriva,bus,Stopbus ipv trein
162463,IFF:ARRIVA,Arriva,bus,Stopbus ipv trein
162464,IFF:ARRIVA,Arriva,bus,Stopbus ipv trein
162465,IFF:ARRIVA,Arriva,bus,Stopbus ipv trein
162816,IFF:ARRIVA,Arriva,bus,Snelbus ipv trein
162818,IFF:ARRIVA,Arriva,bus,Stopbus ipv trein
162819,IFF:ARRIVA,Arriva,bus,Taxibus ipv trein
162820,IFF:ARRIVA,Arriva,trein,Sneltrein RE6
162821,IFF:ARRIVA,Arriva,trein,Speciale trein
162823,IFF:ARRIVA,Arriva,trein,Stoptrein RS11
163048,IFF:ARRIVA,Arriva,bus,Stopbus ipv trein
163051,IFF:ARRIVA,Arriva,trein,Stoptrein RS6
139852,IFF:BLAUWNET_A,Blauwnet Arriva,trein,Sneltrein RE20
139853,IFF:BLAUWNET_A,Blauwnet Arriva,trein,Sneltrein RE20
139854,IFF:BLAUWNET_A,Blauwnet Arriva,trein,Stoptrein RS21
139855,IFF:BLAUWNET_A,Blauwnet Arriva,trein,Stoptrein RS24
139856,IFF:BLAUWNET_A,Blauwnet Arriva,trein,Stoptrein RS20
161402,IFF:BLAUWNET_A,Blauwnet Arriva,bus,Stopbus ipv trein
139857,IFF:BLAUWNET_K,Blauwnet Keolis,trein,Intercity IC23
139858,IFF:BLAUWNET_K,Blauwnet Keolis,trein,Sprinter RS23
139859,IFF:BLAUWNET_K,Blauwnet Keolis,trein,Sprinter RS22
163052,IFF:BLAUWNET_K,Blauwnet Keolis,bus,Stopbus ipv trein
159825,IFF:DB,DB,trein,Stoptrein RB51
139861,IFF:EUROBAHN,Eurobahn,trein,Sneltrein RE13
139862,IFF:EUROBAHN,Eurobahn,trein,Stoptrein RB61
163054,IFF:EUROBAHN,Eurobahn,bus,Stopbus ipv trein
139863,IFF:EU_SLEEPER,European Sleeper,trein,European Sleeper
160747,IFF:GV,GoVolta,trein,GoVolta
162824,IFF:GV,GoVolta,trein,GoVolta
134120,IFF:NMBS,NMBS,trein,Stoptrein
17562,IFF:NS,NS,trein,Intercity
17627,IFF:NS,NS,trein,Sprinter
17641,IFF:NS,NS,trein,Sprinter
17658,IFF:NS,NS,trein,Intercity
17661,IFF:NS,NS,trein,Intercity
17705,IFF:NS,NS,trein,Intercity
17748,IFF:NS,NS,trein,Sprinter
17792,IFF:NS,NS,trein,Intercity
17803,IFF:NS,NS,trein,Sprinter
37294,IFF:NS,NS,trein,Sprinter
41208,IFF:NS,NS,trein,Sprinter
41216,IFF:NS,NS,trein,Sprinter
41226,IFF:NS,NS,trein,Sprinter
41236,IFF:NS,NS,trein,Sprinter
43187,IFF:NS,NS,trein,Sprinter
44942,IFF:NS,NS,trein,Intercity
44947,IFF:NS,NS,trein,Sprinter
45194,IFF:NS,NS,trein,Sprinter
52986,IFF:NS,NS,trein,Intercity
52991,IFF:NS,NS,trein,Sprinter
67394,IFF:NS,NS,trein,Intercity
79951,IFF:NS,NS,trein,Sprinter
83134,IFF:NS,NS,trein,Intercity
84247,IFF:NS,NS,trein,Intercity
90309,IFF:NS,NS,trein,Sprinter
90312,IFF:NS,NS,trein,Sprinter
114870,IFF:NS,NS,trein,Intercity
114871,IFF:NS,NS,trein,Intercity
114873,IFF:NS,NS,trein,Intercity
114874,IFF:NS,NS,trein,Intercity
114875,IFF:NS,NS,trein,Intercity
114876,IFF:NS,NS,trein,Intercity
114877,IFF:NS,NS,trein,Intercity
114878,IFF:NS,NS,trein,Intercity
114879,IFF:NS,NS,trein,Intercity
114880,IFF:NS,NS,trein,Intercity
114899,IFF:NS,NS,trein,Sprinter
114900,IFF:NS,NS,trein,Sprinter
114901,IFF:NS,NS,trein,Sprinter
114903,IFF:NS,NS,trein,Sprinter
114904,IFF:NS,NS,trein,Sprinter
114906,IFF:NS,NS,trein,Sprinter
114908,IFF:NS,NS,trein,Sprinter
114910,IFF:NS,NS,trein,Sprinter
114911,IFF:NS,NS,trein,Sprinter
114912,IFF:NS,NS,trein,Sprinter
114913,IFF:NS,NS,trein,Sprinter
114914,IFF:NS,NS,trein,Sprinter
114915,IFF:NS,NS,trein,Sprinter
120390,IFF:NS,NS,trein,Intercity
124450,IFF:NS,NS,trein,Intercity direct
124451,IFF:NS,NS,trein,Intercity direct
124452,IFF:NS,NS,trein,Intercity direct
124453,IFF:NS,NS,trein,Intercity direct
124474,IFF:NS,NS,trein,Sprinter
125904,IFF:NS,NS,trein,Sprinter
128526,IFF:NS,NS,bus,Stopbus ipv trein
139874,IFF:NS,NS,trein,Intercity
139876,IFF:NS,NS,trein,Intercity
139877,IFF:NS,NS,trein,Intercity
139884,IFF:NS,NS,trein,Sprinter
139885,IFF:NS,NS,trein,Sprinter
139889,IFF:NS,NS,trein,Sprinter
139890,IFF:NS,NS,trein,Sprinter
140445,IFF:NS,NS,trein,Intercity
141793,IFF:NS,NS,trein,Sprinter
143083,IFF:NS,NS,trein,Intercity
143532,IFF:NS,NS,trein,Sprinter
143533,IFF:NS,NS,trein,Sprinter
147950,IFF:NS,NS,trein,Intercity
154189,IFF:NS,NS,bus,Snelbus ipv trein
154207,IFF:NS,NS,trein,Sprinter
159829,IFF:NS,NS,bus,Snelbus ipv trein
159830,IFF:NS,NS,bus,Snelbus ipv trein
159833,IFF:NS,NS,bus,Stopbus ipv trein
159834,IFF:NS,NS,bus,Stopbus ipv trein
159840,IFF:NS,NS,bus,Stopbus ipv trein
160535,IFF:NS,NS,trein,Intercity
160545,IFF:NS,NS,trein,Sprinter
160748,IFF:NS,NS,bus,Snelbus ipv trein
160756,IFF:NS,NS,bus,Stopbus ipv trein
160758,IFF:NS,NS,trein,Intercity
160762,IFF:NS,NS,trein,Sprinter
160763,IFF:NS,NS,trein,Sprinter
160770,IFF:NS,NS,trein,Sprinter
160771,IFF:NS,NS,trein,Sprinter
160772,IFF:NS,NS,trein,Sprinter
161173,IFF:NS,NS,trein,Intercity
161177,IFF:NS,NS,trein,Sprinter
161217,IFF:NS,NS,bus,Snelbus ipv trein
161230,IFF:NS,NS,bus,Stopbus ipv trein
161404,IFF:NS,NS,bus,Snelbus ipv trein
161405,IFF:NS,NS,bus,Stopbus ipv trein
161406,IFF:NS,NS,bus,Stopbus ipv trein
161408,IFF:NS,NS,bus,Taxibus ipv trein
161409,IFF:NS,NS,bus,Taxibus ipv trein
161410,IFF:NS,NS,trein,Intercity
161412,IFF:NS,NS,trein,Intercity
161415,IFF:NS,NS,trein,Sprinter
161418,IFF:NS,NS,trein,Sprinter
162469,IFF:NS,NS,bus,Snelbus ipv trein
162470,IFF:NS,NS,bus,Snelbus ipv trein
162471,IFF:NS,NS,bus,Snelbus ipv trein
162472,IFF:NS,NS,bus,Snelbus ipv trein
162473,IFF:NS,NS,bus,Snelbus ipv trein
162475,IFF:NS,NS,bus,Snelbus ipv trein
162476,IFF:NS,NS,bus,Snelbus ipv trein
162477,IFF:NS,NS,bus,Snelbus ipv trein
162478,IFF:NS,NS,bus,Stopbus ipv trein
162479,IFF:NS,NS,bus,Stopbus ipv trein
162482,IFF:NS,NS,bus,Stopbus ipv trein
162483,IFF:NS,NS,bus,Stopbus ipv trein
162484,IFF:NS,NS,bus,Stopbus ipv trein
162486,IFF:NS,NS,bus,Stopbus ipv trein
162487,IFF:NS,NS,bus,Snelbus ipv trein
162489,IFF:NS,NS,trein,Intercity
162490,IFF:NS,NS,trein,Sprinter
162491,IFF:NS,NS,trein,Sprinter
162492,IFF:NS,NS,trein,Sprinter
162495,IFF:NS,NS,bus,Drempelvrije bus
162498,IFF:NS,NS,bus,Drempelvrije bus
162501,IFF:NS,NS,bus,Drempelvrije bus
162503,IFF:NS,NS,bus,Drempelvrije bus
162504,IFF:NS,NS,bus,Drempelvrije bus
162505,IFF:NS,NS,bus,Drempelvrije bus
162507,IFF:NS,NS,bus,Drempelvrije bus
162825,IFF:NS,NS,bus,Snelbus ipv trein
162826,IFF:NS,NS,bus,Snelbus ipv trein
162827,IFF:NS,NS,bus,Snelbus ipv trein
162828,IFF:NS,NS,bus,Stopbus ipv trein
162829,IFF:NS,NS,bus,Stopbus ipv trein
162830,IFF:NS,NS,bus,Stopbus ipv trein
162831,IFF:NS,NS,bus,Stopbus ipv trein
162834,IFF:NS,NS,bus,Snelbus ipv trein
162835,IFF:NS,NS,trein,Intercity
162836,IFF:NS,NS,trein,Intercity
162837,IFF:NS,NS,trein,Intercity
162838,IFF:NS,NS,trein,Intercity
162839,IFF:NS,NS,trein,Intercity
162840,IFF:NS,NS,trein,Intercity
162841,IFF:NS,NS,bus,Stopbus ipv trein
162843,IFF:NS,NS,trein,Sprinter
162845,IFF:NS,NS,trein,Sprinter
162846,IFF:NS,NS,trein,Sprinter
162847,IFF:NS,NS,trein,Sprinter
162848,IFF:NS,NS,trein,Sprinter
162849,IFF:NS,NS,trein,Sprinter
162850,IFF:NS,NS,trein,Sprinter
162852,IFF:NS,NS,trein,Sprinter
162853,IFF:NS,NS,bus,Drempelvrije bus
162856,IFF:NS,NS,bus,Drempelvrije bus
162857,IFF:NS,NS,bus,Drempelvrije bus
162859,IFF:NS,NS,bus,Drempelvrije bus
162860,IFF:NS,NS,bus,Drempelvrije bus
162861,IFF:NS,NS,bus,Drempelvrije bus
162862,IFF:NS,NS,bus,Drempelvrije bus
162863,IFF:NS,NS,bus,Drempelvrije bus
162865,IFF:NS,NS,bus,Drempelvrije bus
162866,IFF:NS,NS,bus,Drempelvrije bus
162868,IFF:NS,NS,bus,Drempelvrije bus
162871,IFF:NS,NS,bus,Drempelvrije bus
162872,IFF:NS,NS,bus,Drempelvrije bus
162873,IFF:NS,NS,bus,Drempelvrije bus
162874,IFF:NS,NS,bus,Drempelvrije bus
162875,IFF:NS,NS,bus,Drempelvrije bus
162876,IFF:NS,NS,bus,Drempelvrije bus
162877,IFF:NS,NS,bus,Drempelvrije bus
162878,IFF:NS,NS,bus,Drempelvrije bus
162879,IFF:NS,NS,bus,Drempelvrije bus
162880,IFF:NS,NS,bus,Drempelvrije bus
162881,IFF:NS,NS,bus,Drempelvrije bus
162882,IFF:NS,NS,bus,Drempelvrije bus
162883,IFF:NS,NS,bus,Drempelvrije bus
162884,IFF:NS,NS,bus,Drempelvrije bus
162885,IFF:NS,NS,bus,Drempelvrije bus
162886,IFF:NS,NS,bus,Drempelvrije bus
162887,IFF:NS,NS,bus,Drempelvrije bus
163030,IFF:NS,NS,trein,Intercity
163034,IFF:NS,NS,bus,Drempelvrije bus
163053,IFF:NS,NS,trein,Sprinter
163055,IFF:NS,NS,bus,Snelbus ipv trein
163056,IFF:NS,NS,bus,Snelbus ipv trein
163057,IFF:NS,NS,bus,Snelbus ipv trein
163058,IFF:NS,NS,bus,Snelbus ipv trein
163059,IFF:NS,NS,bus,Snelbus ipv trein
163060,IFF:NS,NS,bus,Snelbus ipv trein
163061,IFF:NS,NS,bus,Stopbus ipv trein
163062,IFF:NS,NS,bus,Stopbus ipv trein
163063,IFF:NS,NS,bus,Stopbus ipv trein
163064,IFF:NS,NS,bus,Stopbus ipv trein
163065,IFF:NS,NS,bus,Stopbus ipv trein
163066,IFF:NS,NS,bus,Stopbus ipv trein
163067,IFF:NS,NS,bus,Stopbus ipv trein
163068,IFF:NS,NS,bus,Snelbus ipv trein
163069,IFF:NS,NS,bus,Snelbus ipv trein
163070,IFF:NS,NS,bus,Snelbus ipv trein
163071,IFF:NS,NS,trein,Intercity
163072,IFF:NS,NS,bus,Stopbus ipv trein
163073,IFF:NS,NS,bus,Stopbus ipv trein
163074,IFF:NS,NS,bus,Stopbus ipv trein
163075,IFF:NS,NS,bus,Stopbus ipv trein
163076,IFF:NS,NS,trein,Sprinter
163077,IFF:NS,NS,trein,Sprinter
163078,IFF:NS,NS,trein,Sprinter
163079,IFF:NS,NS,trein,Sprinter
163080,IFF:NS,NS,trein,Sprinter
163081,IFF:NS,NS,bus,Drempelvrije bus
163082,IFF:NS,NS,bus,Drempelvrije bus
163083,IFF:NS,NS,bus,Drempelvrije bus
163084,IFF:NS,NS,bus,Drempelvrije bus
163085,IFF:NS,NS,bus,Drempelvrije bus
163086,IFF:NS,NS,bus,Drempelvrije bus
163087,IFF:NS,NS,bus,Drempelvrije bus
163088,IFF:NS,NS,bus,Drempelvrije bus
163089,IFF:NS,NS,bus,Drempelvrije bus
163090,IFF:NS,NS,bus,Drempelvrije bus
138956,IFF:NS_INT,NS International,trein,Eurostar
138958,IFF:NS_INT,NS International,trein,Eurostar
138965,IFF:NS_INT,NS International,trein,Nightjet
139893,IFF:NS_INT,NS International,trein,Intercity direct
139894,IFF:NS_INT,NS International,trein,ICE
139897,IFF:NS_INT,NS International,trein,Nightjet
143258,IFF:NS_INT,NS International,trein,EuroCity
143259,IFF:NS_INT,NS International,trein,Eurocity Direct
159461,IFF:NS_INT,NS International,trein,Eurostar
160553,IFF:NS_INT,NS International,trein,ICE
160718,IFF:NS_INT,NS International,trein,ICE
161182,IFF:NS_INT,NS International,trein,ICE
161421,IFF:NS_INT,NS International,trein,ICE
139898,IFF:R-NET_NS,R-net NS,trein,Sprinter
139899,IFF:R-NET_NS,R-net NS,trein,Sprinter
139900,IFF:R-NET_QB,R-net Qbuzz,bus,Stopbus ipv trein
139901,IFF:R-NET_QB,R-net Qbuzz,bus,Stopbus ipv trein
139902,IFF:R-NET_QB,R-net Qbuzz,bus,Stopbus ipv trein
139903,IFF:R-NET_QB,R-net Qbuzz,trein,Stoptrein
139904,IFF:R-NET_QB,R-net Qbuzz,trein,Stoptrein
161422,IFF:R-NET_QB,R-net Qbuzz,bus,Stopbus ipv trein
139905,IFF:RRREIS_A,RRReis Arriva,trein,Stoptrein RS30
139906,IFF:RRREIS_A,RRReis Arriva,trein,Stoptrein RS31
139907,IFF:RRREIS_A,RRReis Arriva,trein,Stoptrein RS32
139908,IFF:RRREIS_A,RRReis Arriva,trein,Stoptrein RS33
143542,IFF:RRREIS_A,RRReis Arriva,trein,Sneltrein RE30
143543,IFF:RRREIS_A,RRReis Arriva,trein,Stoptrein RS32
143544,IFF:RRREIS_A,RRReis Arriva,trein,Stoptrein RS32
162888,IFF:RRREIS_A,RRReis Arriva,bus,Stopbus ipv trein
139909,IFF:RRREIS_K,RRReis Keolis,trein,Sprinter RS34
139910,IFF:RRREIS_K,RRReis Keolis,trein,Sprinter RS34
162513,IFF:RRREIS_K,RRReis Keolis,bus,Stopbus ipv trein
139911,IFF:VIAS,VIAS,trein,Stoptrein RE19
154741,MEERPLUS,MeerPlus,bus,104
154742,MEERPLUS,MeerPlus,bus,100
154743,MEERPLUS,MeerPlus,bus,112
154744,MEERPLUS,MeerPlus,bus,111
154745,MEERPLUS,MeerPlus,bus,65
154746,MEERPLUS,MeerPlus,bus,64
154747,MEERPLUS,MeerPlus,bus,63
154748,MEERPLUS,MeerPlus,bus,69
154749,MEERPLUS,MeerPlus,bus,394
154750,MEERPLUS,MeerPlus,bus,395
154751,MEERPLUS,MeerPlus,bus,391
154752,MEERPLUS,MeerPlus,bus,456
154753,MEERPLUS,MeerPlus,bus,416
154754,MEERPLUS,MeerPlus,bus,413
154755,MEERPLUS,MeerPlus,bus,419
154756,MEERPLUS,MeerPlus,bus,414
154757,MEERPLUS,MeerPlus,bus,103
154758,MEERPLUS,MeerPlus,bus,370
154759,MEERPLUS,MeerPlus,bus,305
154760,MEERPLUS,MeerPlus,bus,314
154761,MEERPLUS,MeerPlus,bus,306
154762,MEERPLUS,MeerPlus,bus,308
154763,MEERPLUS,MeerPlus,bus,315
154764,MEERPLUS,MeerPlus,bus,119
154765,MEERPLUS,MeerPlus,bus,110
154766,MEERPLUS,MeerPlus,bus,801
154767,MEERPLUS,MeerPlus,bus,101
154768,MEERPLUS,MeerPlus,bus,102
154769,MEERPLUS,MeerPlus,bus,307
154770,MEERPLUS,MeerPlus,bus,316
154771,MEERPLUS,MeerPlus,bus,N06
154772,MEERPLUS,MeerPlus,bus,N07
154773,MEERPLUS,MeerPlus,bus,N14
154774,MEERPLUS,MeerPlus,bus,N11
154775,MEERPLUS,MeerPlus,bus,67
154776,MEERPLUS,MeerPlus,bus,N94
154777,MEERPLUS,MeerPlus,bus,N19
154778,MEERPLUS,MeerPlus,bus,276
154779,MEERPLUS,MeerPlus,bus,272
154780,MEERPLUS,MeerPlus,bus,273
154781,MEERPLUS,MeerPlus,bus,800
154782,MEERPLUS,MeerPlus,bus,614
154783,MEERPLUS,MeerPlus,bus,610
161335,NL:MLN:Operator:9f1641fb-e08a-41b9-bdaa-204918901704,Miljoenenlijn,trein,MS5
161529,NL:MLN:Operator:9f1641fb-e08a-41b9-bdaa-204918901704,Miljoenenlijn,trein,MS1
161530,NL:MLN:Operator:9f1641fb-e08a-41b9-bdaa-204918901704,Miljoenenlijn,trein,MS2
160775,NL:OVCN:Operator:21a33b6a-7389-4c5d-99ea-904f7551694a,Electrische Museumtramlijn Amsterdam,bus,30
160776,NL:OVCN:Operator:21a33b6a-7389-4c5d-99ea-904f7551694a,Electrische Museumtramlijn Amsterdam,tram,30
161034,NL:OVCN:Operator:21a33b6a-7389-4c5d-99ea-904f7551694a,Electrische Museumtramlijn Amsterdam,tram,20
161717,NL:RVO:Operator:a62d2c9b-c206-42e0-9e1d-9a20dbb9301f,RVO Busvervoer,bus,N45
151320,QBUZZ,Qbuzz,bus,20
151321,QBUZZ,Qbuzz,bus,21
151322,QBUZZ,Qbuzz,bus,22
151323,QBUZZ,Qbuzz,bus,23
151324,QBUZZ,Qbuzz,bus,30
151325,QBUZZ,Qbuzz,bus,31
151326,QBUZZ,Qbuzz,bus,38
151327,QBUZZ,Qbuzz,bus,50
151328,QBUZZ,Qbuzz,bus,54
151329,QBUZZ,Qbuzz,bus,56
151330,QBUZZ,Qbuzz,bus,57
151331,QBUZZ,Qbuzz,bus,1
151332,QBUZZ,Qbuzz,bus,2
151333,QBUZZ,Qbuzz,bus,1
151334,QBUZZ,Qbuzz,bus,2
151335,QBUZZ,Qbuzz,bus,3
151336,QBUZZ,Qbuzz,bus,90
151337,QBUZZ,Qbuzz,bus,1
151338,QBUZZ,Qbuzz,bus,2
151339,QBUZZ,Qbuzz,bus,3
151340,QBUZZ,Qbuzz,bus,4
151341,QBUZZ,Qbuzz,bus,5
151343,QBUZZ,Qbuzz,bus,101
151344,QBUZZ,Qbuzz,bus,147
151345,QBUZZ,Qbuzz,bus,165
151346,QBUZZ,Qbuzz,bus,169
151347,QBUZZ,Qbuzz,bus,175
151348,QBUZZ,Qbuzz,bus,178
151349,QBUZZ,Qbuzz,bus,182
151350,QBUZZ,Qbuzz,bus,183
151351,QBUZZ,Qbuzz,bus,187
151352,QBUZZ,Qbuzz,bus,190
151353,QBUZZ,Qbuzz,bus,194
151354,QBUZZ,Qbuzz,bus,196
151355,QBUZZ,Qbuzz,bus,250
151356,QBUZZ,Qbuzz,bus,275
151357,QBUZZ,Qbuzz,bus,292
151358,QBUZZ,Qbuzz,bus,395
151359,QBUZZ,Qbuzz,bus,361
151360,QBUZZ,Qbuzz,bus,365
151361,QBUZZ,Qbuzz,bus,366
151362,QBUZZ,Qbuzz,bus,382
151363,QBUZZ,Qbuzz,bus,383
151364,QBUZZ,Qbuzz,bus,385
151365,QBUZZ,Qbuzz,bus,386
151366,QBUZZ,Qbuzz,bus,400
151367,QBUZZ,Qbuzz,bus,401
151368,QBUZZ,Qbuzz,bus,410
151369,QBUZZ,Qbuzz,bus,470
151370,QBUZZ,Qbuzz,bus,497
151372,QBUZZ,Qbuzz,bus,722
151373,QBUZZ,Qbuzz,bus,723
151374,QBUZZ,Qbuzz,bus,724
151375,QBUZZ,Qbuzz,bus,725
151376,QBUZZ,Qbuzz,bus,726
151377,QBUZZ,Qbuzz,bus,727
151378,QBUZZ,Qbuzz,bus,728
151379,QBUZZ,Qbuzz,bus,729
151380,QBUZZ,Qbuzz,bus,N40
151381,QBUZZ,Qbuzz,bus,N70
151383,QBUZZ,Qbuzz,bus,996
151789,QBUZZ,Qbuzz,bus,1
151790,QBUZZ,Qbuzz,bus,2
151791,QBUZZ,Qbuzz,bus,3
151792,QBUZZ,Qbuzz,bus,4
151793,QBUZZ,Qbuzz,bus,5
151794,QBUZZ,Qbuzz,bus,6
151795,QBUZZ,Qbuzz,bus,7
151796,QBUZZ,Qbuzz,bus,8
151799,QBUZZ,Qbuzz,bus,11
151800,QBUZZ,Qbuzz,bus,12
151801,QBUZZ,Qbuzz,bus,13
151802,QBUZZ,Qbuzz,bus,14
151803,QBUZZ,Qbuzz,bus,15
151804,QBUZZ,Qbuzz,bus,16
151805,QBUZZ,Qbuzz,bus,17
151806,QBUZZ,Qbuzz,bus,18
151807,QBUZZ,Qbuzz,bus,20
151808,QBUZZ,Qbuzz,bus,21
151809,QBUZZ,Qbuzz,bus,23
151810,QBUZZ,Qbuzz,bus,25
151813,QBUZZ,Qbuzz,bus,28
151814,QBUZZ,Qbuzz,bus,35
151817,QBUZZ,Qbuzz,bus,41
151818,QBUZZ,Qbuzz,bus,42
151819,QBUZZ,Qbuzz,bus,44
151820,QBUZZ,Qbuzz,bus,45
151821,QBUZZ,Qbuzz,bus,46
151822,QBUZZ,Qbuzz,bus,48
151823,QBUZZ,Qbuzz,bus,51
151824,QBUZZ,Qbuzz,bus,52
151825,QBUZZ,Qbuzz,bus,55
151826,QBUZZ,Qbuzz,bus,56
151827,QBUZZ,Qbuzz,bus,60
151829,QBUZZ,Qbuzz,bus,62
151830,QBUZZ,Qbuzz,bus,63
151831,QBUZZ,Qbuzz,bus,66
151832,QBUZZ,Qbuzz,bus,70
151833,QBUZZ,Qbuzz,bus,71
151834,QBUZZ,Qbuzz,bus,72
151835,QBUZZ,Qbuzz,bus,73
151836,QBUZZ,Qbuzz,bus,75
151837,QBUZZ,Qbuzz,bus,84
151838,QBUZZ,Qbuzz,bus,92
151839,QBUZZ,Qbuzz,bus,93
151840,QBUZZ,Qbuzz,bus,94
151841,QBUZZ,Qbuzz,bus,95
151842,QBUZZ,Qbuzz,bus,96
151843,QBUZZ,Qbuzz,bus,97
151844,QBUZZ,Qbuzz,bus,99
151846,QBUZZ,Qbuzz,bus,102
151847,QBUZZ,Qbuzz,bus,103
151848,QBUZZ,Qbuzz,bus,104
151849,QBUZZ,Qbuzz,bus,108
151852,QBUZZ,Qbuzz,bus,197
151854,QBUZZ,Qbuzz,bus,217
151856,QBUZZ,Qbuzz,bus,315
151857,QBUZZ,Qbuzz,bus,320
151858,QBUZZ,Qbuzz,bus,324
151859,QBUZZ,Qbuzz,bus,350
151860,QBUZZ,Qbuzz,bus,355
151861,QBUZZ,Qbuzz,bus,356
151862,QBUZZ,Qbuzz,bus,380
151863,QBUZZ,Qbuzz,bus,390
151865,QBUZZ,Qbuzz,bus,1
151866,QBUZZ,Qbuzz,bus,2
151867,QBUZZ,Qbuzz,bus,3
151868,QBUZZ,Qbuzz,bus,4
151869,QBUZZ,Qbuzz,bus,6
151870,QBUZZ,Qbuzz,bus,1
151871,QBUZZ,Qbuzz,bus,2
151872,QBUZZ,Qbuzz,bus,3
151873,QBUZZ,Qbuzz,bus,1
151874,QBUZZ,Qbuzz,bus,2
151875,QBUZZ,Qbuzz,bus,9
151876,QBUZZ,Qbuzz,bus,1
151878,QBUZZ,Qbuzz,bus,2
151879,QBUZZ,Qbuzz,bus,3
151880,QBUZZ,Qbuzz,bus,4
151881,QBUZZ,Qbuzz,bus,5
151882,QBUZZ,Qbuzz,bus,7
151884,QBUZZ,Qbuzz,bus,10
151885,QBUZZ,Qbuzz,bus,1
151886,QBUZZ,Qbuzz,bus,13
151887,QBUZZ,Qbuzz,bus,14
151888,QBUZZ,Qbuzz,bus,15
151889,QBUZZ,Qbuzz,bus,6
151890,QBUZZ,Qbuzz,bus,21
151891,QBUZZ,Qbuzz,bus,74
151893,QBUZZ,Qbuzz,bus,80
151894,QBUZZ,Qbuzz,bus,90
151895,QBUZZ,Qbuzz,bus,92
151896,QBUZZ,Qbuzz,bus,93
151897,QBUZZ,Qbuzz,bus,387
151898,QBUZZ,Qbuzz,bus,388
151899,QBUZZ,Qbuzz,bus,416
151900,QBUZZ,Qbuzz,bus,488
151901,QBUZZ,Qbuzz,bus,489
151902,QBUZZ,Qbuzz,bus,491
151903,QBUZZ,Qbuzz,bus,701
151904,QBUZZ,Qbuzz,bus,702
151905,QBUZZ,Qbuzz,bus,704
151906,QBUZZ,Qbuzz,bus,705
151907,QBUZZ,Qbuzz,bus,706
151908,QBUZZ,Qbuzz,bus,707
151909,QBUZZ,Qbuzz,bus,717
151910,QBUZZ,Qbuzz,bus,804
151911,QBUZZ,Qbuzz,bus,904
151912,QBUZZ,Qbuzz,bus,bB
151913,QBUZZ,Qbuzz,bus,bB
151914,QBUZZ,Qbuzz,bus,bB
151915,QBUZZ,Qbuzz,bus,bB
151919,QBUZZ,Qbuzz,bus,510
151920,QBUZZ,Qbuzz,bus,512
151921,QBUZZ,Qbuzz,bus,515
151922,QBUZZ,Qbuzz,bus,516
151923,QBUZZ,Qbuzz,bus,517
151926,QBUZZ,Qbuzz,bus,545
151927,QBUZZ,Qbuzz,bus,549
151929,QBUZZ,Qbuzz,bus,563
151930,QBUZZ,Qbuzz,bus,564
151932,QBUZZ,Qbuzz,bus,589
151933,QBUZZ,Qbuzz,bus,1
151934,QBUZZ,Qbuzz,bus,3
151935,QBUZZ,Qbuzz,bus,4
151937,QBUZZ,Qbuzz,bus,21
151938,QBUZZ,Qbuzz,bus,22
151940,QBUZZ,Qbuzz,bus,26
151941,QBUZZ,Qbuzz,bus,27
151942,QBUZZ,Qbuzz,bus,28
151943,QBUZZ,Qbuzz,bus,29
151944,QBUZZ,Qbuzz,bus,31
151945,QBUZZ,Qbuzz,bus,32
151946,QBUZZ,Qbuzz,bus,33
151947,QBUZZ,Qbuzz,bus,34
151948,QBUZZ,Qbuzz,bus,42
151949,QBUZZ,Qbuzz,bus,44
151951,QBUZZ,Qbuzz,bus,92
151952,QBUZZ,Qbuzz,bus,93
151953,QBUZZ,Qbuzz,bus,94
151954,QBUZZ,Qbuzz,bus,95
151956,QBUZZ,Qbuzz,bus,134
151961,QBUZZ,Qbuzz,bus,11
151962,QBUZZ,Qbuzz,bus,12
151963,QBUZZ,Qbuzz,bus,13
151964,QBUZZ,Qbuzz,bus,14
151965,QBUZZ,Qbuzz,bus,15
151966,QBUZZ,Qbuzz,bus,16
151967,QBUZZ,Qbuzz,bus,17
151970,QBUZZ,Qbuzz,bus,35
151971,QBUZZ,Qbuzz,bus,36
151973,QBUZZ,Qbuzz,bus,39
151974,QBUZZ,Qbuzz,bus,41
151977,QBUZZ,Qbuzz,bus,50
151978,QBUZZ,Qbuzz,bus,51
151979,QBUZZ,Qbuzz,bus,61
151980,QBUZZ,Qbuzz,bus,63
151981,QBUZZ,Qbuzz,bus,65
151982,QBUZZ,Qbuzz,bus,68
151983,QBUZZ,Qbuzz,bus,71
151984,QBUZZ,Qbuzz,bus,72
151986,QBUZZ,Qbuzz,bus,74
151987,QBUZZ,Qbuzz,bus,75
151988,QBUZZ,Qbuzz,bus,76
151990,QBUZZ,Qbuzz,bus,83
151991,QBUZZ,Qbuzz,bus,85
151992,QBUZZ,Qbuzz,bus,89
151994,QBUZZ,Qbuzz,bus,109
151996,QBUZZ,Qbuzz,bus,119
151997,QBUZZ,Qbuzz,bus,133
151999,QBUZZ,Qbuzz,bus,163
152001,QBUZZ,Qbuzz,bus,171
152004,QBUZZ,Qbuzz,bus,178
152021,QBUZZ,Qbuzz,bus,1
152022,QBUZZ,Qbuzz,bus,2
152023,QBUZZ,Qbuzz,bus,3
152024,QBUZZ,Qbuzz,bus,4
152025,QBUZZ,Qbuzz,bus,5
152028,QBUZZ,Qbuzz,bus,8
152030,QBUZZ,Qbuzz,bus,10
153651,QBUZZ,Qbuzz,bus,59
154225,QBUZZ,Qbuzz,bus,HOPN
154238,QBUZZ,Qbuzz,bus,20
154239,QBUZZ,Qbuzz,bus,24
154240,QBUZZ,Qbuzz,bus,300
154241,QBUZZ,Qbuzz,bus,304
154242,QBUZZ,Qbuzz,bus,309
154243,QBUZZ,Qbuzz,bus,310
154244,QBUZZ,Qbuzz,bus,312
154245,QBUZZ,Qbuzz,bus,314
154246,QBUZZ,Qbuzz,bus,319
154247,QBUZZ,Qbuzz,bus,6
154248,QBUZZ,Qbuzz,bus,7
154249,QBUZZ,Qbuzz,bus,9
154250,QBUZZ,Qbuzz,bus,19
154727,QBUZZ,Qbuzz,bus,9
154728,QBUZZ,Qbuzz,bus,10
154729,QBUZZ,Qbuzz,bus,26
154730,QBUZZ,Qbuzz,bus,27
154731,QBUZZ,Qbuzz,bus,38
154732,QBUZZ,Qbuzz,bus,39
154733,QBUZZ,Qbuzz,bus,61
154734,QBUZZ,Qbuzz,bus,101
154735,QBUZZ,Qbuzz,bus,151
154736,QBUZZ,Qbuzz,bus,190
154738,QBUZZ,Qbuzz,bus,695
155294,QBUZZ,Qbuzz,bus,9
155295,QBUZZ,Qbuzz,bus,685
155424,QBUZZ,Qbuzz,bus,25
155425,QBUZZ,Qbuzz,bus,127
155426,QBUZZ,Qbuzz,bus,422
155427,QBUZZ,Qbuzz,bus,428
155428,QBUZZ,Qbuzz,bus,432
155429,QBUZZ,Qbuzz,bus,434
155431,QBUZZ,Qbuzz,bus,43
155432,QBUZZ,Qbuzz,bus,45
155433,QBUZZ,Qbuzz,bus,77
155434,QBUZZ,Qbuzz,bus,139
155435,QBUZZ,Qbuzz,bus,165
155436,QBUZZ,Qbuzz,bus,173
155439,QBUZZ,Qbuzz,bus,404
155440,QBUZZ,Qbuzz,bus,406
155441,QBUZZ,Qbuzz,bus,409
155442,QBUZZ,Qbuzz,bus,410
155443,QBUZZ,Qbuzz,bus,417
155444,QBUZZ,Qbuzz,bus,418
155445,QBUZZ,Qbuzz,bus,471
155446,QBUZZ,Qbuzz,bus,11
155447,QBUZZ,Qbuzz,bus,18
155448,QBUZZ,Qbuzz,bus,617
155449,QBUZZ,Qbuzz,bus,640
155450,QBUZZ,Qbuzz,bus,641
159791,QBUZZ,Qbuzz,bus,520
159792,QBUZZ,Qbuzz,bus,522
159793,QBUZZ,Qbuzz,bus,524
159794,QBUZZ,Qbuzz,bus,562
159795,QBUZZ,Qbuzz,bus,565
159796,QBUZZ,Qbuzz,bus,37
159797,QBUZZ,Qbuzz,bus,107
159798,QBUZZ,Qbuzz,bus,110
159799,QBUZZ,Qbuzz,bus,209
159801,QBUZZ,Qbuzz,bus,17
159818,QBUZZ,Qbuzz,bus,15
159819,QBUZZ,Qbuzz,bus,9
159820,QBUZZ,Qbuzz,bus,75
160504,QBUZZ,Qbuzz,bus,888
160740,QBUZZ,Qbuzz,bus,284
161721,QBUZZ,Qbuzz,bus,6011
161722,QBUZZ,Qbuzz,bus,6021
161723,QBUZZ,Qbuzz,bus,6031
161724,QBUZZ,Qbuzz,bus,6032
161725,QBUZZ,Qbuzz,bus,6041
161726,QBUZZ,Qbuzz,bus,6051
161727,QBUZZ,Qbuzz,bus,6061
161728,QBUZZ,Qbuzz,bus,6062
161729,QBUZZ,Qbuzz,bus,6071
161730,QBUZZ,Qbuzz,bus,6072
161731,QBUZZ,Qbuzz,bus,6081
161732,QBUZZ,Qbuzz,bus,6082
161733,QBUZZ,Qbuzz,bus,6092
161734,QBUZZ,Qbuzz,bus,6093
161735,QBUZZ,Qbuzz,bus,6101
161736,QBUZZ,Qbuzz,bus,6111
161737,QBUZZ,Qbuzz,bus,6112
161738,QBUZZ,Qbuzz,bus,6121
161739,QBUZZ,Qbuzz,bus,6123
161740,QBUZZ,Qbuzz,bus,6131
161741,QBUZZ,Qbuzz,bus,6141
161742,QBUZZ,Qbuzz,bus,6152
161743,QBUZZ,Qbuzz,bus,6153
161744,QBUZZ,Qbuzz,bus,6161
161745,QBUZZ,Qbuzz,bus,6171
161746,QBUZZ,Qbuzz,bus,6181
161747,QBUZZ,Qbuzz,bus,6191
161748,QBUZZ,Qbuzz,bus,6192
161749,QBUZZ,Qbuzz,bus,6201
161750,QBUZZ,Qbuzz,bus,6211
161751,QBUZZ,Qbuzz,bus,6212
161752,QBUZZ,Qbuzz,bus,6221
161753,QBUZZ,Qbuzz,bus,6231
161754,QBUZZ,Qbuzz,bus,6232
161755,QBUZZ,Qbuzz,bus,6241
161756,QBUZZ,Qbuzz,bus,6251
161757,QBUZZ,Qbuzz,bus,6261
161758,QBUZZ,Qbuzz,bus,6271
161759,QBUZZ,Qbuzz,bus,6281
161760,QBUZZ,Qbuzz,bus,6291
161761,QBUZZ,Qbuzz,bus,6301
161762,QBUZZ,Qbuzz,bus,6311
161763,QBUZZ,Qbuzz,bus,6321
161764,QBUZZ,Qbuzz,bus,6331
161765,QBUZZ,Qbuzz,bus,6341
161766,QBUZZ,Qbuzz,bus,6361
161767,QBUZZ,Qbuzz,bus,6371
161768,QBUZZ,Qbuzz,bus,6381
161769,QBUZZ,Qbuzz,bus,6391
161770,QBUZZ,Qbuzz,bus,6401
161771,QBUZZ,Qbuzz,bus,6411
161772,QBUZZ,Qbuzz,bus,6421
161773,QBUZZ,Qbuzz,bus,6431
161774,QBUZZ,Qbuzz,bus,6441
161775,QBUZZ,Qbuzz,bus,6451
161776,QBUZZ,Qbuzz,bus,6461
161777,QBUZZ,Qbuzz,bus,6481
161778,QBUZZ,Qbuzz,bus,6491
161779,QBUZZ,Qbuzz,bus,6492
161780,QBUZZ,Qbuzz,bus,6501
161781,QBUZZ,Qbuzz,bus,6502
161782,QBUZZ,Qbuzz,bus,6511
161783,QBUZZ,Qbuzz,bus,6512
161784,QBUZZ,Qbuzz,bus,6521
161785,QBUZZ,Qbuzz,bus,6522
161786,QBUZZ,Qbuzz,bus,6532
161787,QBUZZ,Qbuzz,bus,6533
161788,QBUZZ,Qbuzz,bus,6541
161789,QBUZZ,Qbuzz,bus,6542
161790,QBUZZ,Qbuzz,bus,6551
161791,QBUZZ,Qbuzz,bus,6552
161792,QBUZZ,Qbuzz,bus,6561
161793,QBUZZ,Qbuzz,bus,6563
161794,QBUZZ,Qbuzz,bus,6571
161795,QBUZZ,Qbuzz,bus,6581
161796,QBUZZ,Qbuzz,bus,6591
161797,QBUZZ,Qbuzz,bus,6592
161798,QBUZZ,Qbuzz,bus,6601
161799,QBUZZ,Qbuzz,bus,6602
161800,QBUZZ,Qbuzz,bus,6611
161801,QBUZZ,Qbuzz,bus,6623
161802,QBUZZ,Qbuzz,bus,6624
161803,QBUZZ,Qbuzz,bus,6631
161804,QBUZZ,Qbuzz,bus,6642
161805,QBUZZ,Qbuzz,bus,6651
161806,QBUZZ,Qbuzz,bus,6661
161807,QBUZZ,Qbuzz,bus,6671
161808,QBUZZ,Qbuzz,bus,6681
161809,QBUZZ,Qbuzz,bus,6691
161810,QBUZZ,Qbuzz,bus,6692
161811,QBUZZ,Qbuzz,bus,6701
161812,QBUZZ,Qbuzz,bus,6702
161813,QBUZZ,Qbuzz,bus,6711
161814,QBUZZ,Qbuzz,bus,6721
161815,QBUZZ,Qbuzz,bus,6722
161816,QBUZZ,Qbuzz,bus,6732
161817,QBUZZ,Qbuzz,bus,6733
161818,QBUZZ,Qbuzz,bus,6741
161819,QBUZZ,Qbuzz,bus,6742
161820,QBUZZ,Qbuzz,bus,6771
161821,QBUZZ,Qbuzz,bus,6781
161822,QBUZZ,Qbuzz,bus,6791
161823,QBUZZ,Qbuzz,bus,6801
161824,QBUZZ,Qbuzz,bus,6811
161825,QBUZZ,Qbuzz,bus,6821
161826,QBUZZ,Qbuzz,bus,6831
161827,QBUZZ,Qbuzz,bus,6861
161828,QBUZZ,Qbuzz,bus,6891
161829,QBUZZ,Qbuzz,bus,6901
161830,QBUZZ,Qbuzz,bus,6921
161831,QBUZZ,Qbuzz,bus,6991
161832,QBUZZ,Qbuzz,bus,7011
161833,QBUZZ,Qbuzz,bus,7021
161834,QBUZZ,Qbuzz,bus,7031
161835,QBUZZ,Qbuzz,bus,7041
161836,QBUZZ,Qbuzz,bus,7043
161837,QBUZZ,Qbuzz,bus,7051
161838,QBUZZ,Qbuzz,bus,7053
161839,QBUZZ,Qbuzz,bus,7061
161840,QBUZZ,Qbuzz,bus,7063
161841,QBUZZ,Qbuzz,bus,7071
161842,QBUZZ,Qbuzz,bus,7075
161843,QBUZZ,Qbuzz,bus,7081
161844,QBUZZ,Qbuzz,bus,7083
161845,QBUZZ,Qbuzz,bus,7084
161846,QBUZZ,Qbuzz,bus,7091
161847,QBUZZ,Qbuzz,bus,7093
161848,QBUZZ,Qbuzz,bus,7094
161849,QBUZZ,Qbuzz,bus,7101
161850,QBUZZ,Qbuzz,bus,7103
161851,QBUZZ,Qbuzz,bus,7104
161852,QBUZZ,Qbuzz,bus,7111
161853,QBUZZ,Qbuzz,bus,7113
161854,QBUZZ,Qbuzz,bus,7114
161855,QBUZZ,Qbuzz,bus,7121
161856,QBUZZ,Qbuzz,bus,7123
161857,QBUZZ,Qbuzz,bus,7124
161858,QBUZZ,Qbuzz,bus,7131
161859,QBUZZ,Qbuzz,bus,7133
161860,QBUZZ,Qbuzz,bus,7134
161861,QBUZZ,Qbuzz,bus,7141
161862,QBUZZ,Qbuzz,bus,7143
161863,QBUZZ,Qbuzz,bus,7144
161864,QBUZZ,Qbuzz,bus,7151
161865,QBUZZ,Qbuzz,bus,7153
161866,QBUZZ,Qbuzz,bus,7154
161867,QBUZZ,Qbuzz,bus,7161
161868,QBUZZ,Qbuzz,bus,7163
161869,QBUZZ,Qbuzz,bus,7164
161870,QBUZZ,Qbuzz,bus,7171
161871,QBUZZ,Qbuzz,bus,7173
161872,QBUZZ,Qbuzz,bus,7174
161873,QBUZZ,Qbuzz,bus,7183
161874,QBUZZ,Qbuzz,bus,7191
161875,QBUZZ,Qbuzz,bus,7193
161876,QBUZZ,Qbuzz,bus,7201
161877,QBUZZ,Qbuzz,bus,7203
161878,QBUZZ,Qbuzz,bus,7211
161879,QBUZZ,Qbuzz,bus,7213
161880,QBUZZ,Qbuzz,bus,7221
161881,QBUZZ,Qbuzz,bus,7223
161882,QBUZZ,Qbuzz,bus,7231
161883,QBUZZ,Qbuzz,bus,7241
161884,QBUZZ,Qbuzz,bus,7251
161885,QBUZZ,Qbuzz,bus,7261
161886,QBUZZ,Qbuzz,bus,7271
161887,QBUZZ,Qbuzz,bus,7281
161888,QBUZZ,Qbuzz,bus,7291
161889,QBUZZ,Qbuzz,bus,7301
161890,QBUZZ,Qbuzz,bus,7311
161891,QBUZZ,Qbuzz,bus,7321
161892,QBUZZ,Qbuzz,bus,7323
161893,QBUZZ,Qbuzz,bus,7341
161894,QBUZZ,Qbuzz,bus,7343
161895,QBUZZ,Qbuzz,bus,7371
161896,QBUZZ,Qbuzz,bus,7381
161897,QBUZZ,Qbuzz,bus,7391
161898,QBUZZ,Qbuzz,bus,7393
161899,QBUZZ,Qbuzz,bus,7401
161900,QBUZZ,Qbuzz,bus,7403
161901,QBUZZ,Qbuzz,bus,7411
161902,QBUZZ,Qbuzz,bus,7413
161903,QBUZZ,Qbuzz,bus,7421
161904,QBUZZ,Qbuzz,bus,7423
161905,QBUZZ,Qbuzz,bus,7431
161906,QBUZZ,Qbuzz,bus,7501
161907,QBUZZ,Qbuzz,bus,7511
161908,QBUZZ,Qbuzz,bus,7521
161909,QBUZZ,Qbuzz,bus,7522
161910,QBUZZ,Qbuzz,bus,7531
161911,QBUZZ,Qbuzz,bus,7532
161912,QBUZZ,Qbuzz,bus,7541
161913,QBUZZ,Qbuzz,bus,7551
161914,QBUZZ,Qbuzz,bus,7552
161915,QBUZZ,Qbuzz,bus,7561
161916,QBUZZ,Qbuzz,bus,7571
161917,QBUZZ,Qbuzz,bus,7581
161918,QBUZZ,Qbuzz,bus,7582
161919,QBUZZ,Qbuzz,bus,7591
161920,QBUZZ,Qbuzz,bus,7601
161921,QBUZZ,Qbuzz,bus,7602
161922,QBUZZ,Qbuzz,bus,7611
161923,QBUZZ,Qbuzz,bus,7711
161924,QBUZZ,Qbuzz,bus,7721
161925,QBUZZ,Qbuzz,bus,7731
161926,QBUZZ,Qbuzz,bus,7741
161927,QBUZZ,Qbuzz,bus,7751
161928,QBUZZ,Qbuzz,bus,7761
161929,QBUZZ,Qbuzz,bus,7771
161930,QBUZZ,Qbuzz,bus,7801
161931,QBUZZ,Qbuzz,bus,7811
161932,QBUZZ,Qbuzz,bus,7831
161933,QBUZZ,Qbuzz,bus,7841
161934,QBUZZ,Qbuzz,bus,7861
161935,QBUZZ,Qbuzz,bus,7871
161936,QBUZZ,Qbuzz,bus,7881
161937,QBUZZ,Qbuzz,bus,7901
161938,QBUZZ,Qbuzz,bus,7902
161939,QBUZZ,Qbuzz,bus,7911
161940,QBUZZ,Qbuzz,bus,7912
161941,QBUZZ,Qbuzz,bus,7931
161942,QBUZZ,Qbuzz,bus,7941
161943,QBUZZ,Qbuzz,bus,7943
161944,QBUZZ,Qbuzz,bus,7961
161945,QBUZZ,Qbuzz,bus,7963
161946,QBUZZ,Qbuzz,bus,7971
161947,QBUZZ,Qbuzz,bus,7973
161948,QBUZZ,Qbuzz,bus,7981
161949,QBUZZ,Qbuzz,bus,7983
161950,QBUZZ,Qbuzz,bus,7991
161951,QBUZZ,Qbuzz,bus,7993
161952,QBUZZ,Qbuzz,bus,8001
161953,QBUZZ,Qbuzz,bus,8002
161954,QBUZZ,Qbuzz,bus,8011
161955,QBUZZ,Qbuzz,bus,8012
161956,QBUZZ,Qbuzz,bus,8022
161957,QBUZZ,Qbuzz,bus,8023
161958,QBUZZ,Qbuzz,bus,8032
161959,QBUZZ,Qbuzz,bus,8042
161960,QBUZZ,Qbuzz,bus,8052
161961,QBUZZ,Qbuzz,bus,8061
161962,QBUZZ,Qbuzz,bus,8062
161963,QBUZZ,Qbuzz,bus,8071
161964,QBUZZ,Qbuzz,bus,8072
161965,QBUZZ,Qbuzz,bus,8082
161966,QBUZZ,Qbuzz,bus,8083
161967,QBUZZ,Qbuzz,bus,8092
161968,QBUZZ,Qbuzz,bus,8093
161969,QBUZZ,Qbuzz,bus,8102
161970,QBUZZ,Qbuzz,bus,8103
161971,QBUZZ,Qbuzz,bus,8111
161972,QBUZZ,Qbuzz,bus,8112
161973,QBUZZ,Qbuzz,bus,8121
161974,QBUZZ,Qbuzz,bus,8131
161975,QBUZZ,Qbuzz,bus,8132
161976,QBUZZ,Qbuzz,bus,8141
161977,QBUZZ,Qbuzz,bus,8142
161978,QBUZZ,Qbuzz,bus,8151
161979,QBUZZ,Qbuzz,bus,8152
161980,QBUZZ,Qbuzz,bus,8161
161981,QBUZZ,Qbuzz,bus,8162
161982,QBUZZ,Qbuzz,bus,8171
161983,QBUZZ,Qbuzz,bus,8172
161984,QBUZZ,Qbuzz,bus,8183
161985,QBUZZ,Qbuzz,bus,8191
161986,QBUZZ,Qbuzz,bus,8201
161987,QBUZZ,Qbuzz,bus,8211
161988,QBUZZ,Qbuzz,bus,8221
161989,QBUZZ,Qbuzz,bus,8231
161990,QBUZZ,Qbuzz,bus,8232
161991,QBUZZ,Qbuzz,bus,8241
161992,QBUZZ,Qbuzz,bus,8242
161993,QBUZZ,Qbuzz,bus,8251
161994,QBUZZ,Qbuzz,bus,8252
161995,QBUZZ,Qbuzz,bus,8261
161996,QBUZZ,Qbuzz,bus,8271
161997,QBUZZ,Qbuzz,bus,8281
161998,QBUZZ,Qbuzz,bus,8311
161999,QBUZZ,Qbuzz,bus,8321
162000,QBUZZ,Qbuzz,bus,8331
162001,QBUZZ,Qbuzz,bus,8341
162002,QBUZZ,Qbuzz,bus,8352
162003,QBUZZ,Qbuzz,bus,8362
162004,QBUZZ,Qbuzz,bus,8372
162005,QBUZZ,Qbuzz,bus,8381
162006,QBUZZ,Qbuzz,bus,8382
162007,QBUZZ,Qbuzz,bus,8391
162008,QBUZZ,Qbuzz,bus,8392
162009,QBUZZ,Qbuzz,bus,8411
162010,QBUZZ,Qbuzz,bus,8421
162011,QBUZZ,Qbuzz,bus,8422
162012,QBUZZ,Qbuzz,bus,8431
162013,QBUZZ,Qbuzz,bus,8451
162014,QBUZZ,Qbuzz,bus,8461
162015,QBUZZ,Qbuzz,bus,8471
162016,QBUZZ,Qbuzz,bus,8472
162017,QBUZZ,Qbuzz,bus,8482
162018,QBUZZ,Qbuzz,bus,8492
162019,QBUZZ,Qbuzz,bus,8502
162020,QBUZZ,Qbuzz,bus,8601
162021,QBUZZ,Qbuzz,bus,8602
162022,QBUZZ,Qbuzz,bus,8611
162023,QBUZZ,Qbuzz,bus,8621
162024,QBUZZ,Qbuzz,bus,8631
162025,QBUZZ,Qbuzz,bus,8641
162026,QBUZZ,Qbuzz,bus,8651
162027,QBUZZ,Qbuzz,bus,8661
162028,QBUZZ,Qbuzz,bus,8671
162029,QBUZZ,Qbuzz,bus,8681
162030,QBUZZ,Qbuzz,bus,8691
162031,QBUZZ,Qbuzz,bus,8701
162032,QBUZZ,Qbuzz,bus,8711
162033,QBUZZ,Qbuzz,bus,8721
162034,QBUZZ,Qbuzz,bus,8731
162035,QBUZZ,Qbuzz,bus,8741
162036,QBUZZ,Qbuzz,bus,8751
162037,QBUZZ,Qbuzz,bus,8761
162038,QBUZZ,Qbuzz,bus,8771
162039,QBUZZ,Qbuzz,bus,8772
162040,QBUZZ,Qbuzz,bus,8781
162041,QBUZZ,Qbuzz,bus,8782
162042,QBUZZ,Qbuzz,bus,8791
162043,QBUZZ,Qbuzz,bus,8792
162044,QBUZZ,Qbuzz,bus,8801
162045,QBUZZ,Qbuzz,bus,8811
162046,QBUZZ,Qbuzz,bus,8821
162047,QBUZZ,Qbuzz,bus,8831
162048,QBUZZ,Qbuzz,bus,8832
162049,QBUZZ,Qbuzz,bus,8841
162050,QBUZZ,Qbuzz,bus,8842
162051,QBUZZ,Qbuzz,bus,8851
162052,QBUZZ,Qbuzz,bus,8852
162053,QBUZZ,Qbuzz,bus,8861
162054,QBUZZ,Qbuzz,bus,8862
162055,QBUZZ,Qbuzz,bus,8871
162056,QBUZZ,Qbuzz,bus,8872
162057,QBUZZ,Qbuzz,bus,8881
162058,QBUZZ,Qbuzz,bus,8882
162059,QBUZZ,Qbuzz,bus,8891
162060,QBUZZ,Qbuzz,bus,8901
162061,QBUZZ,Qbuzz,bus,8911
162062,QBUZZ,Qbuzz,bus,8921
162063,QBUZZ,Qbuzz,bus,8922
162064,QBUZZ,Qbuzz,bus,8931
162065,QBUZZ,Qbuzz,bus,8941
162066,QBUZZ,Qbuzz,bus,8951
162067,QBUZZ,Qbuzz,bus,8961
162068,QBUZZ,Qbuzz,bus,8981
162069,QBUZZ,Qbuzz,bus,8991
162070,QBUZZ,Qbuzz,bus,9011
162071,QBUZZ,Qbuzz,bus,9021
162072,QBUZZ,Qbuzz,bus,9031
162073,QBUZZ,Qbuzz,bus,9041
162074,QBUZZ,Qbuzz,bus,9042
162075,QBUZZ,Qbuzz,bus,9051
162076,QBUZZ,Qbuzz,bus,9061
162077,QBUZZ,Qbuzz,bus,9071
162078,QBUZZ,Qbuzz,bus,9081
162079,QBUZZ,Qbuzz,bus,9111
162080,QBUZZ,Qbuzz,bus,9121
162081,QBUZZ,Qbuzz,bus,9131
162082,QBUZZ,Qbuzz,bus,9141
162083,QBUZZ,Qbuzz,bus,9151
162084,QBUZZ,Qbuzz,bus,9161
162085,QBUZZ,Qbuzz,bus,9171
162086,QBUZZ,Qbuzz,bus,9181
162087,QBUZZ,Qbuzz,bus,9191
162088,QBUZZ,Qbuzz,bus,9201
162089,QBUZZ,Qbuzz,bus,9211
162090,QBUZZ,Qbuzz,bus,9221
162091,QBUZZ,Qbuzz,bus,9231
162092,QBUZZ,Qbuzz,bus,9241
162093,QBUZZ,Qbuzz,bus,9251
162094,QBUZZ,Qbuzz,bus,9252
162095,QBUZZ,Qbuzz,bus,9261
162096,QBUZZ,Qbuzz,bus,9271
162097,QBUZZ,Qbuzz,bus,9272
162098,QBUZZ,Qbuzz,bus,9291
162099,QBUZZ,Qbuzz,bus,9292
162100,QBUZZ,Qbuzz,bus,9321
162101,QBUZZ,Qbuzz,bus,9341
162102,QBUZZ,Qbuzz,bus,9351
162103,QBUZZ,Qbuzz,bus,9361
162104,QBUZZ,Qbuzz,bus,9371
162105,QBUZZ,Qbuzz,bus,9381
162106,QBUZZ,Qbuzz,bus,9401
162107,QBUZZ,Qbuzz,bus,9411
162108,QBUZZ,Qbuzz,bus,9512
162109,QBUZZ,Qbuzz,bus,9513
162110,QBUZZ,Qbuzz,bus,9521
162111,QBUZZ,Qbuzz,bus,9523
162112,QBUZZ,Qbuzz,bus,9531
162113,QBUZZ,Qbuzz,bus,9533
162114,QBUZZ,Qbuzz,bus,9541
162115,QBUZZ,Qbuzz,bus,9561
162116,QBUZZ,Qbuzz,bus,9571
162117,QBUZZ,Qbuzz,bus,9581
162118,QBUZZ,Qbuzz,bus,9602
162119,QBUZZ,Qbuzz,bus,9611
162120,QBUZZ,Qbuzz,bus,9651
162121,QBUZZ,Qbuzz,bus,9691
162122,QBUZZ,Qbuzz,bus,9692
162123,QBUZZ,Qbuzz,bus,9711
162124,QBUZZ,Qbuzz,bus,9721
162125,QBUZZ,Qbuzz,bus,9731
162514,QBUZZ,Qbuzz,bus,73
162515,QBUZZ,Qbuzz,bus,400
162516,QBUZZ,Qbuzz,bus,801
152831,RET,RET,bus,1
152832,RET,RET,bus,2
152833,RET,RET,bus,3
152834,RET,RET,bus,4
152835,RET,RET,bus,5
152836,RET,RET,bus,7
152837,RET,RET,bus,8
152838,RET,RET,bus,9
152839,RET,RET,bus,10
152840,RET,RET,bus,11
152841,RET,RET,bus,13
152842,RET,RET,bus,16
152843,RET,RET,bus,19
152844,RET,RET,bus,30
152845,RET,RET,bus,31
152846,RET,RET,bus,32
152848,RET,RET,bus,35
152849,RET,RET,bus,36
152850,RET,RET,bus,38
152852,RET,RET,bus,42
152853,RET,RET,bus,44
152855,RET,RET,bus,52
152856,RET,RET,bus,53
152858,RET,RET,bus,56
152859,RET,RET,bus,61
152860,RET,RET,bus,62
152861,RET,RET,bus,63
152862,RET,RET,bus,64
152863,RET,RET,bus,66
152864,RET,RET,bus,67
152865,RET,RET,bus,68
152866,RET,RET,bus,69
152867,RET,RET,bus,70
152868,RET,RET,bus,71
152869,RET,RET,bus,72
152870,RET,RET,bus,75
152871,RET,RET,bus,76
152872,RET,RET,bus,77
152873,RET,RET,bus,82
152874,RET,RET,bus,83
152875,RET,RET,bus,84
152876,RET,RET,bus,96
152880,RET,RET,bus,140
152881,RET,RET,bus,142
152882,RET,RET,bus,143
152883,RET,RET,bus,144
152886,RET,RET,bus,156
152887,RET,RET,bus,170
152888,RET,RET,bus,172
152889,RET,RET,bus,173
152890,RET,RET,bus,174
152891,RET,RET,bus,183
152892,RET,RET,bus,187
152893,RET,RET,bus,283
152894,RET,RET,bus,290
152895,RET,RET,bus,533
152896,RET,RET,bus,547
152897,RET,RET,bus,567
152898,RET,RET,bus,569
152899,RET,RET,bus,602
152900,RET,RET,bus,603
152901,RET,RET,bus,606
152902,RET,RET,bus,607
152903,RET,RET,bus,608
152904,RET,RET,bus,609
152905,RET,RET,bus,610
152906,RET,RET,bus,612
152910,RET,RET,bus,668
152918,RET,RET,tram,3
152920,RET,RET,tram,5
152922,RET,RET,tram,7
152923,RET,RET,tram,8
153467,RET,RET,bus,97
153468,RET,RET,bus,98
154170,RET,RET,bus,54
154173,RET,RET,tram,12
154174,RET,RET,tram,14
154469,RET,RET,tram,2
155515,RET,RET,tram,18
159815,RET,RET,tram,1
159816,RET,RET,tram,6
159817,RET,RET,tram,11
161158,RET,RET,bus,145
161205,RET,RET,bus,33
161206,RET,RET,bus,40
161207,RET,RET,bus,51
161208,RET,RET,bus,126
161209,RET,RET,bus,701
161210,RET,RET,tram,4
161720,RET,RET,bus,705
163041,RET,RET,bus,146
163042,RET,RET,metro,A
163043,RET,RET,metro,B
163044,RET,RET,metro,C
163045,RET,RET,metro,D
163046,RET,RET,metro,E
153435,RRREIS,RRReis,bus,524
153436,RRREIS,RRReis,bus,525
153437,RRREIS,RRReis,bus,526
153438,RRREIS,RRReis,bus,555
153439,RRREIS,RRReis,bus,556
153440,RRREIS,RRReis,bus,560
153441,RRREIS,RRReis,bus,566
153442,RRREIS,RRReis,bus,589
153443,RRREIS,RRReis,bus,590
153449,RRREIS,RRReis,bus,505
153450,RRREIS,RRReis,bus,511
153453,RRREIS,RRReis,bus,220
153454,RRREIS,RRReis,bus,221
153456,RRREIS,RRReis,bus,561
153457,RRREIS,RRReis,bus,562
153458,RRREIS,RRReis,bus,563
153459,RRREIS,RRReis,bus,564
153460,RRREIS,RRReis,bus,565
153461,RRREIS,RRReis,bus,568
153462,RRREIS,RRReis,bus,569
154452,RRREIS,RRReis,bus,801
154453,RRREIS,RRReis,bus,804
154454,RRREIS,RRReis,bus,805
154455,RRREIS,RRReis,bus,806
154456,RRREIS,RRReis,bus,807
154457,RRREIS,RRReis,bus,802
154458,RRREIS,RRReis,bus,803
154459,RRREIS,RRReis,bus,808
154460,RRREIS,RRReis,bus,809
154461,RRREIS,RRReis,bus,810
154462,RRREIS,RRReis,bus,811
154463,RRREIS,RRReis,bus,812
154464,RRREIS,RRReis,bus,813
154465,RRREIS,RRReis,bus,814
154466,RRREIS,RRReis,bus,815
160231,RRREIS,RRReis,bus,509
160232,RRREIS,RRReis,bus,507
160233,RRREIS,RRReis,bus,508
160234,RRREIS,RRReis,bus,506
160235,RRREIS,RRReis,bus,502
160236,RRREIS,RRReis,bus,501
160237,RRREIS,RRReis,bus,519
160238,RRREIS,RRReis,bus,591
160239,RRREIS,RRReis,bus,590
160240,RRREIS,RRReis,bus,515
160241,RRREIS,RRReis,bus,512
160242,RRREIS,RRReis,bus,563
160243,RRREIS,RRReis,bus,597
160244,RRREIS,RRReis,bus,504
160245,RRREIS,RRReis,bus,521
160246,RRREIS,RRReis,bus,522
160247,RRREIS,RRReis,bus,512
160248,RRREIS,RRReis,bus,592
160249,RRREIS,RRReis,bus,9
160250,RRREIS,RRReis,bus,10
160251,RRREIS,RRReis,bus,573
160252,RRREIS,RRReis,bus,510
160253,RRREIS,RRReis,bus,503
160254,RRREIS,RRReis,bus,510
160255,RRREIS,RRReis,bus,514
160256,RRREIS,RRReis,bus,517
160257,RRREIS,RRReis,bus,518
160258,RRREIS,RRReis,bus,526
160259,RRREIS,RRReis,bus,568
160260,RRREIS,RRReis,bus,569
160261,RRREIS,RRReis,bus,604
160262,RRREIS,RRReis,bus,619
160263,RRREIS,RRReis,bus,625
160264,RRREIS,RRReis,bus,629
160265,RRREIS,RRReis,bus,646
160266,RRREIS,RRReis,bus,640
160267,RRREIS,RRReis,bus,660
160268,RRREIS,RRReis,bus,668
160269,RRREIS,RRReis,bus,659
160270,RRREIS,RRReis,bus,658
160271,RRREIS,RRReis,bus,652
160272,RRREIS,RRReis,bus,654
160273,RRREIS,RRReis,bus,669
160274,RRREIS,RRReis,bus,673
160275,RRREIS,RRReis,bus,674
160276,RRREIS,RRReis,bus,672
160277,RRREIS,RRReis,bus,679
160278,RRREIS,RRReis,bus,685
160279,RRREIS,RRReis,bus,686
160280,RRREIS,RRReis,bus,601
160281,RRREIS,RRReis,bus,598
160282,RRREIS,RRReis,bus,676
160283,RRREIS,RRReis,bus,651
160284,RRREIS,RRReis,bus,650
160285,RRREIS,RRReis,bus,657
160286,RRREIS,RRReis,bus,682
160287,RRREIS,RRReis,bus,681
160288,RRREIS,RRReis,bus,641
160289,RRREIS,RRReis,bus,516
160290,RRREIS,RRReis,bus,663
160291,RRREIS,RRReis,bus,513
160292,RRREIS,RRReis,bus,523
160293,RRREIS,RRReis,bus,599
160294,RRREIS,RRReis,bus,653
160295,RRREIS,RRReis,bus,687
160297,RRREIS,RRReis,bus,247
160298,RRREIS,RRReis,bus,216
160299,RRREIS,RRReis,bus,146
160300,RRREIS,RRReis,bus,15
160301,RRREIS,RRReis,bus,1
160302,RRREIS,RRReis,bus,147
160303,RRREIS,RRReis,bus,675
160304,RRREIS,RRReis,bus,129
160305,RRREIS,RRReis,bus,30
160306,RRREIS,RRReis,bus,160
160307,RRREIS,RRReis,bus,2
160308,RRREIS,RRReis,bus,3
160309,RRREIS,RRReis,bus,8
160310,RRREIS,RRReis,bus,165
160311,RRREIS,RRReis,bus,6
160312,RRREIS,RRReis,bus,5
160313,RRREIS,RRReis,bus,1
160314,RRREIS,RRReis,bus,6
160315,RRREIS,RRReis,bus,8
160316,RRREIS,RRReis,bus,10
160317,RRREIS,RRReis,bus,13
160318,RRREIS,RRReis,bus,4
160319,RRREIS,RRReis,bus,2
160320,RRREIS,RRReis,bus,76
160321,RRREIS,RRReis,bus,170
160322,RRREIS,RRReis,bus,17
160323,RRREIS,RRReis,bus,111
160324,RRREIS,RRReis,bus,70
160325,RRREIS,RRReis,bus,305
160326,RRREIS,RRReis,bus,199
160327,RRREIS,RRReis,bus,142
160328,RRREIS,RRReis,bus,101
160329,RRREIS,RRReis,bus,5
160330,RRREIS,RRReis,bus,8
160331,RRREIS,RRReis,bus,2
160332,RRREIS,RRReis,bus,16
160333,RRREIS,RRReis,bus,4
160334,RRREIS,RRReis,bus,1
160335,RRREIS,RRReis,bus,71
160336,RRREIS,RRReis,bus,171
160337,RRREIS,RRReis,bus,5
160338,RRREIS,RRReis,bus,174
160339,RRREIS,RRReis,bus,9
160340,RRREIS,RRReis,bus,7
160341,RRREIS,RRReis,bus,12
160342,RRREIS,RRReis,bus,671
160343,RRREIS,RRReis,bus,207
160344,RRREIS,RRReis,bus,210
160346,RRREIS,RRReis,bus,612
160347,RRREIS,RRReis,bus,3
160348,RRREIS,RRReis,bus,6
160349,RRREIS,RRReis,bus,218
160350,RRREIS,RRReis,bus,215
160351,RRREIS,RRReis,bus,13
160352,RRREIS,RRReis,bus,140
160353,RRREIS,RRReis,bus,11
160354,RRREIS,RRReis,bus,141
160355,RRREIS,RRReis,bus,301
160356,RRREIS,RRReis,bus,166
160357,RRREIS,RRReis,bus,3
160358,RRREIS,RRReis,bus,11
160359,RRREIS,RRReis,bus,11
160360,RRREIS,RRReis,bus,2
160361,RRREIS,RRReis,bus,7
160362,RRREIS,RRReis,bus,8
160363,RRREIS,RRReis,bus,4
160364,RRREIS,RRReis,bus,3
160365,RRREIS,RRReis,bus,7
160367,RRREIS,RRReis,bus,77
160368,RRREIS,RRReis,bus,16
160369,RRREIS,RRReis,bus,1
160370,RRREIS,RRReis,bus,112
160371,RRREIS,RRReis,bus,102
160372,RRREIS,RRReis,bus,13
160373,RRREIS,RRReis,bus,14
160374,RRREIS,RRReis,bus,214
160375,RRREIS,RRReis,bus,4
160376,RRREIS,RRReis,bus,10
160377,RRREIS,RRReis,bus,143
160378,RRREIS,RRReis,bus,11
160379,RRREIS,RRReis,bus,201
160380,RRREIS,RRReis,bus,161
160381,RRREIS,RRReis,bus,217
160382,RRREIS,RRReis,bus,41
160383,RRREIS,RRReis,bus,40
160384,RRREIS,RRReis,bus,1
160385,RRREIS,RRReis,bus,12
160386,RRREIS,RRReis,bus,304
160387,RRREIS,RRReis,bus,21
160388,RRREIS,RRReis,bus,150
160389,RRREIS,RRReis,bus,206
160390,RRREIS,RRReis,bus,74
160391,RRREIS,RRReis,bus,167
160392,RRREIS,RRReis,bus,867
160393,RRREIS,RRReis,bus,114
160394,RRREIS,RRReis,bus,104
160395,RRREIS,RRReis,bus,144
161113,RRREIS,RRReis,bus,560
161114,RRREIS,RRReis,bus,566
161115,RRREIS,RRReis,bus,67
161116,RRREIS,RRReis,bus,505
161117,RRREIS,RRReis,bus,511
161118,RRREIS,RRReis,bus,561
161119,RRREIS,RRReis,bus,563
161120,RRREIS,RRReis,bus,568
161121,RRREIS,RRReis,bus,569
161188,RRREIS,RRReis,bus,814
161546,RRREIS,RRReis,bus,2
161547,RRREIS,RRReis,bus,3
161548,RRREIS,RRReis,bus,4
161549,RRREIS,RRReis,bus,5
161550,RRREIS,RRReis,bus,6
161551,RRREIS,RRReis,bus,10
161552,RRREIS,RRReis,bus,11
161553,RRREIS,RRReis,bus,12
161554,RRREIS,RRReis,bus,13
161555,RRREIS,RRReis,bus,14
161556,RRREIS,RRReis,bus,21
161557,RRREIS,RRReis,bus,22
161558,RRREIS,RRReis,bus,23
161559,RRREIS,RRReis,bus,26
161560,RRREIS,RRReis,bus,51
161562,RRREIS,RRReis,bus,60
161563,RRREIS,RRReis,bus,61
161564,RRREIS,RRReis,bus,62
161565,RRREIS,RRReis,bus,64
161566,RRREIS,RRReis,bus,65
161567,RRREIS,RRReis,bus,66
161568,RRREIS,RRReis,bus,80
161569,RRREIS,RRReis,bus,81
161570,RRREIS,RRReis,bus,83
161571,RRREIS,RRReis,bus,95
161572,RRREIS,RRReis,bus,96
161573,RRREIS,RRReis,bus,98
161574,RRREIS,RRReis,bus,500
161575,RRREIS,RRReis,bus,501
161576,RRREIS,RRReis,bus,502
161586,RRREIS,RRReis,bus,664
161587,RRREIS,RRReis,bus,810
161591,RRREIS,RRReis,bus,7
161592,RRREIS,RRReis,bus,9
161593,RRREIS,RRReis,bus,24
161594,RRREIS,RRReis,bus,63
161595,RRREIS,RRReis,bus,97
161641,RRREIS,RRReis,bus,505
161642,RRREIS,RRReis,bus,507
161643,RRREIS,RRReis,bus,508
161644,RRREIS,RRReis,bus,513
161645,RRREIS,RRReis,bus,525
161646,RRREIS,RRReis,bus,589
161647,RRREIS,RRReis,bus,591
161648,RRREIS,RRReis,bus,593
161649,RRREIS,RRReis,bus,594
161650,RRREIS,RRReis,bus,595
161651,RRREIS,RRReis,bus,596
161652,RRREIS,RRReis,bus,597
161677,RRREIS,RRReis,bus,53
161687,RRREIS,RRReis,bus,506
161688,RRREIS,RRReis,bus,592
162126,RRREIS,RRReis,bus,1
162127,RRREIS,RRReis,bus,2
162128,RRREIS,RRReis,bus,3
162129,RRREIS,RRReis,bus,4
162130,RRREIS,RRReis,bus,5
162131,RRREIS,RRReis,bus,7
162132,RRREIS,RRReis,bus,8
162133,RRREIS,RRReis,bus,9
162134,RRREIS,RRReis,bus,10
162135,RRREIS,RRReis,bus,11
162136,RRREIS,RRReis,bus,12
162137,RRREIS,RRReis,bus,13
162138,RRREIS,RRReis,bus,26
162139,RRREIS,RRReis,bus,27
162140,RRREIS,RRReis,bus,29
162141,RRREIS,RRReis,bus,32
162142,RRREIS,RRReis,bus,33
162143,RRREIS,RRReis,bus,34
162144,RRREIS,RRReis,bus,35
162145,RRREIS,RRReis,bus,36
162146,RRREIS,RRReis,bus,43
162147,RRREIS,RRReis,bus,60
162148,RRREIS,RRReis,bus,61
162149,RRREIS,RRReis,bus,62
162150,RRREIS,RRReis,bus,110
162151,RRREIS,RRReis,bus,127
162152,RRREIS,RRReis,bus,300
162153,RRREIS,RRReis,bus,306
162154,RRREIS,RRReis,bus,406
162155,RRREIS,RRReis,bus,605
162156,RRREIS,RRReis,bus,608
162157,RRREIS,RRReis,bus,707
162158,RRREIS,RRReis,bus,1
162159,RRREIS,RRReis,bus,2
162160,RRREIS,RRReis,bus,3
162161,RRREIS,RRReis,bus,4
162162,RRREIS,RRReis,bus,83
162163,RRREIS,RRReis,bus,103
162164,RRREIS,RRReis,bus,105
162165,RRREIS,RRReis,bus,106
162166,RRREIS,RRReis,bus,107
162167,RRREIS,RRReis,bus,108
162168,RRREIS,RRReis,bus,302
162169,RRREIS,RRReis,bus,303
162170,RRREIS,RRReis,bus,403
162171,RRREIS,RRReis,bus,607
162172,RRREIS,RRReis,bus,610
162173,RRREIS,RRReis,bus,1
162174,RRREIS,RRReis,bus,2
162175,RRREIS,RRReis,bus,3
162176,RRREIS,RRReis,bus,4
162177,RRREIS,RRReis,bus,5
162178,RRREIS,RRReis,bus,6
162179,RRREIS,RRReis,bus,7
162180,RRREIS,RRReis,bus,8
162181,RRREIS,RRReis,bus,9
162182,RRREIS,RRReis,bus,11
162183,RRREIS,RRReis,bus,12
162184,RRREIS,RRReis,bus,15
162185,RRREIS,RRReis,bus,42
162186,RRREIS,RRReis,bus,85
162187,RRREIS,RRReis,bus,383
162188,RRREIS,RRReis,bus,410
162189,RRREIS,RRReis,bus,601
162638,RRREIS,RRReis,bus,41
162639,RRREIS,RRReis,bus,42
162640,RRREIS,RRReis,bus,44
162641,RRREIS,RRReis,bus,45
162642,RRREIS,RRReis,bus,46
162643,RRREIS,RRReis,bus,48
162644,RRREIS,RRReis,bus,67
162645,RRREIS,RRReis,bus,68
162646,RRREIS,RRReis,bus,85
162647,RRREIS,RRReis,bus,148
162648,RRREIS,RRReis,bus,165
162649,RRREIS,RRReis,bus,166
162650,RRREIS,RRReis,bus,237
162651,RRREIS,RRReis,bus,248
162652,RRREIS,RRReis,bus,262
162653,RRREIS,RRReis,bus,626
162656,RRREIS,RRReis,bus,668
162657,RRREIS,RRReis,bus,669
162658,RRREIS,RRReis,bus,673
162659,RRREIS,RRReis,bus,800
162660,RRREIS,RRReis,bus,812
162661,RRREIS,RRReis,bus,46
162662,RRREIS,RRReis,bus,248
162663,RRREIS,RRReis,bus,267
162664,RRREIS,RRReis,bus,268
162665,RRREIS,RRReis,bus,673
162672,RRREIS,RRReis,bus,23
162674,RRREIS,RRReis,bus,27
162681,RRREIS,RRReis,bus,72
162682,RRREIS,RRReis,bus,73
162683,RRREIS,RRReis,bus,74
162685,RRREIS,RRReis,bus,81
162686,RRREIS,RRReis,bus,83
162687,RRREIS,RRReis,bus,84
162689,RRREIS,RRReis,bus,87
162690,RRREIS,RRReis,bus,191
162691,RRREIS,RRReis,bus,193
162692,RRREIS,RRReis,bus,194
162693,RRREIS,RRReis,bus,195
162695,RRREIS,RRReis,bus,197
162696,RRREIS,RRReis,bus,198
162698,RRREIS,RRReis,bus,428
162701,RRREIS,RRReis,bus,627
162702,RRREIS,RRReis,bus,628
162704,RRREIS,RRReis,bus,656
162705,RRREIS,RRReis,bus,682
162708,RRREIS,RRReis,bus,805
162709,RRREIS,RRReis,bus,806
162710,RRREIS,RRReis,bus,807
162711,RRREIS,RRReis,bus,808
162713,RRREIS,RRReis,bus,810
162715,RRREIS,RRReis,bus,191
162716,RRREIS,RRReis,bus,193
162717,RRREIS,RRReis,bus,194
162718,RRREIS,RRReis,bus,195
162720,RRREIS,RRReis,bus,197
162722,RRREIS,RRReis,bus,199
162741,RRREIS,RRReis,bus,47
162742,RRREIS,RRReis,bus,49
162743,RRREIS,RRReis,bus,260
162744,RRREIS,RRReis,bus,261
162745,RRREIS,RRReis,bus,266
162746,RRREIS,RRReis,bus,267
162747,RRREIS,RRReis,bus,268
162748,RRREIS,RRReis,bus,543
162749,RRREIS,RRReis,bus,647
162750,RRREIS,RRReis,bus,648
162751,RRREIS,RRReis,bus,649
162752,RRREIS,RRReis,bus,650
162753,RRREIS,RRReis,bus,660
162754,RRREIS,RRReis,bus,664
162755,RRREIS,RRReis,bus,665
162756,RRREIS,RRReis,bus,667
162757,RRREIS,RRReis,bus,801
162758,RRREIS,RRReis,bus,802
162759,RRREIS,RRReis,bus,803
162760,RRREIS,RRReis,bus,811
162761,RRREIS,RRReis,bus,237
162762,RRREIS,RRReis,bus,148
162763,RRREIS,RRReis,bus,49
162764,RRREIS,RRReis,bus,260
162765,RRREIS,RRReis,bus,261
162766,RRREIS,RRReis,bus,262
162767,RRREIS,RRReis,bus,266
162769,RRREIS,RRReis,bus,28
162770,RRREIS,RRReis,bus,29
162771,RRREIS,RRReis,bus,51
162772,RRREIS,RRReis,bus,52
162773,RRREIS,RRReis,bus,57
162774,RRREIS,RRReis,bus,75
162775,RRREIS,RRReis,bus,86
162776,RRREIS,RRReis,bus,196
162777,RRREIS,RRReis,bus,199
162778,RRREIS,RRReis,bus,612
162779,RRREIS,RRReis,bus,623
162780,RRREIS,RRReis,bus,651
162781,RRREIS,RRReis,bus,697
162782,RRREIS,RRReis,bus,804
162783,RRREIS,RRReis,bus,809
162784,RRREIS,RRReis,bus,52
162785,RRREIS,RRReis,bus,196
162786,RRREIS,RRReis,bus,198
162787,RRREIS,RRReis,bus,20
162788,RRREIS,RRReis,bus,24
162789,RRREIS,RRReis,bus,25
162790,RRREIS,RRReis,bus,58
163096,RRREIS,RRReis,bus,834
163105,RRREIS,RRReis,bus,1
134174,TESO,TESO,veerboot,TESO
147000,TRANSDEV,Transdev,bus,1
147001,TRANSDEV,Transdev,bus,2
147002,TRANSDEV,Transdev,bus,3
147003,TRANSDEV,Transdev,bus,5
147004,TRANSDEV,Transdev,bus,6
147005,TRANSDEV,Transdev,bus,9
147007,TRANSDEV,Transdev,bus,100
147008,TRANSDEV,Transdev,bus,104
147009,TRANSDEV,Transdev,bus,106
147010,TRANSDEV,Transdev,bus,107
147011,TRANSDEV,Transdev,bus,108
147012,TRANSDEV,Transdev,bus,109
147013,TRANSDEV,Transdev,bus,110
147014,TRANSDEV,Transdev,bus,200
147015,TRANSDEV,Transdev,bus,221
147016,TRANSDEV,Transdev,bus,320
147017,TRANSDEV,Transdev,bus,321
147048,TRANSDEV,Transdev,bus,104
147049,TRANSDEV,Transdev,bus,135
147050,TRANSDEV,Transdev,bus,134
147051,TRANSDEV,Transdev,bus,163
147052,TRANSDEV,Transdev,bus,164
147053,TRANSDEV,Transdev,bus,166
147054,TRANSDEV,Transdev,bus,167
147055,TRANSDEV,Transdev,bus,436
147056,TRANSDEV,Transdev,bus,461
147057,TRANSDEV,Transdev,bus,462
147058,TRANSDEV,Transdev,bus,471
147082,TRANSDEV,Transdev,bus,604
147083,TRANSDEV,Transdev,bus,630
147084,TRANSDEV,Transdev,bus,639
147085,TRANSDEV,Transdev,bus,662
147086,TRANSDEV,Transdev,bus,664
147087,TRANSDEV,Transdev,bus,666
147088,TRANSDEV,Transdev,bus,667
147089,TRANSDEV,Transdev,bus,668
147090,TRANSDEV,Transdev,bus,669
147091,TRANSDEV,Transdev,bus,711
147092,TRANSDEV,Transdev,bus,712
147093,TRANSDEV,Transdev,bus,715
147094,TRANSDEV,Transdev,bus,716
147095,TRANSDEV,Transdev,bus,735
147096,TRANSDEV,Transdev,bus,738
147097,TRANSDEV,Transdev,bus,N60
147098,TRANSDEV,Transdev,bus,N67
148597,TRANSDEV,Transdev,bus,510
150485,TRANSDEV,Transdev,bus,46
151011,TRANSDEV,Transdev,bus,N36
154259,TRANSDEV,Transdev,bus,N32
161132,TRANSDEV,Transdev,bus,501
161133,TRANSDEV,Transdev,bus,508
161134,TRANSDEV,Transdev,bus,509
161135,TRANSDEV,Transdev,bus,510
161136,TRANSDEV,Transdev,bus,512
161137,TRANSDEV,Transdev,bus,514
161138,TRANSDEV,Transdev,bus,516
161139,TRANSDEV,Transdev,bus,517
161140,TRANSDEV,Transdev,bus,511
161141,TRANSDEV,Transdev,bus,515
161142,TRANSDEV,Transdev,bus,532
161143,TRANSDEV,Transdev,bus,533
161144,TRANSDEV,Transdev,bus,538
161145,TRANSDEV,Transdev,bus,569
161146,TRANSDEV,Transdev,bus,Flex
161147,TRANSDEV,Transdev,bus,Flex
161148,TRANSDEV,Transdev,bus,Flex
161149,TRANSDEV,Transdev,bus,Flex
161150,TRANSDEV,Transdev,bus,Flex
161151,TRANSDEV,Transdev,bus,Flex
161152,TRANSDEV,Transdev,bus,Flex
161153,TRANSDEV,Transdev,bus,Flex
161154,TRANSDEV,Transdev,bus,Flex
161183,TRANSDEV,Transdev,bus,OVoM
161711,TRANSDEV,Transdev,bus,7
161712,TRANSDEV,Transdev,bus,8
141806,UOV,U-OV,bus,56
141807,UOV,U-OV,bus,58
141808,UOV,U-OV,bus,59
141809,UOV,U-OV,bus,70
141810,UOV,U-OV,bus,71
141811,UOV,U-OV,bus,80
141812,UOV,U-OV,bus,82
141813,UOV,U-OV,bus,83
141815,UOV,U-OV,bus,87
141816,UOV,U-OV,bus,102
141817,UOV,U-OV,bus,106
141818,UOV,U-OV,bus,117
141819,UOV,U-OV,bus,120
141820,UOV,U-OV,bus,121
141821,UOV,U-OV,bus,123
141822,UOV,U-OV,bus,195
141823,UOV,U-OV,bus,203
141824,UOV,U-OV,bus,207
141825,UOV,U-OV,bus,272
141826,UOV,U-OV,bus,298
141827,UOV,U-OV,bus,299
141849,UOV,U-OV,bus,501
141850,UOV,U-OV,bus,503
141852,UOV,U-OV,bus,522
141853,UOV,U-OV,bus,523
141854,UOV,U-OV,bus,524
141855,UOV,U-OV,bus,526
141856,UOV,U-OV,bus,572
141857,UOV,U-OV,bus,573
141858,UOV,U-OV,bus,575
141860,UOV,U-OV,bus,680
141861,UOV,U-OV,bus,682
141862,UOV,U-OV,bus,683
141864,UOV,U-OV,bus,1
141865,UOV,U-OV,bus,2
141866,UOV,U-OV,bus,3
141867,UOV,U-OV,bus,4
141868,UOV,U-OV,bus,5
141869,UOV,U-OV,bus,6
141870,UOV,U-OV,bus,7
141871,UOV,U-OV,bus,8
141872,UOV,U-OV,bus,9
141873,UOV,U-OV,bus,10
141874,UOV,U-OV,bus,15
141875,UOV,U-OV,bus,17
141876,UOV,U-OV,bus,19
141877,UOV,U-OV,bus,3
141878,UOV,U-OV,bus,4
141879,UOV,U-OV,bus,5
141880,UOV,U-OV,bus,A
141881,UOV,U-OV,bus,B
141882,UOV,U-OV,bus,M
143762,UOV,U-OV,bus,302
143763,UOV,U-OV,bus,307
143764,UOV,U-OV,bus,315
143765,UOV,U-OV,bus,326
143766,UOV,U-OV,bus,330
143767,UOV,U-OV,bus,341
143768,UOV,U-OV,bus,350
143769,UOV,U-OV,bus,376
143770,UOV,U-OV,bus,380
143771,UOV,U-OV,bus,395
146869,UOV,U-OV,bus,1
146870,UOV,U-OV,bus,2
146871,UOV,U-OV,bus,3
146872,UOV,U-OV,bus,5
146873,UOV,U-OV,bus,6
146874,UOV,U-OV,bus,7
146875,UOV,U-OV,bus,8
146876,UOV,U-OV,bus,9
146877,UOV,U-OV,bus,10
146878,UOV,U-OV,bus,11
146879,UOV,U-OV,bus,12
146880,UOV,U-OV,bus,13
146881,UOV,U-OV,bus,16
146882,UOV,U-OV,bus,18
146883,UOV,U-OV,bus,19
146884,UOV,U-OV,tram,20
146885,UOV,U-OV,tram,21
146887,UOV,U-OV,bus,27
146888,UOV,U-OV,bus,28
146889,UOV,U-OV,bus,29
146890,UOV,U-OV,bus,30
146891,UOV,U-OV,bus,31
146892,UOV,U-OV,bus,32
146893,UOV,U-OV,bus,34
146894,UOV,U-OV,bus,43
146895,UOV,U-OV,bus,44
146896,UOV,U-OV,bus,47
146897,UOV,U-OV,bus,48
146898,UOV,U-OV,bus,55
146899,UOV,U-OV,bus,57
146900,UOV,U-OV,bus,64
146901,UOV,U-OV,bus,65
146902,UOV,U-OV,bus,66
146903,UOV,U-OV,bus,73
146904,UOV,U-OV,bus,74
146905,UOV,U-OV,bus,77
146906,UOV,U-OV,bus,81
146907,UOV,U-OV,bus,84
146908,UOV,U-OV,bus,85
146909,UOV,U-OV,bus,90
146910,UOV,U-OV,bus,3
146911,UOV,U-OV,bus,111
146912,UOV,U-OV,bus,122
146913,UOV,U-OV,bus,128
146914,UOV,U-OV,bus,158
146915,UOV,U-OV,bus,184
146917,UOV,U-OV,bus,N4
146918,UOV,U-OV,bus,N5
146919,UOV,U-OV,bus,N6
146920,UOV,U-OV,bus,N9
146921,UOV,U-OV,bus,565
149468,UOV,U-OV,bus,N2
149469,UOV,U-OV,bus,N3
149470,UOV,U-OV,bus,N7
149471,UOV,U-OV,bus,N8
149472,UOV,U-OV,bus,N17
149473,UOV,U-OV,bus,N20
149474,UOV,U-OV,bus,N26
149475,UOV,U-OV,bus,N41
149476,UOV,U-OV,bus,N50
149478,UOV,U-OV,bus,N70
149479,UOV,U-OV,bus,N76
150225,UOV,U-OV,bus,N1
153917,UOV,U-OV,bus,4
154178,UOV,U-OV,bus,505
154179,UOV,U-OV,bus,603
154180,UOV,U-OV,bus,695
159450,UOV,U-OV,tram,22
161122,UOV,U-OV,bus,Flex
161123,UOV,U-OV,bus,Flex
161124,UOV,U-OV,bus,Flex
161125,UOV,U-OV,bus,Flex
161126,UOV,U-OV,bus,Flex
161127,UOV,U-OV,bus,Flex
161128,UOV,U-OV,bus,Flex
161129,UOV,U-OV,bus,Flex
161130,UOV,U-OV,bus,Flex
161131,UOV,U-OV,bus,Flex
151916,WATERBUS,Waterbus,veerboot,20
151918,WATERBUS,Waterbus,veerboot,22
151917,WATERSHUTTLE,WaterShuttle,veerboot,WS
134755,WPD,Wagenborg Passagiersdiensten,veerboot,Veerdienst
134757,WPD,Wagenborg Passagiersdiensten,veerboot,Veerdienst
162525,WPD,Wagenborg Passagiersdiensten,veerboot,Sneldienst
162526,WPD,Wagenborg Passagiersdiensten,veerboot,Sneldienst
134303,WSF,Westerschelde Ferry,veerboot,WSF
