locatie_code,locatie_naam,timestamp,datum,weekdag,tijd,beschikbaar
ztm003,Zoetermeer Driemanspolder,2026-10-01T11:46:02+02:00,2026-10-01,donderdag,11:46,4
ztm003,Zoetermeer Driemanspolder,2026-10-01T12:01:02+02:00,2026-10-01,donderdag,12:01,5
ztm003,Zoetermeer Driemanspolder,2026-10-01T12:16:03+02:00,2026-10-01,donderdag,12:16,6
ztm003,Zoetermeer Driemanspolder,2026-10-01T12:31:03+02:00,2026-10-01,donderdag,12:31,7
ztm003,Zoetermeer Driemanspolder,2026-10-01T12:46:03+02:00,2026-10-01,donderdag,12:46,7
ztm003,Zoetermeer Driemanspolder,2026-10-01T13:01:02+02:00,2026-10-01,donderdag,13:01,5
ztm003,Zoetermeer Driemanspolder,2026-10-01T13:16:02+02:00,2026-10-01,donderdag,13:16,5
ztm003,Zoetermeer Driemanspolder,2026-10-01T13:46:03+02:00,2026-10-01,donderdag,13:46,5
ztm003,Zoetermeer Driemanspolder,2026-10-01T14:01:03+02:00,2026-10-01,donderdag,14:01,5
ztm003,Zoetermeer Driemanspolder,2026-10-01T14:16:02+02:00,2026-10-01,donderdag,14:16,5
ztm003,Zoetermeer Driemanspolder,2026-10-01T14:31:04+02:00,2026-10-01,donderdag,14:31,4
ztm003,Zoetermeer Driemanspolder,2026-10-01T14:46:03+02:00,2026-10-01,donderdag,14:46,4
ztm003,Zoetermeer Driemanspolder,2026-10-01T15:01:03+02:00,2026-10-01,donderdag,15:01,4
ztm003,Zoetermeer Driemanspolder,2026-10-01T15:16:02+02:00,2026-10-01,donderdag,15:16,4
ztm003,Zoetermeer Driemanspolder,2026-10-01T15:31:02+02:00,2026-10-01,donderdag,15:31,4
ztm003,Zoetermeer Driemanspolder,2026-10-01T15:46:02+02:00,2026-10-01,donderdag,15:46,4
ztm003,Zoetermeer Driemanspolder,2026-10-01T16:01:03+02:00,2026-10-01,donderdag,16:01,4
ztm003,Zoetermeer Driemanspolder,2026-10-01T16:16:04+02:00,2026-10-01,donderdag,16:16,4
ztm003,Zoetermeer Driemanspolder,2026-10-01T16:31:03+02:00,2026-10-01,donderdag,16:31,7
ztm003,Zoetermeer Driemanspolder,2026-10-01T16:46:03+02:00,2026-10-01,donderdag,16:46,10
ztm003,Zoetermeer Driemanspolder,2026-10-01T17:01:02+02:00,2026-10-01,donderdag,17:01,11
ztm003,Zoetermeer Driemanspolder,2026-10-01T17:16:02+02:00,2026-10-01,donderdag,17:16,13
ztm003,Zoetermeer Driemanspolder,2026-10-01T17:31:02+02:00,2026-10-01,donderdag,17:31,16
ztm003,Zoetermeer Driemanspolder,2026-10-01T17:46:02+02:00,2026-10-01,donderdag,17:46,21
ztm003,Zoetermeer Driemanspolder,2026-10-01T18:16:03+02:00,2026-10-01,donderdag,18:16,26
ztm003,Zoetermeer Driemanspolder,2026-10-01T18:31:02+02:00,2026-10-01,donderdag,18:31,28
ztm003,Zoetermeer Driemanspolder,2026-10-01T18:46:02+02:00,2026-10-01,donderdag,18:46,29
ztm003,Zoetermeer Driemanspolder,2026-10-01T19:01:01+02:00,2026-10-01,donderdag,19:01,29
ztm003,Zoetermeer Driemanspolder,2026-10-01T19:16:03+02:00,2026-10-01,donderdag,19:16,30
ztm003,Zoetermeer Driemanspolder,2026-10-01T19:31:04+02:00,2026-10-01,donderdag,19:31,30
ztm003,Zoetermeer Driemanspolder,2026-10-01T19:46:02+02:00,2026-10-01,donderdag,19:46,30
ztm003,Zoetermeer Driemanspolder,2026-10-01T20:01:02+02:00,2026-10-01,donderdag,20:01,30
ztm003,Zoetermeer Driemanspolder,2026-10-01T20:16:02+02:00,2026-10-01,donderdag,20:16,30
ztm003,Zoetermeer Driemanspolder,2026-10-01T20:46:03+02:00,2026-10-01,donderdag,20:46,30
ztm003,Zoetermeer Driemanspolder,2026-10-01T21:01:03+02:00,2026-10-01,donderdag,21:01,30
ztm003,Zoetermeer Driemanspolder,2026-10-01T21:16:02+02:00,2026-10-01,donderdag,21:16,30
ztm003,Zoetermeer Driemanspolder,2026-10-01T21:31:02+02:00,2026-10-01,donderdag,21:31,30
ztm003,Zoetermeer Driemanspolder,2026-10-01T21:46:02+02:00,2026-10-01,donderdag,21:46,30
ztm003,Zoetermeer Driemanspolder,2026-10-01T22:01:02+02:00,2026-10-01,donderdag,22:01,30
ztm003,Zoetermeer Driemanspolder,2026-10-01T22:16:02+02:00,2026-10-01,donderdag,22:16,30
ztm003,Zoetermeer Driemanspolder,2026-10-01T22:31:03+02:00,2026-10-01,donderdag,22:31,30
ztm003,Zoetermeer Driemanspolder,2026-10-01T22:46:03+02:00,2026-10-01,donderdag,22:46,30
ztm003,Zoetermeer Driemanspolder,2026-10-01T23:01:02+02:00,2026-10-01,donderdag,23:01,30
ztm003,Zoetermeer Driemanspolder,2026-10-01T23:16:02+02:00,2026-10-01,donderdag,23:16,30
ztm003,Zoetermeer Driemanspolder,2026-10-01T23:31:03+02:00,2026-10-01,donderdag,23:31,30
ztm003,Zoetermeer Driemanspolder,2026-10-01T23:46:02+02:00,2026-10-01,donderdag,23:46,30
ztm003,Zoetermeer Driemanspolder,2026-10-02T00:01:02+02:00,2026-10-02,vrijdag,00:01,31
ztm003,Zoetermeer Driemanspolder,2026-10-02T00:16:03+02:00,2026-10-02,vrijdag,00:16,31
ztm003,Zoetermeer Driemanspolder,2026-10-02T00:46:03+02:00,2026-10-02,vrijdag,00:46,31
ztm003,Zoetermeer Driemanspolder,2026-10-02T01:01:02+02:00,2026-10-02,vrijdag,01:01,31
ztm003,Zoetermeer Driemanspolder,2026-10-02T01:16:03+02:00,2026-10-02,vrijdag,01:16,31
ztm003,Zoetermeer Driemanspolder,2026-10-02T01:31:03+02:00,2026-10-02,vrijdag,01:31,31
ztm003,Zoetermeer Driemanspolder,2026-10-02T01:46:02+02:00,2026-10-02,vrijdag,01:46,31
ztm003,Zoetermeer Driemanspolder,2026-10-02T02:01:03+02:00,2026-10-02,vrijdag,02:01,31
ztm003,Zoetermeer Driemanspolder,2026-10-02T02:16:02+02:00,2026-10-02,vrijdag,02:16,31
ztm003,Zoetermeer Driemanspolder,2026-10-02T02:31:03+02:00,2026-10-02,vrijdag,02:31,31
ztm003,Zoetermeer Driemanspolder,2026-10-02T02:46:02+02:00,2026-10-02,vrijdag,02:46,31
ztm003,Zoetermeer Driemanspolder,2026-10-02T03:01:03+02:00,2026-10-02,vrijdag,03:01,31
ztm003,Zoetermeer Driemanspolder,2026-10-02T03:16:03+02:00,2026-10-02,vrijdag,03:16,31
ztm003,Zoetermeer Driemanspolder,2026-10-02T03:31:03+02:00,2026-10-02,vrijdag,03:31,31
ztm003,Zoetermeer Driemanspolder,2026-10-02T03:46:02+02:00,2026-10-02,vrijdag,03:46,31
ztm003,Zoetermeer Driemanspolder,2026-10-02T04:01:02+02:00,2026-10-02,vrijdag,04:01,31
ztm003,Zoetermeer Driemanspolder,2026-10-02T04:16:02+02:00,2026-10-02,vrijdag,04:16,31
ztm003,Zoetermeer Driemanspolder,2026-10-02T04:31:03+02:00,2026-10-02,vrijdag,04:31,31
ztm003,Zoetermeer Driemanspolder,2026-10-02T04:46:02+02:00,2026-10-02,vrijdag,04:46,31
ztm003,Zoetermeer Driemanspolder,2026-10-02T05:01:03+02:00,2026-10-02,vrijdag,05:01,31
ztm003,Zoetermeer Driemanspolder,2026-10-02T05:16:03+02:00,2026-10-02,vrijdag,05:16,31
ztm003,Zoetermeer Driemanspolder,2026-10-02T05:31:03+02:00,2026-10-02,vrijdag,05:31,31
ztm003,Zoetermeer Driemanspolder,2026-10-02T05:46:02+02:00,2026-10-02,vrijdag,05:46,31
ztm003,Zoetermeer Driemanspolder,2026-10-02T06:01:02+02:00,2026-10-02,vrijdag,06:01,31
ztm003,Zoetermeer Driemanspolder,2026-10-02T06:16:03+02:00,2026-10-02,vrijdag,06:16,31
ztm003,Zoetermeer Driemanspolder,2026-10-02T06:31:04+02:00,2026-10-02,vrijdag,06:31,31
ztm003,Zoetermeer Driemanspolder,2026-10-02T06:46:03+02:00,2026-10-02,vrijdag,06:46,31
ztm003,Zoetermeer Driemanspolder,2026-10-02T07:16:03+02:00,2026-10-02,vrijdag,07:16,31
ztm003,Zoetermeer Driemanspolder,2026-10-02T07:31:03+02:00,2026-10-02,vrijdag,07:31,31
ztm003,Zoetermeer Driemanspolder,2026-10-02T07:46:03+02:00,2026-10-02,vrijdag,07:46,29
ztm003,Zoetermeer Driemanspolder,2026-10-02T08:16:03+02:00,2026-10-02,vrijdag,08:16,27
ztm003,Zoetermeer Driemanspolder,2026-10-02T08:31:02+02:00,2026-10-02,vrijdag,08:31,27
ztm003,Zoetermeer Driemanspolder,2026-10-02T08:46:04+02:00,2026-10-02,vrijdag,08:46,26
ztm003,Zoetermeer Driemanspolder,2026-10-02T09:01:03+02:00,2026-10-02,vrijdag,09:01,26
ztm003,Zoetermeer Driemanspolder,2026-10-02T09:16:03+02:00,2026-10-02,vrijdag,09:16,25
ztm003,Zoetermeer Driemanspolder,2026-10-02T09:31:04+02:00,2026-10-02,vrijdag,09:31,25
ztm003,Zoetermeer Driemanspolder,2026-10-02T09:46:02+02:00,2026-10-02,vrijdag,09:46,25
ztm003,Zoetermeer Driemanspolder,2026-10-02T10:01:03+02:00,2026-10-02,vrijdag,10:01,25
ztm003,Zoetermeer Driemanspolder,2026-10-02T10:16:03+02:00,2026-10-02,vrijdag,10:16,25
ztm003,Zoetermeer Driemanspolder,2026-10-02T10:31:03+02:00,2026-10-02,vrijdag,10:31,25
ztm003,Zoetermeer Driemanspolder,2026-10-02T10:46:02+02:00,2026-10-02,vrijdag,10:46,25
ztm003,Zoetermeer Driemanspolder,2026-10-02T11:01:02+02:00,2026-10-02,vrijdag,11:01,25
ztm003,Zoetermeer Driemanspolder,2026-10-02T11:16:02+02:00,2026-10-02,vrijdag,11:16,25
ztm003,Zoetermeer Driemanspolder,2026-10-02T11:31:03+02:00,2026-10-02,vrijdag,11:31,24
ztm003,Zoetermeer Driemanspolder,2026-10-02T12:01:02+02:00,2026-10-02,vrijdag,12:01,24
ztm003,Zoetermeer Driemanspolder,2026-10-02T12:16:03+02:00,2026-10-02,vrijdag,12:16,24
ztm003,Zoetermeer Driemanspolder,2026-10-02T12:31:03+02:00,2026-10-02,vrijdag,12:31,24
ztm003,Zoetermeer Driemanspolder,2026-10-02T12:46:02+02:00,2026-10-02,vrijdag,12:46,24
ztm003,Zoetermeer Driemanspolder,2026-10-02T13:01:02+02:00,2026-10-02,vrijdag,13:01,24
ztm003,Zoetermeer Driemanspolder,2026-10-02T13:16:03+02:00,2026-10-02,vrijdag,13:16,24
ztm003,Zoetermeer Driemanspolder,2026-10-02T13:31:02+02:00,2026-10-02,vrijdag,13:31,24
ztm003,Zoetermeer Driemanspolder,2026-10-02T14:01:02+02:00,2026-10-02,vrijdag,14:01,24
ztm003,Zoetermeer Driemanspolder,2026-10-02T14:31:04+02:00,2026-10-02,vrijdag,14:31,25
ztm003,Zoetermeer Driemanspolder,2026-10-02T14:46:03+02:00,2026-10-02,vrijdag,14:46,26
ztm003,Zoetermeer Driemanspolder,2026-10-02T15:01:02+02:00,2026-10-02,vrijdag,15:01,25
ztm003,Zoetermeer Driemanspolder,2026-10-02T15:16:03+02:00,2026-10-02,vrijdag,15:16,25
ztm003,Zoetermeer Driemanspolder,2026-10-02T15:31:03+02:00,2026-10-02,vrijdag,15:31,25
ztm003,Zoetermeer Driemanspolder,2026-10-02T15:46:03+02:00,2026-10-02,vrijdag,15:46,26
ztm003,Zoetermeer Driemanspolder,2026-10-02T16:01:03+02:00,2026-10-02,vrijdag,16:01,26
ztm003,Zoetermeer Driemanspolder,2026-10-02T16:31:04+02:00,2026-10-02,vrijdag,16:31,28
ztm003,Zoetermeer Driemanspolder,2026-10-02T16:46:02+02:00,2026-10-02,vrijdag,16:46,28
ztm003,Zoetermeer Driemanspolder,2026-10-02T17:01:03+02:00,2026-10-02,vrijdag,17:01,29
ztm003,Zoetermeer Driemanspolder,2026-10-02T17:31:04+02:00,2026-10-02,vrijdag,17:31,30
ztm003,Zoetermeer Driemanspolder,2026-10-02T17:46:02+02:00,2026-10-02,vrijdag,17:46,30
ztm003,Zoetermeer Driemanspolder,2026-10-02T18:31:02+02:00,2026-10-02,vrijdag,18:31,31
ztm003,Zoetermeer Driemanspolder,2026-10-02T18:46:02+02:00,2026-10-02,vrijdag,18:46,31
ztm003,Zoetermeer Driemanspolder,2026-10-02T20:01:01+02:00,2026-10-02,vrijdag,20:01,28
ztm003,Zoetermeer Driemanspolder,2026-10-02T20:16:02+02:00,2026-10-02,vrijdag,20:16,26
ztm003,Zoetermeer Driemanspolder,2026-10-02T20:31:03+02:00,2026-10-02,vrijdag,20:31,26
ztm003,Zoetermeer Driemanspolder,2026-10-02T20:46:02+02:00,2026-10-02,vrijdag,20:46,25
ztm003,Zoetermeer Driemanspolder,2026-10-02T21:16:03+02:00,2026-10-02,vrijdag,21:16,22
ztm003,Zoetermeer Driemanspolder,2026-10-02T21:31:03+02:00,2026-10-02,vrijdag,21:31,22
ztm003,Zoetermeer Driemanspolder,2026-10-02T22:01:03+02:00,2026-10-02,vrijdag,22:01,22
ztm003,Zoetermeer Driemanspolder,2026-10-02T22:31:02+02:00,2026-10-02,vrijdag,22:31,22
ztm003,Zoetermeer Driemanspolder,2026-10-02T22:46:02+02:00,2026-10-02,vrijdag,22:46,22
ztm003,Zoetermeer Driemanspolder,2026-10-02T23:16:03+02:00,2026-10-02,vrijdag,23:16,22
ztm003,Zoetermeer Driemanspolder,2026-10-02T23:46:02+02:00,2026-10-02,vrijdag,23:46,22
ztm003,Zoetermeer Driemanspolder,2026-10-03T00:01:03+02:00,2026-10-03,zaterdag,00:01,22
ztm003,Zoetermeer Driemanspolder,2026-10-03T00:16:03+02:00,2026-10-03,zaterdag,00:16,22
ztm003,Zoetermeer Driemanspolder,2026-10-03T00:31:02+02:00,2026-10-03,zaterdag,00:31,22
ztm003,Zoetermeer Driemanspolder,2026-10-03T00:46:03+02:00,2026-10-03,zaterdag,00:46,22
ztm003,Zoetermeer Driemanspolder,2026-10-03T01:01:03+02:00,2026-10-03,zaterdag,01:01,22
ztm003,Zoetermeer Driemanspolder,2026-10-03T01:16:02+02:00,2026-10-03,zaterdag,01:16,22
ztm003,Zoetermeer Driemanspolder,2026-10-03T01:31:02+02:00,2026-10-03,zaterdag,01:31,22
ztm003,Zoetermeer Driemanspolder,2026-10-03T01:46:02+02:00,2026-10-03,zaterdag,01:46,22
ztm003,Zoetermeer Driemanspolder,2026-10-03T02:01:02+02:00,2026-10-03,zaterdag,02:01,22
ztm003,Zoetermeer Driemanspolder,2026-10-03T02:16:02+02:00,2026-10-03,zaterdag,02:16,22
ztm003,Zoetermeer Driemanspolder,2026-10-03T02:31:02+02:00,2026-10-03,zaterdag,02:31,22
ztm003,Zoetermeer Driemanspolder,2026-10-03T02:46:03+02:00,2026-10-03,zaterdag,02:46,22
ztm003,Zoetermeer Driemanspolder,2026-10-03T03:01:04+02:00,2026-10-03,zaterdag,03:01,22
ztm003,Zoetermeer Driemanspolder,2026-10-03T03:16:02+02:00,2026-10-03,zaterdag,03:16,22
ztm003,Zoetermeer Driemanspolder,2026-10-03T03:31:02+02:00,2026-10-03,zaterdag,03:31,22
ztm003,Zoetermeer Driemanspolder,2026-10-03T03:46:04+02:00,2026-10-03,zaterdag,03:46,22
ztm003,Zoetermeer Driemanspolder,2026-10-03T04:01:02+02:00,2026-10-03,zaterdag,04:01,22
ztm003,Zoetermeer Driemanspolder,2026-10-03T04:16:02+02:00,2026-10-03,zaterdag,04:16,22
ztm003,Zoetermeer Driemanspolder,2026-10-03T04:46:02+02:00,2026-10-03,zaterdag,04:46,22
ztm003,Zoetermeer Driemanspolder,2026-10-03T05:01:02+02:00,2026-10-03,zaterdag,05:01,22
ztm003,Zoetermeer Driemanspolder,2026-10-03T05:16:03+02:00,2026-10-03,zaterdag,05:16,22
ztm003,Zoetermeer Driemanspolder,2026-10-03T05:31:03+02:00,2026-10-03,zaterdag,05:31,22
ztm003,Zoetermeer Driemanspolder,2026-10-03T05:46:02+02:00,2026-10-03,zaterdag,05:46,22
ztm003,Zoetermeer Driemanspolder,2026-10-03T06:01:02+02:00,2026-10-03,zaterdag,06:01,22
ztm003,Zoetermeer Driemanspolder,2026-10-03T06:16:03+02:00,2026-10-03,zaterdag,06:16,22
ztm003,Zoetermeer Driemanspolder,2026-10-03T06:31:03+02:00,2026-10-03,zaterdag,06:31,22
ztm003,Zoetermeer Driemanspolder,2026-10-03T06:46:02+02:00,2026-10-03,zaterdag,06:46,22
ztm003,Zoetermeer Driemanspolder,2026-10-03T07:01:02+02:00,2026-10-03,zaterdag,07:01,22
ztm003,Zoetermeer Driemanspolder,2026-10-03T07:16:03+02:00,2026-10-03,zaterdag,07:16,22
ztm003,Zoetermeer Driemanspolder,2026-10-03T07:31:02+02:00,2026-10-03,zaterdag,07:31,22
ztm003,Zoetermeer Driemanspolder,2026-10-03T08:01:03+02:00,2026-10-03,zaterdag,08:01,22
ztm003,Zoetermeer Driemanspolder,2026-10-03T08:16:02+02:00,2026-10-03,zaterdag,08:16,22
ztm003,Zoetermeer Driemanspolder,2026-10-03T08:31:02+02:00,2026-10-03,zaterdag,08:31,22
ztm003,Zoetermeer Driemanspolder,2026-10-03T08:46:02+02:00,2026-10-03,zaterdag,08:46,22
ztm003,Zoetermeer Driemanspolder,2026-10-03T09:01:02+02:00,2026-10-03,zaterdag,09:01,22
ztm003,Zoetermeer Driemanspolder,2026-10-03T09:16:02+02:00,2026-10-03,zaterdag,09:16,22
ztm003,Zoetermeer Driemanspolder,2026-10-03T09:31:02+02:00,2026-10-03,zaterdag,09:31,22
ztm003,Zoetermeer Driemanspolder,2026-10-03T09:46:02+02:00,2026-10-03,zaterdag,09:46,22
ztm003,Zoetermeer Driemanspolder,2026-10-03T10:01:02+02:00,2026-10-03,zaterdag,10:01,22
ztm003,Zoetermeer Driemanspolder,2026-10-03T10:31:02+02:00,2026-10-03,zaterdag,10:31,22
ztm003,Zoetermeer Driemanspolder,2026-10-03T10:46:02+02:00,2026-10-03,zaterdag,10:46,22
ztm003,Zoetermeer Driemanspolder,2026-10-03T11:01:03+02:00,2026-10-03,zaterdag,11:01,22
ztm003,Zoetermeer Driemanspolder,2026-10-03T11:16:03+02:00,2026-10-03,zaterdag,11:16,21
ztm003,Zoetermeer Driemanspolder,2026-10-03T11:31:02+02:00,2026-10-03,zaterdag,11:31,21
ztm003,Zoetermeer Driemanspolder,2026-10-03T11:46:02+02:00,2026-10-03,zaterdag,11:46,21
ztm003,Zoetermeer Driemanspolder,2026-10-03T12:01:03+02:00,2026-10-03,zaterdag,12:01,21
ztm003,Zoetermeer Driemanspolder,2026-10-03T12:16:02+02:00,2026-10-03,zaterdag,12:16,22
ztm003,Zoetermeer Driemanspolder,2026-10-03T12:31:04+02:00,2026-10-03,zaterdag,12:31,22
ztm003,Zoetermeer Driemanspolder,2026-10-03T13:01:02+02:00,2026-10-03,zaterdag,13:01,20
ztm003,Zoetermeer Driemanspolder,2026-10-03T13:31:02+02:00,2026-10-03,zaterdag,13:31,20
ztm003,Zoetermeer Driemanspolder,2026-10-03T13:46:03+02:00,2026-10-03,zaterdag,13:46,20
ztm003,Zoetermeer Driemanspolder,2026-10-03T14:01:02+02:00,2026-10-03,zaterdag,14:01,20
ztm003,Zoetermeer Driemanspolder,2026-10-03T14:16:03+02:00,2026-10-03,zaterdag,14:16,20
ztm003,Zoetermeer Driemanspolder,2026-10-03T14:31:03+02:00,2026-10-03,zaterdag,14:31,19
ztm003,Zoetermeer Driemanspolder,2026-10-03T14:46:02+02:00,2026-10-03,zaterdag,14:46,17
ztm003,Zoetermeer Driemanspolder,2026-10-03T15:01:02+02:00,2026-10-03,zaterdag,15:01,17
ztm003,Zoetermeer Driemanspolder,2026-10-03T15:16:02+02:00,2026-10-03,zaterdag,15:16,17
ztm003,Zoetermeer Driemanspolder,2026-10-03T15:31:02+02:00,2026-10-03,zaterdag,15:31,17
ztm003,Zoetermeer Driemanspolder,2026-10-03T15:46:02+02:00,2026-10-03,zaterdag,15:46,17
ztm003,Zoetermeer Driemanspolder,2026-10-03T16:01:02+02:00,2026-10-03,zaterdag,16:01,17
ztm003,Zoetermeer Driemanspolder,2026-10-03T16:16:02+02:00,2026-10-03,zaterdag,16:16,17
ztm003,Zoetermeer Driemanspolder,2026-10-03T16:31:04+02:00,2026-10-03,zaterdag,16:31,17
ztm003,Zoetermeer Driemanspolder,2026-10-03T16:46:03+02:00,2026-10-03,zaterdag,16:46,17
ztm003,Zoetermeer Driemanspolder,2026-10-03T17:01:02+02:00,2026-10-03,zaterdag,17:01,17
ztm003,Zoetermeer Driemanspolder,2026-10-03T17:16:03+02:00,2026-10-03,zaterdag,17:16,17
ztm003,Zoetermeer Driemanspolder,2026-10-03T17:31:03+02:00,2026-10-03,zaterdag,17:31,17
ztm003,Zoetermeer Driemanspolder,2026-10-03T17:46:02+02:00,2026-10-03,zaterdag,17:46,19
ztm003,Zoetermeer Driemanspolder,2026-10-03T18:01:03+02:00,2026-10-03,zaterdag,18:01,19
ztm003,Zoetermeer Driemanspolder,2026-10-03T18:16:04+02:00,2026-10-03,zaterdag,18:16,19
ztm003,Zoetermeer Driemanspolder,2026-10-03T18:31:02+02:00,2026-10-03,zaterdag,18:31,21
ztm003,Zoetermeer Driemanspolder,2026-10-03T18:46:02+02:00,2026-10-03,zaterdag,18:46,21
ztm003,Zoetermeer Driemanspolder,2026-10-03T19:01:03+02:00,2026-10-03,zaterdag,19:01,21
ztm003,Zoetermeer Driemanspolder,2026-10-03T19:16:03+02:00,2026-10-03,zaterdag,19:16,21
ztm003,Zoetermeer Driemanspolder,2026-10-03T19:46:02+02:00,2026-10-03,zaterdag,19:46,21
ztm003,Zoetermeer Driemanspolder,2026-10-03T20:01:02+02:00,2026-10-03,zaterdag,20:01,21
ztm003,Zoetermeer Driemanspolder,2026-10-03T20:16:02+02:00,2026-10-03,zaterdag,20:16,21
ztm003,Zoetermeer Driemanspolder,2026-10-03T20:46:01+02:00,2026-10-03,zaterdag,20:46,21
ztm003,Zoetermeer Driemanspolder,2026-10-03T21:01:02+02:00,2026-10-03,zaterdag,21:01,21
ztm003,Zoetermeer Driemanspolder,2026-10-03T21:16:02+02:00,2026-10-03,zaterdag,21:16,21
ztm003,Zoetermeer Driemanspolder,2026-10-03T21:31:02+02:00,2026-10-03,zaterdag,21:31,21
ztm003,Zoetermeer Driemanspolder,2026-10-03T21:46:02+02:00,2026-10-03,zaterdag,21:46,21
ztm003,Zoetermeer Driemanspolder,2026-10-03T22:16:03+02:00,2026-10-03,zaterdag,22:16,21
ztm003,Zoetermeer Driemanspolder,2026-10-03T22:31:02+02:00,2026-10-03,zaterdag,22:31,21
ztm003,Zoetermeer Driemanspolder,2026-10-03T22:46:03+02:00,2026-10-03,zaterdag,22:46,21
ztm003,Zoetermeer Driemanspolder,2026-10-03T23:01:03+02:00,2026-10-03,zaterdag,23:01,21
ztm003,Zoetermeer Driemanspolder,2026-10-03T23:16:03+02:00,2026-10-03,zaterdag,23:16,21
ztm003,Zoetermeer Driemanspolder,2026-10-03T23:31:03+02:00,2026-10-03,zaterdag,23:31,21
ztm003,Zoetermeer Driemanspolder,2026-10-03T23:46:02+02:00,2026-10-03,zaterdag,23:46,21
ztm003,Zoetermeer Driemanspolder,2026-10-04T00:01:02+02:00,2026-10-04,zondag,00:01,21
ztm003,Zoetermeer Driemanspolder,2026-10-04T00:16:03+02:00,2026-10-04,zondag,00:16,21
ztm003,Zoetermeer Driemanspolder,2026-10-04T00:31:02+02:00,2026-10-04,zondag,00:31,21
ztm003,Zoetermeer Driemanspolder,2026-10-04T00:46:02+02:00,2026-10-04,zondag,00:46,21
ztm003,Zoetermeer Driemanspolder,2026-10-04T01:01:03+02:00,2026-10-04,zondag,01:01,21
ztm003,Zoetermeer Driemanspolder,2026-10-04T01:16:05+02:00,2026-10-04,zondag,01:16,21
ztm003,Zoetermeer Driemanspolder,2026-10-04T01:31:04+02:00,2026-10-04,zondag,01:31,21
ztm003,Zoetermeer Driemanspolder,2026-10-04T01:46:03+02:00,2026-10-04,zondag,01:46,21
ztm003,Zoetermeer Driemanspolder,2026-10-04T02:01:02+02:00,2026-10-04,zondag,02:01,21
ztm003,Zoetermeer Driemanspolder,2026-10-04T02:16:02+02:00,2026-10-04,zondag,02:16,21
ztm003,Zoetermeer Driemanspolder,2026-10-04T02:46:03+02:00,2026-10-04,zondag,02:46,21
ztm003,Zoetermeer Driemanspolder,2026-10-04T03:01:03+02:00,2026-10-04,zondag,03:01,21
ztm003,Zoetermeer Driemanspolder,2026-10-04T03:16:03+02:00,2026-10-04,zondag,03:16,21
ztm003,Zoetermeer Driemanspolder,2026-10-04T03:31:02+02:00,2026-10-04,zondag,03:31,21
ztm003,Zoetermeer Driemanspolder,2026-10-04T03:46:02+02:00,2026-10-04,zondag,03:46,21
ztm003,Zoetermeer Driemanspolder,2026-10-04T04:01:02+02:00,2026-10-04,zondag,04:01,21
ztm003,Zoetermeer Driemanspolder,2026-10-04T04:16:03+02:00,2026-10-04,zondag,04:16,21
ztm003,Zoetermeer Driemanspolder,2026-10-04T04:31:02+02:00,2026-10-04,zondag,04:31,21
ztm003,Zoetermeer Driemanspolder,2026-10-04T04:46:02+02:00,2026-10-04,zondag,04:46,21
ztm003,Zoetermeer Driemanspolder,2026-10-04T05:01:03+02:00,2026-10-04,zondag,05:01,21
ztm003,Zoetermeer Driemanspolder,2026-10-04T05:16:02+02:00,2026-10-04,zondag,05:16,21
ztm003,Zoetermeer Driemanspolder,2026-10-04T05:31:03+02:00,2026-10-04,zondag,05:31,21
ztm003,Zoetermeer Driemanspolder,2026-10-04T05:46:03+02:00,2026-10-04,zondag,05:46,21
ztm003,Zoetermeer Driemanspolder,2026-10-04T06:01:03+02:00,2026-10-04,zondag,06:01,21
ztm003,Zoetermeer Driemanspolder,2026-10-04T06:16:02+02:00,2026-10-04,zondag,06:16,21
ztm003,Zoetermeer Driemanspolder,2026-10-04T06:31:03+02:00,2026-10-04,zondag,06:31,21
ztm003,Zoetermeer Driemanspolder,2026-10-04T06:46:02+02:00,2026-10-04,zondag,06:46,21
ztm003,Zoetermeer Driemanspolder,2026-10-04T07:01:03+02:00,2026-10-04,zondag,07:01,21
ztm003,Zoetermeer Driemanspolder,2026-10-04T07:16:02+02:00,2026-10-04,zondag,07:16,21
ztm003,Zoetermeer Driemanspolder,2026-10-04T07:31:03+02:00,2026-10-04,zondag,07:31,21
ztm003,Zoetermeer Driemanspolder,2026-10-04T07:46:02+02:00,2026-10-04,zondag,07:46,21
ztm003,Zoetermeer Driemanspolder,2026-10-04T08:01:03+02:00,2026-10-04,zondag,08:01,21
ztm003,Zoetermeer Driemanspolder,2026-10-04T08:16:03+02:00,2026-10-04,zondag,08:16,21
ztm003,Zoetermeer Driemanspolder,2026-10-04T08:46:02+02:00,2026-10-04,zondag,08:46,21
ztm003,Zoetermeer Driemanspolder,2026-10-04T09:01:03+02:00,2026-10-04,zondag,09:01,21
ztm003,Zoetermeer Driemanspolder,2026-10-04T09:16:02+02:00,2026-10-04,zondag,09:16,21
ztm003,Zoetermeer Driemanspolder,2026-10-04T09:31:02+02:00,2026-10-04,zondag,09:31,22
ztm003,Zoetermeer Driemanspolder,2026-10-04T09:46:02+02:00,2026-10-04,zondag,09:46,24
ztm003,Zoetermeer Driemanspolder,2026-10-04T10:01:02+02:00,2026-10-04,zondag,10:01,24
ztm003,Zoetermeer Driemanspolder,2026-10-04T10:16:03+02:00,2026-10-04,zondag,10:16,22
ztm003,Zoetermeer Driemanspolder,2026-10-04T10:31:02+02:00,2026-10-04,zondag,10:31,22
ztm003,Zoetermeer Driemanspolder,2026-10-04T10:46:02+02:00,2026-10-04,zondag,10:46,22
ztm003,Zoetermeer Driemanspolder,2026-10-04T11:01:02+02:00,2026-10-04,zondag,11:01,22
ztm003,Zoetermeer Driemanspolder,2026-10-04T11:16:02+02:00,2026-10-04,zondag,11:16,22
ztm003,Zoetermeer Driemanspolder,2026-10-04T11:31:03+02:00,2026-10-04,zondag,11:31,22
ztm003,Zoetermeer Driemanspolder,2026-10-04T11:46:02+02:00,2026-10-04,zondag,11:46,21
ztm003,Zoetermeer Driemanspolder,2026-10-04T12:01:02+02:00,2026-10-04,zondag,12:01,21
ztm003,Zoetermeer Driemanspolder,2026-10-04T12:16:03+02:00,2026-10-04,zondag,12:16,21
ztm003,Zoetermeer Driemanspolder,2026-10-04T12:31:03+02:00,2026-10-04,zondag,12:31,21
ztm003,Zoetermeer Driemanspolder,2026-10-04T12:46:02+02:00,2026-10-04,zondag,12:46,21
ztm003,Zoetermeer Driemanspolder,2026-10-04T13:01:02+02:00,2026-10-04,zondag,13:01,21
ztm003,Zoetermeer Driemanspolder,2026-10-04T13:31:02+02:00,2026-10-04,zondag,13:31,21
ztm003,Zoetermeer Driemanspolder,2026-10-04T13:46:02+02:00,2026-10-04,zondag,13:46,21
ztm003,Zoetermeer Driemanspolder,2026-10-04T14:01:02+02:00,2026-10-04,zondag,14:01,21
ztm003,Zoetermeer Driemanspolder,2026-10-04T14:16:03+02:00,2026-10-04,zondag,14:16,20
ztm003,Zoetermeer Driemanspolder,2026-10-04T14:31:02+02:00,2026-10-04,zondag,14:31,18
ztm003,Zoetermeer Driemanspolder,2026-10-04T14:46:02+02:00,2026-10-04,zondag,14:46,19
ztm003,Zoetermeer Driemanspolder,2026-10-04T15:01:02+02:00,2026-10-04,zondag,15:01,20
ztm003,Zoetermeer Driemanspolder,2026-10-04T15:16:02+02:00,2026-10-04,zondag,15:16,20
ztm003,Zoetermeer Driemanspolder,2026-10-04T15:31:02+02:00,2026-10-04,zondag,15:31,20
ztm003,Zoetermeer Driemanspolder,2026-10-04T15:46:02+02:00,2026-10-04,zondag,15:46,20
ztm003,Zoetermeer Driemanspolder,2026-10-04T16:01:02+02:00,2026-10-04,zondag,16:01,20
ztm003,Zoetermeer Driemanspolder,2026-10-04T16:16:01+02:00,2026-10-04,zondag,16:16,20
ztm003,Zoetermeer Driemanspolder,2026-10-04T16:31:03+02:00,2026-10-04,zondag,16:31,21
ztm003,Zoetermeer Driemanspolder,2026-10-04T16:46:02+02:00,2026-10-04,zondag,16:46,21
ztm003,Zoetermeer Driemanspolder,2026-10-04T17:01:02+02:00,2026-10-04,zondag,17:01,21
ztm003,Zoetermeer Driemanspolder,2026-10-04T17:16:02+02:00,2026-10-04,zondag,17:16,22
ztm003,Zoetermeer Driemanspolder,2026-10-04T17:31:02+02:00,2026-10-04,zondag,17:31,23
ztm003,Zoetermeer Driemanspolder,2026-10-04T17:46:02+02:00,2026-10-04,zondag,17:46,23
ztm003,Zoetermeer Driemanspolder,2026-10-04T18:01:03+02:00,2026-10-04,zondag,18:01,23
ztm003,Zoetermeer Driemanspolder,2026-10-04T18:16:02+02:00,2026-10-04,zondag,18:16,23
ztm003,Zoetermeer Driemanspolder,2026-10-04T18:31:02+02:00,2026-10-04,zondag,18:31,23
ztm003,Zoetermeer Driemanspolder,2026-10-04T18:46:02+02:00,2026-10-04,zondag,18:46,23
ztm003,Zoetermeer Driemanspolder,2026-10-04T19:01:02+02:00,2026-10-04,zondag,19:01,23
ztm003,Zoetermeer Driemanspolder,2026-10-04T19:16:02+02:00,2026-10-04,zondag,19:16,23
ztm003,Zoetermeer Driemanspolder,2026-10-04T19:31:02+02:00,2026-10-04,zondag,19:31,23
ztm003,Zoetermeer Driemanspolder,2026-10-04T19:46:02+02:00,2026-10-04,zondag,19:46,23
ztm003,Zoetermeer Driemanspolder,2026-10-04T20:01:02+02:00,2026-10-04,zondag,20:01,23
ztm003,Zoetermeer Driemanspolder,2026-10-04T20:16:02+02:00,2026-10-04,zondag,20:16,23
ztm003,Zoetermeer Driemanspolder,2026-10-04T20:31:02+02:00,2026-10-04,zondag,20:31,24
ztm003,Zoetermeer Driemanspolder,2026-10-04T20:46:02+02:00,2026-10-04,zondag,20:46,24
ztm003,Zoetermeer Driemanspolder,2026-10-04T21:01:03+02:00,2026-10-04,zondag,21:01,24
ztm003,Zoetermeer Driemanspolder,2026-10-04T21:16:02+02:00,2026-10-04,zondag,21:16,24
ztm003,Zoetermeer Driemanspolder,2026-10-04T21:31:03+02:00,2026-10-04,zondag,21:31,24
ztm003,Zoetermeer Driemanspolder,2026-10-04T21:46:02+02:00,2026-10-04,zondag,21:46,24
ztm003,Zoetermeer Driemanspolder,2026-10-04T22:01:03+02:00,2026-10-04,zondag,22:01,24
ztm003,Zoetermeer Driemanspolder,2026-10-04T22:16:03+02:00,2026-10-04,zondag,22:16,24
ztm003,Zoetermeer Driemanspolder,2026-10-04T22:31:03+02:00,2026-10-04,zondag,22:31,24
ztm003,Zoetermeer Driemanspolder,2026-10-04T22:46:02+02:00,2026-10-04,zondag,22:46,24
ztm003,Zoetermeer Driemanspolder,2026-10-04T23:01:02+02:00,2026-10-04,zondag,23:01,24
ztm003,Zoetermeer Driemanspolder,2026-10-04T23:16:02+02:00,2026-10-04,zondag,23:16,24
ztm003,Zoetermeer Driemanspolder,2026-10-04T23:31:02+02:00,2026-10-04,zondag,23:31,24
ztm003,Zoetermeer Driemanspolder,2026-10-04T23:46:02+02:00,2026-10-04,zondag,23:46,24
ztm003,Zoetermeer Driemanspolder,2026-10-05T00:01:02+02:00,2026-10-05,maandag,00:01,24
ztm003,Zoetermeer Driemanspolder,2026-10-05T00:16:02+02:00,2026-10-05,maandag,00:16,23
ztm003,Zoetermeer Driemanspolder,2026-10-05T00:31:03+02:00,2026-10-05,maandag,00:31,23
ztm003,Zoetermeer Driemanspolder,2026-10-05T00:46:02+02:00,2026-10-05,maandag,00:46,23
ztm003,Zoetermeer Driemanspolder,2026-10-05T01:01:02+02:00,2026-10-05,maandag,01:01,23
ztm003,Zoetermeer Driemanspolder,2026-10-05T01:16:02+02:00,2026-10-05,maandag,01:16,23
ztm003,Zoetermeer Driemanspolder,2026-10-05T01:31:03+02:00,2026-10-05,maandag,01:31,23
ztm003,Zoetermeer Driemanspolder,2026-10-05T01:46:02+02:00,2026-10-05,maandag,01:46,23
ztm003,Zoetermeer Driemanspolder,2026-10-05T02:01:02+02:00,2026-10-05,maandag,02:01,23
ztm003,Zoetermeer Driemanspolder,2026-10-05T02:16:02+02:00,2026-10-05,maandag,02:16,23
ztm003,Zoetermeer Driemanspolder,2026-10-05T02:31:01+02:00,2026-10-05,maandag,02:31,23
ztm003,Zoetermeer Driemanspolder,2026-10-05T02:46:02+02:00,2026-10-05,maandag,02:46,23
ztm003,Zoetermeer Driemanspolder,2026-10-05T03:01:03+02:00,2026-10-05,maandag,03:01,23
ztm003,Zoetermeer Driemanspolder,2026-10-05T03:16:02+02:00,2026-10-05,maandag,03:16,23
ztm003,Zoetermeer Driemanspolder,2026-10-05T03:31:02+02:00,2026-10-05,maandag,03:31,23
ztm003,Zoetermeer Driemanspolder,2026-10-05T03:46:02+02:00,2026-10-05,maandag,03:46,23
ztm003,Zoetermeer Driemanspolder,2026-10-05T04:01:02+02:00,2026-10-05,maandag,04:01,23
ztm003,Zoetermeer Driemanspolder,2026-10-05T04:16:02+02:00,2026-10-05,maandag,04:16,23
ztm003,Zoetermeer Driemanspolder,2026-10-05T04:31:03+02:00,2026-10-05,maandag,04:31,23
ztm003,Zoetermeer Driemanspolder,2026-10-05T04:46:02+02:00,2026-10-05,maandag,04:46,23
ztm003,Zoetermeer Driemanspolder,2026-10-05T05:01:03+02:00,2026-10-05,maandag,05:01,23
ztm003,Zoetermeer Driemanspolder,2026-10-05T05:16:03+02:00,2026-10-05,maandag,05:16,23
ztm003,Zoetermeer Driemanspolder,2026-10-05T05:31:03+02:00,2026-10-05,maandag,05:31,23
ztm003,Zoetermeer Driemanspolder,2026-10-05T05:46:03+02:00,2026-10-05,maandag,05:46,23
ztm003,Zoetermeer Driemanspolder,2026-10-05T06:01:03+02:00,2026-10-05,maandag,06:01,23
ztm003,Zoetermeer Driemanspolder,2026-10-05T06:16:02+02:00,2026-10-05,maandag,06:16,23
ztm003,Zoetermeer Driemanspolder,2026-10-05T06:31:02+02:00,2026-10-05,maandag,06:31,23
ztm003,Zoetermeer Driemanspolder,2026-10-05T06:46:03+02:00,2026-10-05,maandag,06:46,23
ztm003,Zoetermeer Driemanspolder,2026-10-05T07:01:03+02:00,2026-10-05,maandag,07:01,23
ztm003,Zoetermeer Driemanspolder,2026-10-05T07:16:02+02:00,2026-10-05,maandag,07:16,21
ztm003,Zoetermeer Driemanspolder,2026-10-05T07:31:02+02:00,2026-10-05,maandag,07:31,20
ztm003,Zoetermeer Driemanspolder,2026-10-05T07:46:03+02:00,2026-10-05,maandag,07:46,19
ztm003,Zoetermeer Driemanspolder,2026-10-05T08:01:02+02:00,2026-10-05,maandag,08:01,17
ztm003,Zoetermeer Driemanspolder,2026-10-05T08:16:03+02:00,2026-10-05,maandag,08:16,14
ztm003,Zoetermeer Driemanspolder,2026-10-05T08:31:03+02:00,2026-10-05,maandag,08:31,10
ztm003,Zoetermeer Driemanspolder,2026-10-05T09:01:03+02:00,2026-10-05,maandag,09:01,7
ztm003,Zoetermeer Driemanspolder,2026-10-05T09:31:02+02:00,2026-10-05,maandag,09:31,4
ztm003,Zoetermeer Driemanspolder,2026-10-05T11:46:02+02:00,2026-10-05,maandag,11:46,3
ztm003,Zoetermeer Driemanspolder,2026-10-05T17:01:02+02:00,2026-10-05,maandag,17:01,11
ztm003,Zoetermeer Driemanspolder,2026-10-05T17:16:02+02:00,2026-10-05,maandag,17:16,13
ztm003,Zoetermeer Driemanspolder,2026-10-05T20:01:02+02:00,2026-10-05,maandag,20:01,22
ztm003,Zoetermeer Driemanspolder,2026-10-06T05:01:02+02:00,2026-10-06,dinsdag,05:01,22
ztm003,Zoetermeer Driemanspolder,2026-10-06T05:16:03+02:00,2026-10-06,dinsdag,05:16,22
ztm003,Zoetermeer Driemanspolder,2026-10-06T05:31:02+02:00,2026-10-06,dinsdag,05:31,22
ztm003,Zoetermeer Driemanspolder,2026-10-06T05:46:02+02:00,2026-10-06,dinsdag,05:46,22
ztm003,Zoetermeer Driemanspolder,2026-10-06T06:01:03+02:00,2026-10-06,dinsdag,06:01,22
ztm003,Zoetermeer Driemanspolder,2026-10-06T06:16:03+02:00,2026-10-06,dinsdag,06:16,22
ztm003,Zoetermeer Driemanspolder,2026-10-06T06:31:02+02:00,2026-10-06,dinsdag,06:31,22
ztm003,Zoetermeer Driemanspolder,2026-10-06T06:46:02+02:00,2026-10-06,dinsdag,06:46,22
ztm003,Zoetermeer Driemanspolder,2026-10-06T07:01:03+02:00,2026-10-06,dinsdag,07:01,22
ztm003,Zoetermeer Driemanspolder,2026-10-06T07:16:03+02:00,2026-10-06,dinsdag,07:16,20
ztm003,Zoetermeer Driemanspolder,2026-10-06T07:31:02+02:00,2026-10-06,dinsdag,07:31,19
ztm003,Zoetermeer Driemanspolder,2026-10-06T07:46:02+02:00,2026-10-06,dinsdag,07:46,15
ztm003,Zoetermeer Driemanspolder,2026-10-06T08:01:03+02:00,2026-10-06,dinsdag,08:01,14
ztm003,Zoetermeer Driemanspolder,2026-10-06T08:16:03+02:00,2026-10-06,dinsdag,08:16,12
ztm003,Zoetermeer Driemanspolder,2026-10-06T08:46:03+02:00,2026-10-06,dinsdag,08:46,3
ztm003,Zoetermeer Driemanspolder,2026-10-06T09:01:02+02:00,2026-10-06,dinsdag,09:01,3
ztm003,Zoetermeer Driemanspolder,2026-10-06T09:16:02+02:00,2026-10-06,dinsdag,09:16,1
ztm003,Zoetermeer Driemanspolder,2026-10-06T09:31:03+02:00,2026-10-06,dinsdag,09:31,0
ztm003,Zoetermeer Driemanspolder,2026-10-06T09:46:02+02:00,2026-10-06,dinsdag,09:46,0
ztm003,Zoetermeer Driemanspolder,2026-10-06T10:01:03+02:00,2026-10-06,dinsdag,10:01,0
ztm003,Zoetermeer Driemanspolder,2026-10-06T10:16:03+02:00,2026-10-06,dinsdag,10:16,0
ztm003,Zoetermeer Driemanspolder,2026-10-06T10:31:03+02:00,2026-10-06,dinsdag,10:31,0
ztm003,Zoetermeer Driemanspolder,2026-10-06T10:46:04+02:00,2026-10-06,dinsdag,10:46,0
ztm003,Zoetermeer Driemanspolder,2026-10-06T11:01:04+02:00,2026-10-06,dinsdag,11:01,0
ztm003,Zoetermeer Driemanspolder,2026-10-06T11:16:02+02:00,2026-10-06,dinsdag,11:16,0
ztm003,Zoetermeer Driemanspolder,2026-10-06T11:46:04+02:00,2026-10-06,dinsdag,11:46,0
ztm003,Zoetermeer Driemanspolder,2026-10-06T12:01:03+02:00,2026-10-06,dinsdag,12:01,0
ztm003,Zoetermeer Driemanspolder,2026-10-06T12:16:04+02:00,2026-10-06,dinsdag,12:16,0
ztm003,Zoetermeer Driemanspolder,2026-10-06T12:31:03+02:00,2026-10-06,dinsdag,12:31,0
ztm003,Zoetermeer Driemanspolder,2026-10-06T12:46:02+02:00,2026-10-06,dinsdag,12:46,0
ztm003,Zoetermeer Driemanspolder,2026-10-06T13:31:02+02:00,2026-10-06,dinsdag,13:31,0
ztm003,Zoetermeer Driemanspolder,2026-10-06T13:46:02+02:00,2026-10-06,dinsdag,13:46,0
ztm003,Zoetermeer Driemanspolder,2026-10-06T14:01:02+02:00,2026-10-06,dinsdag,14:01,0
ztm003,Zoetermeer Driemanspolder,2026-10-06T14:16:02+02:00,2026-10-06,dinsdag,14:16,0
ztm003,Zoetermeer Driemanspolder,2026-10-06T14:31:02+02:00,2026-10-06,dinsdag,14:31,0
ztm003,Zoetermeer Driemanspolder,2026-10-06T14:46:02+02:00,2026-10-06,dinsdag,14:46,0
ztm003,Zoetermeer Driemanspolder,2026-10-06T15:01:02+02:00,2026-10-06,dinsdag,15:01,0
ztm003,Zoetermeer Driemanspolder,2026-10-06T15:16:03+02:00,2026-10-06,dinsdag,15:16,0
ztm003,Zoetermeer Driemanspolder,2026-10-06T15:31:03+02:00,2026-10-06,dinsdag,15:31,0
ztm003,Zoetermeer Driemanspolder,2026-10-06T15:46:04+02:00,2026-10-06,dinsdag,15:46,1
ztm003,Zoetermeer Driemanspolder,2026-10-06T16:01:03+02:00,2026-10-06,dinsdag,16:01,1
ztm003,Zoetermeer Driemanspolder,2026-10-06T16:16:03+02:00,2026-10-06,dinsdag,16:16,4
ztm003,Zoetermeer Driemanspolder,2026-10-06T16:31:04+02:00,2026-10-06,dinsdag,16:31,5
ztm003,Zoetermeer Driemanspolder,2026-10-06T16:46:03+02:00,2026-10-06,dinsdag,16:46,8
ztm003,Zoetermeer Driemanspolder,2026-10-06T17:16:03+02:00,2026-10-06,dinsdag,17:16,11
ztm003,Zoetermeer Driemanspolder,2026-10-06T17:31:03+02:00,2026-10-06,dinsdag,17:31,15
ztm003,Zoetermeer Driemanspolder,2026-10-06T18:16:02+02:00,2026-10-06,dinsdag,18:16,19
ztm003,Zoetermeer Driemanspolder,2026-10-06T18:31:04+02:00,2026-10-06,dinsdag,18:31,22
ztm003,Zoetermeer Driemanspolder,2026-10-06T18:46:02+02:00,2026-10-06,dinsdag,18:46,22
ztm003,Zoetermeer Driemanspolder,2026-10-06T19:01:03+02:00,2026-10-06,dinsdag,19:01,22
ztm003,Zoetermeer Driemanspolder,2026-10-06T19:16:02+02:00,2026-10-06,dinsdag,19:16,22
ztm003,Zoetermeer Driemanspolder,2026-10-06T19:31:05+02:00,2026-10-06,dinsdag,19:31,22
ztm003,Zoetermeer Driemanspolder,2026-10-06T19:46:03+02:00,2026-10-06,dinsdag,19:46,22
ztm003,Zoetermeer Driemanspolder,2026-10-06T20:01:03+02:00,2026-10-06,dinsdag,20:01,22
ztm003,Zoetermeer Driemanspolder,2026-10-06T20:16:03+02:00,2026-10-06,dinsdag,20:16,22
ztm003,Zoetermeer Driemanspolder,2026-10-06T20:46:02+02:00,2026-10-06,dinsdag,20:46,23
ztm003,Zoetermeer Driemanspolder,2026-10-06T21:01:04+02:00,2026-10-06,dinsdag,21:01,23
ztm003,Zoetermeer Driemanspolder,2026-10-06T21:31:04+02:00,2026-10-06,dinsdag,21:31,23
ztm003,Zoetermeer Driemanspolder,2026-10-06T21:46:03+02:00,2026-10-06,dinsdag,21:46,23
ztm003,Zoetermeer Driemanspolder,2026-10-06T22:16:02+02:00,2026-10-06,dinsdag,22:16,24
ztm003,Zoetermeer Driemanspolder,2026-10-06T22:31:04+02:00,2026-10-06,dinsdag,22:31,24
ztm003,Zoetermeer Driemanspolder,2026-10-06T22:46:02+02:00,2026-10-06,dinsdag,22:46,23
ztm003,Zoetermeer Driemanspolder,2026-10-06T23:01:02+02:00,2026-10-06,dinsdag,23:01,23
ztm003,Zoetermeer Driemanspolder,2026-10-06T23:16:02+02:00,2026-10-06,dinsdag,23:16,23
ztm003,Zoetermeer Driemanspolder,2026-10-06T23:31:02+02:00,2026-10-06,dinsdag,23:31,23
ztm003,Zoetermeer Driemanspolder,2026-10-06T23:46:03+02:00,2026-10-06,dinsdag,23:46,23
ztm003,Zoetermeer Driemanspolder,2026-10-07T00:01:03+02:00,2026-10-07,woensdag,00:01,23
ztm003,Zoetermeer Driemanspolder,2026-10-07T00:16:04+02:00,2026-10-07,woensdag,00:16,23
ztm003,Zoetermeer Driemanspolder,2026-10-07T08:16:02+02:00,2026-10-07,woensdag,08:16,13
ztm003,Zoetermeer Driemanspolder,2026-10-07T08:46:02+02:00,2026-10-07,woensdag,08:46,8
ztm003,Zoetermeer Driemanspolder,2026-10-07T09:31:04+02:00,2026-10-07,woensdag,09:31,6
ztm003,Zoetermeer Driemanspolder,2026-10-07T19:31:03+02:00,2026-10-07,woensdag,19:31,11
ztm003,Zoetermeer Driemanspolder,2026-10-07T19:46:03+02:00,2026-10-07,woensdag,19:46,11
ztm003,Zoetermeer Driemanspolder,2026-10-07T20:01:02+02:00,2026-10-07,woensdag,20:01,11
ztm003,Zoetermeer Driemanspolder,2026-10-07T20:16:03+02:00,2026-10-07,woensdag,20:16,23
ztm003,Zoetermeer Driemanspolder,2026-10-07T20:31:02+02:00,2026-10-07,woensdag,20:31,23
ztm003,Zoetermeer Driemanspolder,2026-10-07T20:46:02+02:00,2026-10-07,woensdag,20:46,11
ztm003,Zoetermeer Driemanspolder,2026-10-07T21:01:02+02:00,2026-10-07,woensdag,21:01,23
ztm003,Zoetermeer Driemanspolder,2026-10-07T21:16:03+02:00,2026-10-07,woensdag,21:16,23
ztm003,Zoetermeer Driemanspolder,2026-10-07T21:31:03+02:00,2026-10-07,woensdag,21:31,23
ztm003,Zoetermeer Driemanspolder,2026-10-07T21:46:03+02:00,2026-10-07,woensdag,21:46,11
ztm003,Zoetermeer Driemanspolder,2026-10-07T22:01:02+02:00,2026-10-07,woensdag,22:01,22
ztm003,Zoetermeer Driemanspolder,2026-10-07T22:16:03+02:00,2026-10-07,woensdag,22:16,22
ztm003,Zoetermeer Driemanspolder,2026-10-07T22:31:03+02:00,2026-10-07,woensdag,22:31,22
ztm003,Zoetermeer Driemanspolder,2026-10-07T22:46:03+02:00,2026-10-07,woensdag,22:46,22
ztm003,Zoetermeer Driemanspolder,2026-10-07T23:01:04+02:00,2026-10-07,woensdag,23:01,11
ztm003,Zoetermeer Driemanspolder,2026-10-07T23:16:02+02:00,2026-10-07,woensdag,23:16,22
ztm003,Zoetermeer Driemanspolder,2026-10-07T23:46:02+02:00,2026-10-07,woensdag,23:46,22
ztm003,Zoetermeer Driemanspolder,2026-10-08T00:01:01+02:00,2026-10-08,donderdag,00:01,22
ztm003,Zoetermeer Driemanspolder,2026-10-08T00:16:03+02:00,2026-10-08,donderdag,00:16,11
ztm003,Zoetermeer Driemanspolder,2026-10-08T00:31:03+02:00,2026-10-08,donderdag,00:31,22
ztm003,Zoetermeer Driemanspolder,2026-10-08T00:46:03+02:00,2026-10-08,donderdag,00:46,22
ztm003,Zoetermeer Driemanspolder,2026-10-08T01:01:03+02:00,2026-10-08,donderdag,01:01,22
ztm003,Zoetermeer Driemanspolder,2026-10-08T01:16:02+02:00,2026-10-08,donderdag,01:16,11
ztm003,Zoetermeer Driemanspolder,2026-10-08T01:31:03+02:00,2026-10-08,donderdag,01:31,22
ztm003,Zoetermeer Driemanspolder,2026-10-08T01:46:03+02:00,2026-10-08,donderdag,01:46,22
ztm003,Zoetermeer Driemanspolder,2026-10-08T02:01:02+02:00,2026-10-08,donderdag,02:01,11
ztm003,Zoetermeer Driemanspolder,2026-10-08T02:16:02+02:00,2026-10-08,donderdag,02:16,11
ztm003,Zoetermeer Driemanspolder,2026-10-08T02:31:02+02:00,2026-10-08,donderdag,02:31,22
ztm003,Zoetermeer Driemanspolder,2026-10-08T02:46:02+02:00,2026-10-08,donderdag,02:46,22
ztm003,Zoetermeer Driemanspolder,2026-10-08T03:01:03+02:00,2026-10-08,donderdag,03:01,22
ztm003,Zoetermeer Driemanspolder,2026-10-08T03:16:02+02:00,2026-10-08,donderdag,03:16,22
ztm003,Zoetermeer Driemanspolder,2026-10-08T03:31:02+02:00,2026-10-08,donderdag,03:31,11
ztm003,Zoetermeer Driemanspolder,2026-10-08T03:46:03+02:00,2026-10-08,donderdag,03:46,22
ztm003,Zoetermeer Driemanspolder,2026-10-08T04:01:02+02:00,2026-10-08,donderdag,04:01,22
ztm003,Zoetermeer Driemanspolder,2026-10-08T04:16:02+02:00,2026-10-08,donderdag,04:16,11
ztm003,Zoetermeer Driemanspolder,2026-10-08T04:46:02+02:00,2026-10-08,donderdag,04:46,11
ztm003,Zoetermeer Driemanspolder,2026-10-08T05:01:02+02:00,2026-10-08,donderdag,05:01,11
ztm003,Zoetermeer Driemanspolder,2026-10-08T05:16:02+02:00,2026-10-08,donderdag,05:16,11
ztm003,Zoetermeer Driemanspolder,2026-10-08T05:31:02+02:00,2026-10-08,donderdag,05:31,11
ztm003,Zoetermeer Driemanspolder,2026-10-08T05:46:03+02:00,2026-10-08,donderdag,05:46,11
ztm003,Zoetermeer Driemanspolder,2026-10-08T06:01:03+02:00,2026-10-08,donderdag,06:01,11
ztm003,Zoetermeer Driemanspolder,2026-10-08T06:16:04+02:00,2026-10-08,donderdag,06:16,11
ztm003,Zoetermeer Driemanspolder,2026-10-08T06:31:03+02:00,2026-10-08,donderdag,06:31,11
