tijdstip_utc,drager,prijs_excl_btw,eenheid,opgehaald_op
2026-09-24T22:00:00Z,stroom,0.181982502,EUR/kWh,2026-09-28T13:36:34Z
2026-09-24T23:00:00Z,stroom,0.1722,EUR/kWh,2026-09-28T13:36:34Z
2026-09-24T22:00:00Z,gas,0.71,EUR/m3,2026-09-28T13:36:34Z
2026-09-24T23:00:00Z,gas,0.71,EUR/m3,2026-09-28T13:36:34Z
2026-09-25T00:00:00Z,stroom,0.16493,EUR/kWh,2026-09-28T14:45:02Z
2026-09-25T01:00:00Z,stroom,0.164477497,EUR/kWh,2026-09-28T14:45:02Z
2026-09-25T02:00:00Z,stroom,0.16117,EUR/kWh,2026-09-28T14:45:02Z
2026-09-25T03:00:00Z,stroom,0.165862501,EUR/kWh,2026-09-28T14:45:02Z
2026-09-25T04:00:00Z,stroom,0.1799,EUR/kWh,2026-09-28T14:45:02Z
2026-09-25T05:00:00Z,stroom,0.20757,EUR/kWh,2026-09-28T14:45:02Z
2026-09-25T06:00:00Z,stroom,0.21246,EUR/kWh,2026-09-28T14:45:02Z
2026-09-25T07:00:00Z,stroom,0.194707498,EUR/kWh,2026-09-28T14:45:02Z
2026-09-25T08:00:00Z,stroom,0.155007496,EUR/kWh,2026-09-28T14:45:02Z
2026-09-25T09:00:00Z,stroom,0.106007501,EUR/kWh,2026-09-28T14:45:02Z
2026-09-25T10:00:00Z,stroom,0.0616825,EUR/kWh,2026-09-28T14:45:02Z
2026-09-25T11:00:00Z,stroom,0.0349275,EUR/kWh,2026-09-28T14:45:02Z
2026-09-25T12:00:00Z,stroom,0.043635,EUR/kWh,2026-09-28T14:45:02Z
2026-09-25T13:00:00Z,stroom,0.085855,EUR/kWh,2026-09-28T14:45:02Z
2026-09-25T14:00:00Z,stroom,0.14528,EUR/kWh,2026-09-28T14:45:02Z
2026-09-25T15:00:00Z,stroom,0.195252493,EUR/kWh,2026-09-28T14:45:02Z
2026-09-25T16:00:00Z,stroom,0.240392506,EUR/kWh,2026-09-28T14:45:02Z
2026-09-25T17:00:00Z,stroom,0.297402501,EUR/kWh,2026-09-28T14:45:02Z
2026-09-25T18:00:00Z,stroom,0.25218749,EUR/kWh,2026-09-28T14:45:02Z
2026-09-25T19:00:00Z,stroom,0.22425,EUR/kWh,2026-09-28T14:45:02Z
2026-09-25T20:00:00Z,stroom,0.20652,EUR/kWh,2026-09-28T14:45:02Z
2026-09-25T21:00:00Z,stroom,0.177,EUR/kWh,2026-09-28T14:45:02Z
2026-09-25T22:00:00Z,stroom,0.196757495,EUR/kWh,2026-09-28T14:45:02Z
2026-09-25T23:00:00Z,stroom,0.1846,EUR/kWh,2026-09-28T14:45:02Z
2026-09-25T00:00:00Z,gas,0.71,EUR/m3,2026-09-28T14:45:02Z
2026-09-25T01:00:00Z,gas,0.71,EUR/m3,2026-09-28T14:45:02Z
2026-09-25T02:00:00Z,gas,0.71,EUR/m3,2026-09-28T14:45:02Z
2026-09-25T03:00:00Z,gas,0.71,EUR/m3,2026-09-28T14:45:02Z
2026-09-25T04:00:00Z,gas,0.74,EUR/m3,2026-09-28T14:45:02Z
2026-09-25T05:00:00Z,gas,0.74,EUR/m3,2026-09-28T14:45:02Z
2026-09-25T06:00:00Z,gas,0.74,EUR/m3,2026-09-28T14:45:02Z
2026-09-25T07:00:00Z,gas,0.74,EUR/m3,2026-09-28T14:45:02Z
2026-09-25T08:00:00Z,gas,0.74,EUR/m3,2026-09-28T14:45:02Z
2026-09-25T09:00:00Z,gas,0.74,EUR/m3,2026-09-28T14:45:02Z
2026-09-25T10:00:00Z,gas,0.74,EUR/m3,2026-09-28T14:45:02Z
2026-09-25T11:00:00Z,gas,0.74,EUR/m3,2026-09-28T14:45:02Z
2026-09-25T12:00:00Z,gas,0.74,EUR/m3,2026-09-28T14:45:02Z
2026-09-25T13:00:00Z,gas,0.74,EUR/m3,2026-09-28T14:45:02Z
2026-09-25T14:00:00Z,gas,0.74,EUR/m3,2026-09-28T14:45:02Z
2026-09-25T15:00:00Z,gas,0.74,EUR/m3,2026-09-28T14:45:02Z
2026-09-25T16:00:00Z,gas,0.74,EUR/m3,2026-09-28T14:45:02Z
2026-09-25T17:00:00Z,gas,0.74,EUR/m3,2026-09-28T14:45:02Z
2026-09-25T18:00:00Z,gas,0.74,EUR/m3,2026-09-28T14:45:02Z
2026-09-25T19:00:00Z,gas,0.74,EUR/m3,2026-09-28T14:45:02Z
2026-09-25T20:00:00Z,gas,0.74,EUR/m3,2026-09-28T14:45:02Z
2026-09-25T21:00:00Z,gas,0.74,EUR/m3,2026-09-28T14:45:02Z
2026-09-25T22:00:00Z,gas,0.74,EUR/m3,2026-09-28T14:45:02Z
2026-09-25T23:00:00Z,gas,0.74,EUR/m3,2026-09-28T14:45:02Z
2026-09-26T00:00:00Z,stroom,0.1760775,EUR/kWh,2026-09-29T04:30:45Z
2026-09-26T01:00:00Z,stroom,0.164692506,EUR/kWh,2026-09-29T04:30:45Z
2026-09-26T02:00:00Z,stroom,0.161797494,EUR/kWh,2026-09-29T04:30:45Z
2026-09-26T03:00:00Z,stroom,0.161727503,EUR/kWh,2026-09-29T04:30:45Z
2026-09-26T04:00:00Z,stroom,0.179465,EUR/kWh,2026-09-29T04:30:45Z
2026-09-26T05:00:00Z,stroom,0.19489,EUR/kWh,2026-09-29T04:30:45Z
2026-09-26T06:00:00Z,stroom,0.191952497,EUR/kWh,2026-09-29T04:30:45Z
2026-09-26T07:00:00Z,stroom,0.156442493,EUR/kWh,2026-09-29T04:30:45Z
2026-09-26T08:00:00Z,stroom,0.114745,EUR/kWh,2026-09-29T04:30:45Z
2026-09-26T09:00:00Z,stroom,0.059935,EUR/kWh,2026-09-29T04:30:45Z
2026-09-26T10:00:00Z,stroom,0.0409975,EUR/kWh,2026-09-29T04:30:45Z
2026-09-26T11:00:00Z,stroom,0.0185275,EUR/kWh,2026-09-29T04:30:45Z
2026-09-26T12:00:00Z,stroom,0.019215,EUR/kWh,2026-09-29T04:30:45Z
2026-09-26T13:00:00Z,stroom,0.0576775,EUR/kWh,2026-09-29T04:30:45Z
2026-09-26T14:00:00Z,stroom,0.125205,EUR/kWh,2026-09-29T04:30:45Z
2026-09-26T15:00:00Z,stroom,0.186475,EUR/kWh,2026-09-29T04:30:45Z
2026-09-26T16:00:00Z,stroom,0.2132,EUR/kWh,2026-09-29T04:30:45Z
2026-09-26T17:00:00Z,stroom,0.236787498,EUR/kWh,2026-09-29T04:30:45Z
2026-09-26T18:00:00Z,stroom,0.22636,EUR/kWh,2026-09-29T04:30:45Z
2026-09-26T19:00:00Z,stroom,0.208487496,EUR/kWh,2026-09-29T04:30:45Z
2026-09-26T20:00:00Z,stroom,0.19931,EUR/kWh,2026-09-29T04:30:45Z
2026-09-26T21:00:00Z,stroom,0.186,EUR/kWh,2026-09-29T04:30:45Z
2026-09-26T22:00:00Z,stroom,0.183435,EUR/kWh,2026-09-29T04:30:45Z
2026-09-26T23:00:00Z,stroom,0.178295,EUR/kWh,2026-09-29T04:30:45Z
2026-09-27T00:00:00Z,stroom,0.17134,EUR/kWh,2026-09-29T04:30:45Z
2026-09-27T01:00:00Z,stroom,0.1664325,EUR/kWh,2026-09-29T04:30:45Z
2026-09-27T02:00:00Z,stroom,0.161567494,EUR/kWh,2026-09-29T04:30:45Z
2026-09-27T03:00:00Z,stroom,0.15867,EUR/kWh,2026-09-29T04:30:45Z
2026-09-27T04:00:00Z,stroom,0.15957,EUR/kWh,2026-09-29T04:30:45Z
2026-09-27T05:00:00Z,stroom,0.151892498,EUR/kWh,2026-09-29T04:30:45Z
2026-09-27T06:00:00Z,stroom,0.130937502,EUR/kWh,2026-09-29T04:30:45Z
2026-09-27T07:00:00Z,stroom,0.06496,EUR/kWh,2026-09-29T04:30:45Z
2026-09-27T08:00:00Z,stroom,0.0219475,EUR/kWh,2026-09-29T04:30:45Z
2026-09-27T09:00:00Z,stroom,0.0006975,EUR/kWh,2026-09-29T04:30:45Z
2026-09-27T10:00:00Z,stroom,0.0011875,EUR/kWh,2026-09-29T04:30:45Z
2026-09-27T11:00:00Z,stroom,0.0001225,EUR/kWh,2026-09-29T04:30:45Z
2026-09-27T12:00:00Z,stroom,-4.25E-05,EUR/kWh,2026-09-29T04:30:45Z
2026-09-27T13:00:00Z,stroom,-5E-06,EUR/kWh,2026-09-29T04:30:45Z
2026-09-27T14:00:00Z,stroom,0.0131025,EUR/kWh,2026-09-29T04:30:45Z
2026-09-27T15:00:00Z,stroom,0.114777498,EUR/kWh,2026-09-29T04:30:45Z
2026-09-27T16:00:00Z,stroom,0.190045,EUR/kWh,2026-09-29T04:30:45Z
2026-09-27T17:00:00Z,stroom,0.20214,EUR/kWh,2026-09-29T04:30:45Z
2026-09-27T18:00:00Z,stroom,0.201127499,EUR/kWh,2026-09-29T04:30:45Z
2026-09-27T19:00:00Z,stroom,0.189915,EUR/kWh,2026-09-29T04:30:45Z
2026-09-27T20:00:00Z,stroom,0.177302495,EUR/kWh,2026-09-29T04:30:45Z
2026-09-27T21:00:00Z,stroom,0.1636675,EUR/kWh,2026-09-29T04:30:45Z
2026-09-27T22:00:00Z,stroom,0.156122506,EUR/kWh,2026-09-29T04:30:45Z
2026-09-27T23:00:00Z,stroom,0.157392502,EUR/kWh,2026-09-29T04:30:45Z
2026-09-28T00:00:00Z,stroom,0.153765,EUR/kWh,2026-09-29T04:30:45Z
2026-09-28T01:00:00Z,stroom,0.1557,EUR/kWh,2026-09-29T04:30:45Z
2026-09-28T02:00:00Z,stroom,0.16167,EUR/kWh,2026-09-29T04:30:45Z
2026-09-28T03:00:00Z,stroom,0.175705,EUR/kWh,2026-09-29T04:30:45Z
2026-09-28T04:00:00Z,stroom,0.211132497,EUR/kWh,2026-09-29T04:30:45Z
2026-09-28T05:00:00Z,stroom,0.241,EUR/kWh,2026-09-29T04:30:45Z
2026-09-28T06:00:00Z,stroom,0.244962499,EUR/kWh,2026-09-29T04:30:45Z
2026-09-28T07:00:00Z,stroom,0.219537497,EUR/kWh,2026-09-29T04:30:45Z
2026-09-28T08:00:00Z,stroom,0.177422494,EUR/kWh,2026-09-29T04:30:45Z
2026-09-28T09:00:00Z,stroom,0.152002499,EUR/kWh,2026-09-29T04:30:45Z
2026-09-28T10:00:00Z,stroom,0.13736,EUR/kWh,2026-09-29T04:30:45Z
2026-09-28T11:00:00Z,stroom,0.141132504,EUR/kWh,2026-09-29T04:30:45Z
2026-09-28T12:00:00Z,stroom,0.149767503,EUR/kWh,2026-09-29T04:30:45Z
2026-09-28T13:00:00Z,stroom,0.159362495,EUR/kWh,2026-09-29T04:30:45Z
2026-09-28T14:00:00Z,stroom,0.191182494,EUR/kWh,2026-09-29T04:30:45Z
2026-09-28T15:00:00Z,stroom,0.23667,EUR/kWh,2026-09-29T04:30:45Z
2026-09-28T16:00:00Z,stroom,0.308715,EUR/kWh,2026-09-29T04:30:45Z
2026-09-28T17:00:00Z,stroom,0.342212498,EUR/kWh,2026-09-29T04:30:45Z
2026-09-28T18:00:00Z,stroom,0.27730751,EUR/kWh,2026-09-29T04:30:45Z
2026-09-28T19:00:00Z,stroom,0.229,EUR/kWh,2026-09-29T04:30:45Z
2026-09-28T20:00:00Z,stroom,0.20335,EUR/kWh,2026-09-29T04:30:45Z
2026-09-28T21:00:00Z,stroom,0.17927,EUR/kWh,2026-09-29T04:30:45Z
2026-09-28T22:00:00Z,stroom,0.184792504,EUR/kWh,2026-09-29T04:30:45Z
2026-09-28T23:00:00Z,stroom,0.174172506,EUR/kWh,2026-09-29T04:30:45Z
2026-09-29T00:00:00Z,stroom,0.169625,EUR/kWh,2026-09-29T04:30:45Z
2026-09-29T01:00:00Z,stroom,0.16499,EUR/kWh,2026-09-29T04:30:45Z
2026-09-29T02:00:00Z,stroom,0.160467505,EUR/kWh,2026-09-29T04:30:45Z
2026-09-29T03:00:00Z,stroom,0.165575,EUR/kWh,2026-09-29T04:30:45Z
2026-09-29T04:00:00Z,stroom,0.19852,EUR/kWh,2026-09-29T04:30:45Z
2026-09-29T05:00:00Z,stroom,0.227682501,EUR/kWh,2026-09-29T04:30:45Z
2026-09-29T06:00:00Z,stroom,0.21467,EUR/kWh,2026-09-29T04:30:45Z
2026-09-29T07:00:00Z,stroom,0.185487494,EUR/kWh,2026-09-29T04:30:45Z
2026-09-29T08:00:00Z,stroom,0.17099,EUR/kWh,2026-09-29T04:30:45Z
2026-09-29T09:00:00Z,stroom,0.128662497,EUR/kWh,2026-09-29T04:30:45Z
2026-09-29T10:00:00Z,stroom,0.095,EUR/kWh,2026-09-29T04:30:45Z
2026-09-29T11:00:00Z,stroom,0.0754,EUR/kWh,2026-09-29T04:30:45Z
2026-09-29T12:00:00Z,stroom,0.0815475,EUR/kWh,2026-09-29T04:30:45Z
2026-09-29T13:00:00Z,stroom,0.111387499,EUR/kWh,2026-09-29T04:30:45Z
2026-09-29T14:00:00Z,stroom,0.15381,EUR/kWh,2026-09-29T04:30:45Z
2026-09-29T15:00:00Z,stroom,0.198175,EUR/kWh,2026-09-29T04:30:45Z
2026-09-29T16:00:00Z,stroom,0.22849,EUR/kWh,2026-09-29T04:30:45Z
2026-09-29T17:00:00Z,stroom,0.22184,EUR/kWh,2026-09-29T04:30:45Z
2026-09-29T18:00:00Z,stroom,0.184617504,EUR/kWh,2026-09-29T04:30:45Z
2026-09-29T19:00:00Z,stroom,0.174,EUR/kWh,2026-09-29T04:30:45Z
2026-09-29T20:00:00Z,stroom,0.164,EUR/kWh,2026-09-29T04:30:45Z
2026-09-29T21:00:00Z,stroom,0.131977499,EUR/kWh,2026-09-29T04:30:45Z
2026-09-26T00:00:00Z,gas,0.74,EUR/m3,2026-09-29T04:30:45Z
2026-09-26T01:00:00Z,gas,0.74,EUR/m3,2026-09-29T04:30:45Z
2026-09-26T02:00:00Z,gas,0.74,EUR/m3,2026-09-29T04:30:45Z
2026-09-26T03:00:00Z,gas,0.74,EUR/m3,2026-09-29T04:30:45Z
2026-09-26T04:00:00Z,gas,0.7,EUR/m3,2026-09-29T04:30:45Z
2026-09-26T05:00:00Z,gas,0.7,EUR/m3,2026-09-29T04:30:45Z
2026-09-26T06:00:00Z,gas,0.7,EUR/m3,2026-09-29T04:30:45Z
2026-09-26T07:00:00Z,gas,0.7,EUR/m3,2026-09-29T04:30:45Z
2026-09-26T08:00:00Z,gas,0.7,EUR/m3,2026-09-29T04:30:45Z
2026-09-26T09:00:00Z,gas,0.7,EUR/m3,2026-09-29T04:30:45Z
2026-09-26T10:00:00Z,gas,0.7,EUR/m3,2026-09-29T04:30:45Z
2026-09-26T11:00:00Z,gas,0.7,EUR/m3,2026-09-29T04:30:45Z
2026-09-26T12:00:00Z,gas,0.7,EUR/m3,2026-09-29T04:30:45Z
2026-09-26T13:00:00Z,gas,0.7,EUR/m3,2026-09-29T04:30:45Z
2026-09-26T14:00:00Z,gas,0.7,EUR/m3,2026-09-29T04:30:45Z
2026-09-26T15:00:00Z,gas,0.7,EUR/m3,2026-09-29T04:30:45Z
2026-09-26T16:00:00Z,gas,0.7,EUR/m3,2026-09-29T04:30:45Z
2026-09-26T17:00:00Z,gas,0.7,EUR/m3,2026-09-29T04:30:45Z
2026-09-26T18:00:00Z,gas,0.7,EUR/m3,2026-09-29T04:30:45Z
2026-09-26T19:00:00Z,gas,0.7,EUR/m3,2026-09-29T04:30:45Z
2026-09-26T20:00:00Z,gas,0.7,EUR/m3,2026-09-29T04:30:45Z
2026-09-26T21:00:00Z,gas,0.7,EUR/m3,2026-09-29T04:30:45Z
2026-09-26T22:00:00Z,gas,0.7,EUR/m3,2026-09-29T04:30:45Z
2026-09-26T23:00:00Z,gas,0.7,EUR/m3,2026-09-29T04:30:45Z
2026-09-27T00:00:00Z,gas,0.7,EUR/m3,2026-09-29T04:30:45Z
2026-09-27T01:00:00Z,gas,0.7,EUR/m3,2026-09-29T04:30:45Z
2026-09-27T02:00:00Z,gas,0.7,EUR/m3,2026-09-29T04:30:45Z
2026-09-27T03:00:00Z,gas,0.7,EUR/m3,2026-09-29T04:30:45Z
2026-09-27T04:00:00Z,gas,0.7,EUR/m3,2026-09-29T04:30:45Z
2026-09-27T05:00:00Z,gas,0.7,EUR/m3,2026-09-29T04:30:45Z
2026-09-27T06:00:00Z,gas,0.7,EUR/m3,2026-09-29T04:30:45Z
2026-09-27T07:00:00Z,gas,0.7,EUR/m3,2026-09-29T04:30:45Z
2026-09-27T08:00:00Z,gas,0.7,EUR/m3,2026-09-29T04:30:45Z
2026-09-27T09:00:00Z,gas,0.7,EUR/m3,2026-09-29T04:30:45Z
2026-09-27T10:00:00Z,gas,0.7,EUR/m3,2026-09-29T04:30:45Z
2026-09-27T11:00:00Z,gas,0.7,EUR/m3,2026-09-29T04:30:45Z
2026-09-27T12:00:00Z,gas,0.7,EUR/m3,2026-09-29T04:30:45Z
2026-09-27T13:00:00Z,gas,0.7,EUR/m3,2026-09-29T04:30:45Z
2026-09-27T14:00:00Z,gas,0.7,EUR/m3,2026-09-29T04:30:45Z
2026-09-27T15:00:00Z,gas,0.7,EUR/m3,2026-09-29T04:30:45Z
2026-09-27T16:00:00Z,gas,0.7,EUR/m3,2026-09-29T04:30:45Z
2026-09-27T17:00:00Z,gas,0.7,EUR/m3,2026-09-29T04:30:45Z
2026-09-27T18:00:00Z,gas,0.7,EUR/m3,2026-09-29T04:30:45Z
2026-09-27T19:00:00Z,gas,0.7,EUR/m3,2026-09-29T04:30:45Z
2026-09-27T20:00:00Z,gas,0.7,EUR/m3,2026-09-29T04:30:45Z
2026-09-27T21:00:00Z,gas,0.7,EUR/m3,2026-09-29T04:30:45Z
2026-09-27T22:00:00Z,gas,0.7,EUR/m3,2026-09-29T04:30:45Z
2026-09-27T23:00:00Z,gas,0.7,EUR/m3,2026-09-29T04:30:45Z
2026-09-28T00:00:00Z,gas,0.7,EUR/m3,2026-09-29T04:30:45Z
2026-09-28T01:00:00Z,gas,0.7,EUR/m3,2026-09-29T04:30:45Z
2026-09-28T02:00:00Z,gas,0.7,EUR/m3,2026-09-29T04:30:45Z
2026-09-28T03:00:00Z,gas,0.7,EUR/m3,2026-09-29T04:30:45Z
2026-09-28T04:00:00Z,gas,0.7,EUR/m3,2026-09-29T04:30:45Z
2026-09-28T05:00:00Z,gas,0.7,EUR/m3,2026-09-29T04:30:45Z
2026-09-28T06:00:00Z,gas,0.7,EUR/m3,2026-09-29T04:30:45Z
2026-09-28T07:00:00Z,gas,0.7,EUR/m3,2026-09-29T04:30:45Z
2026-09-28T08:00:00Z,gas,0.7,EUR/m3,2026-09-29T04:30:45Z
2026-09-28T09:00:00Z,gas,0.7,EUR/m3,2026-09-29T04:30:45Z
2026-09-28T10:00:00Z,gas,0.7,EUR/m3,2026-09-29T04:30:45Z
2026-09-28T11:00:00Z,gas,0.7,EUR/m3,2026-09-29T04:30:45Z
2026-09-28T12:00:00Z,gas,0.7,EUR/m3,2026-09-29T04:30:45Z
2026-09-28T13:00:00Z,gas,0.7,EUR/m3,2026-09-29T04:30:45Z
2026-09-28T14:00:00Z,gas,0.7,EUR/m3,2026-09-29T04:30:45Z
2026-09-28T15:00:00Z,gas,0.7,EUR/m3,2026-09-29T04:30:45Z
2026-09-28T16:00:00Z,gas,0.7,EUR/m3,2026-09-29T04:30:45Z
2026-09-28T17:00:00Z,gas,0.7,EUR/m3,2026-09-29T04:30:45Z
2026-09-28T18:00:00Z,gas,0.7,EUR/m3,2026-09-29T04:30:45Z
2026-09-28T19:00:00Z,gas,0.7,EUR/m3,2026-09-29T04:30:45Z
2026-09-28T20:00:00Z,gas,0.7,EUR/m3,2026-09-29T04:30:45Z
2026-09-28T21:00:00Z,gas,0.7,EUR/m3,2026-09-29T04:30:45Z
2026-09-28T22:00:00Z,gas,0.7,EUR/m3,2026-09-29T04:30:45Z
2026-09-28T23:00:00Z,gas,0.7,EUR/m3,2026-09-29T04:30:45Z
2026-09-29T00:00:00Z,gas,0.7,EUR/m3,2026-09-29T04:30:45Z
2026-09-29T01:00:00Z,gas,0.7,EUR/m3,2026-09-29T04:30:45Z
2026-09-29T02:00:00Z,gas,0.7,EUR/m3,2026-09-29T04:30:45Z
2026-09-29T03:00:00Z,gas,0.7,EUR/m3,2026-09-29T04:30:45Z
