peildatum,postcode_regio,actief,insolventie,aantal
2026-09-28,88,N,geen,1110
2026-09-28,57,J,geen,14533
2026-09-28,50,N,geen,7434
2026-09-28,91,J,geen,1982
2026-09-28,12,J,FAIL,23
2026-09-28,39,J,geen,21319
2026-09-28,22,N,FAIL,163
2026-09-28,79,J,geen,8355
2026-09-28,44,J,FAIL,6
2026-09-28,47,N,geen,4303
2026-09-28,77,N,geen,2220
2026-09-28,47,J,geen,11677
2026-09-28,32,J,geen,18601
2026-09-28,69,N,geen,3888
2026-09-28,84,J,geen,6690
2026-09-28,84,J,FAIL,23
2026-09-28,25,N,geen,13854
2026-09-28,68,J,FAIL,28
2026-09-28,23,N,geen,5258
2026-09-28,10,J,SURS,2
2026-09-28,40,J,geen,5645
2026-09-28,67,N,geen,3856
2026-09-28,38,N,FAIL,246
2026-09-28,47,N,FAIL,102
2026-09-28,94,J,SURS,1
2026-09-28,33,J,geen,18908
2026-09-28,82,J,FAIL,23
2026-09-28,61,J,geen,8845
2026-09-28,61,N,FAIL,207
2026-09-28,66,J,FAIL,9
2026-09-28,24,N,geen,5297
2026-09-28,76,J,geen,11280
2026-09-28,46,N,geen,2780
2026-09-28,66,N,geen,4797
2026-09-28,89,J,geen,4443
2026-09-28,58,N,geen,1991
2026-09-28,67,N,FAIL,54
2026-09-28,83,J,geen,8182
2026-09-28,57,J,FAIL,20
2026-09-28,34,J,FAIL,30
2026-09-28,96,N,FAIL,48
2026-09-28,14,J,geen,20878
2026-09-28,68,N,geen,6416
2026-09-28,75,N,geen,7264
2026-09-28,37,J,geen,26342
2026-09-28,11,N,FAIL,246
2026-09-28,75,J,geen,19622
2026-09-28,22,J,geen,25836
2026-09-28,94,N,geen,2718
2026-09-28,72,J,geen,7404
2026-09-28,21,N,geen,8435
2026-09-28,74,N,FAIL,156
2026-09-28,20,N,geen,6339
2026-09-28,98,N,FAIL,1
2026-09-28,21,J,geen,20162
2026-09-28,18,J,FAIL,12
2026-09-28,,N,FAIL,59712
2026-09-28,96,J,FAIL,11
2026-09-28,90,N,geen,1129
2026-09-28,46,J,FAIL,6
2026-09-28,92,J,FAIL,11
2026-09-28,28,J,geen,8991
2026-09-28,65,N,geen,5067
2026-09-28,52,J,FAIL,30
2026-09-28,55,N,FAIL,81
2026-09-28,55,J,FAIL,22
2026-09-28,36,J,FAIL,5
2026-09-28,62,J,FAIL,38
2026-09-28,64,N,geen,2861
2026-09-28,30,J,geen,45503
2026-09-28,36,J,geen,9286
2026-09-28,63,N,FAIL,105
2026-09-28,28,N,geen,3249
2026-09-28,27,J,FAIL,16
2026-09-28,78,N,FAIL,71
2026-09-28,71,J,FAIL,1
2026-09-28,49,J,geen,7101
2026-09-28,23,N,FAIL,61
2026-09-28,32,J,FAIL,21
2026-09-28,53,J,geen,15217
2026-09-28,25,J,geen,31969
2026-09-28,99,N,FAIL,18
2026-09-28,99,J,FAIL,13
2026-09-28,95,J,geen,3059
2026-09-28,53,N,geen,4989
2026-09-28,59,J,FAIL,7
2026-09-28,17,N,FAIL,70
2026-09-28,26,N,FAIL,156
2026-09-28,18,J,geen,11025
2026-09-28,75,J,FAIL,57
2026-09-28,94,J,FAIL,13
2026-09-28,62,N,FAIL,204
2026-09-28,48,J,geen,23055
2026-09-28,78,J,FAIL,13
2026-09-28,96,J,geen,5943
2026-09-28,10,J,FAIL,116
2026-09-28,85,J,geen,3708
2026-09-28,54,J,geen,18295
2026-09-28,98,N,geen,496
2026-09-28,64,N,FAIL,206
2026-09-28,45,N,FAIL,35
2026-09-28,,J,FAIL,6488
2026-09-28,86,N,FAIL,10
2026-09-28,93,N,FAIL,18
2026-09-28,95,N,FAIL,24
2026-09-28,73,J,FAIL,6
2026-09-28,16,J,FAIL,2
2026-09-28,79,J,FAIL,9
2026-09-28,82,J,geen,11265
2026-09-28,22,J,SURS,3
2026-09-28,39,J,FAIL,36
2026-09-28,63,N,geen,1675
2026-09-28,30,J,FAIL,62
2026-09-28,13,J,geen,18028
2026-09-28,68,N,FAIL,70
2026-09-28,77,J,FAIL,27
2026-09-28,39,N,FAIL,189
2026-09-28,34,N,FAIL,186
2026-09-28,80,N,geen,5046
2026-09-28,78,N,geen,2625
2026-09-28,56,N,FAIL,228
2026-09-28,38,J,FAIL,36
2026-09-28,48,J,FAIL,34
2026-09-28,33,N,geen,6771
2026-09-28,78,J,geen,5992
2026-09-28,29,J,geen,22722
2026-09-28,76,N,geen,3902
2026-09-28,70,N,FAIL,48
2026-09-28,84,N,FAIL,29
2026-09-28,71,J,geen,6026
2026-09-28,26,J,geen,28160
2026-09-28,86,J,geen,2938
2026-09-28,79,N,geen,2921
2026-09-28,79,N,FAIL,72
2026-09-28,44,J,geen,7652
2026-09-28,35,N,FAIL,214
2026-09-28,60,N,FAIL,173
2026-09-28,81,N,FAIL,53
2026-09-28,91,J,FAIL,4
2026-09-28,41,N,FAIL,86
2026-09-28,71,N,geen,1991
2026-09-28,17,J,geen,15670
2026-09-28,56,J,FAIL,39
2026-09-28,,J,geen,15729
2026-09-28,53,J,FAIL,32
2026-09-28,35,J,FAIL,94
2026-09-28,53,N,FAIL,96
2026-09-28,25,N,FAIL,144
2026-09-28,93,J,geen,3628
2026-09-28,72,J,FAIL,5
2026-09-28,40,N,geen,2139
2026-09-28,70,N,geen,3499
2026-09-28,25,J,SURS,1
2026-09-28,83,J,FAIL,8
2026-09-28,22,N,geen,9815
2026-09-28,61,N,geen,3685
2026-09-28,59,N,FAIL,176
2026-09-28,88,J,geen,2734
2026-09-28,77,N,FAIL,86
2026-09-28,13,J,FAIL,43
2026-09-28,31,J,FAIL,15
2026-09-28,82,N,geen,4255
2026-09-28,13,N,geen,7502
2026-09-28,37,J,FAIL,24
2026-09-28,90,N,FAIL,8
2026-09-28,47,J,FAIL,13
2026-09-28,72,N,FAIL,69
2026-09-28,74,N,geen,6036
2026-09-28,31,J,geen,15466
2026-09-28,32,N,FAIL,50
2026-09-28,54,N,FAIL,121
2026-09-28,73,N,geen,5024
2026-09-28,54,J,FAIL,23
2026-09-28,51,N,geen,4685
2026-09-28,51,J,FAIL,25
2026-09-28,67,J,geen,11503
2026-09-28,29,N,geen,9097
2026-09-28,18,N,geen,4163
2026-09-28,41,N,geen,4128
2026-09-28,87,N,FAIL,5
2026-09-28,59,J,geen,11710
2026-09-28,66,J,geen,14311
2026-09-28,95,N,geen,1195
2026-09-28,16,N,FAIL,36
2026-09-28,11,J,FAIL,31
2026-09-28,98,J,FAIL,2
2026-09-28,58,N,FAIL,49
2026-09-28,58,J,FAIL,9
2026-09-28,35,J,geen,22738
2026-09-28,74,J,FAIL,67
2026-09-28,17,N,geen,5521
2026-09-28,11,N,geen,15016
2026-09-28,45,J,FAIL,6
2026-09-28,52,N,geen,9005
2026-09-28,36,N,geen,3885
2026-09-28,65,N,FAIL,80
2026-09-28,73,N,FAIL,116
2026-09-28,17,J,FAIL,8
2026-09-28,61,J,FAIL,40
2026-09-28,28,J,FAIL,4
2026-09-28,37,N,geen,10556
2026-09-28,41,J,geen,10037
2026-09-28,94,N,FAIL,41
2026-09-28,20,N,FAIL,67
2026-09-28,72,N,geen,2937
2026-09-28,16,J,geen,11766
2026-09-28,62,J,geen,10475
2026-09-28,84,N,geen,2672
2026-09-28,35,J,SURS,1
2026-09-28,60,J,geen,15408
2026-09-28,89,J,FAIL,17
2026-09-28,12,J,geen,18759
2026-09-28,49,J,FAIL,5
2026-09-28,65,J,FAIL,11
2026-09-28,12,N,geen,8529
2026-09-28,69,N,FAIL,48
2026-09-28,43,N,geen,2702
2026-09-28,76,N,FAIL,101
2026-09-28,76,J,FAIL,8
2026-09-28,30,N,geen,19080
2026-09-28,42,J,FAIL,6
2026-09-28,14,J,FAIL,33
2026-09-28,70,J,FAIL,9
2026-09-28,88,N,FAIL,15
2026-09-28,15,J,FAIL,16
2026-09-28,32,N,geen,6693
2026-09-28,55,J,geen,14263
2026-09-28,48,N,FAIL,185
2026-09-28,19,N,FAIL,54
2026-09-28,82,J,SURS,1
2026-09-28,91,N,geen,580
2026-09-28,38,N,geen,11095
2026-09-28,60,N,geen,5292
2026-09-28,24,N,FAIL,63
2026-09-28,34,J,geen,18304
2026-09-28,33,J,FAIL,18
2026-09-28,87,J,geen,1940
2026-09-28,56,J,geen,26770
2026-09-28,45,J,geen,5411
2026-09-28,29,J,FAIL,26
2026-09-28,35,N,geen,8700
2026-09-28,90,J,FAIL,1
2026-09-28,20,J,FAIL,8
2026-09-28,50,N,FAIL,126
2026-09-28,81,N,geen,2311
2026-09-28,80,J,geen,13847
2026-09-28,86,N,geen,1192
2026-09-28,99,J,geen,3098
2026-09-28,10,J,geen,100593
2026-09-28,15,N,FAIL,96
2026-09-28,95,J,FAIL,5
2026-09-28,40,N,FAIL,40
2026-09-28,30,N,FAIL,200
2026-09-28,10,N,geen,41101
2026-09-28,63,J,geen,4285
2026-09-28,92,N,geen,2527
2026-09-28,13,N,FAIL,222
2026-09-28,25,J,FAIL,34
2026-09-28,67,J,FAIL,4
2026-09-28,22,J,FAIL,19
2026-09-28,66,N,FAIL,76
2026-09-28,52,J,geen,23800
2026-09-28,91,N,FAIL,7
2026-09-28,51,N,FAIL,109
2026-09-28,81,J,geen,6704
2026-09-28,43,J,FAIL,10
2026-09-28,93,N,geen,1320
2026-09-28,69,J,geen,8828
2026-09-28,26,J,FAIL,32
2026-09-28,14,N,geen,8105
2026-09-28,24,J,geen,14112
2026-09-28,28,N,FAIL,45
2026-09-28,46,J,geen,7651
2026-09-28,50,J,FAIL,25
2026-09-28,31,N,geen,6389
2026-09-28,77,J,geen,6676
2026-09-28,38,J,geen,28177
2026-09-28,83,N,geen,2672
2026-09-28,36,N,FAIL,63
2026-09-28,96,N,geen,2373
2026-09-28,59,N,geen,4144
2026-09-28,39,N,geen,7904
2026-09-28,15,N,geen,3941
2026-09-28,80,N,FAIL,132
2026-09-28,23,J,geen,14220
2026-09-28,69,J,FAIL,11
2026-09-28,63,J,FAIL,7
2026-09-28,81,J,FAIL,5
2026-09-28,49,N,geen,2814
2026-09-28,41,J,FAIL,16
2026-09-28,88,J,FAIL,4
2026-09-28,37,N,FAIL,185
2026-09-28,50,J,geen,19975
2026-09-28,42,J,geen,10237
2026-09-28,68,J,geen,14773
2026-09-28,58,J,geen,6017
2026-09-28,29,N,FAIL,91
2026-09-28,31,N,FAIL,57
2026-09-28,27,N,FAIL,93
2026-09-28,48,N,geen,8580
2026-09-28,18,N,FAIL,32
2026-09-28,97,N,FAIL,92
2026-09-28,51,J,geen,12526
2026-09-28,27,J,geen,11619
2026-09-28,85,N,geen,1298
2026-09-28,65,J,geen,13153
2026-09-28,21,N,FAIL,136
2026-09-28,56,N,geen,10559
2026-09-28,19,N,geen,4568
2026-09-28,70,J,geen,9411
2026-09-28,54,N,geen,6031
2026-09-28,92,N,FAIL,36
2026-09-28,94,J,geen,7029
2026-09-28,19,J,FAIL,14
2026-09-28,52,N,FAIL,193
2026-09-28,92,J,geen,6800
2026-09-28,75,N,FAIL,282
2026-09-28,64,J,geen,6498
2026-09-28,89,N,FAIL,43
2026-09-28,97,J,FAIL,41
2026-09-28,55,N,geen,5210
2026-09-28,49,N,FAIL,59
2026-09-28,40,J,FAIL,9
2026-09-28,21,J,FAIL,24
2026-09-28,20,J,geen,16072
2026-09-28,24,J,FAIL,12
2026-09-28,85,N,FAIL,15
2026-09-28,46,N,FAIL,64
2026-09-28,44,N,FAIL,56
2026-09-28,62,N,geen,4196
2026-09-28,97,N,geen,5844
2026-09-28,45,N,geen,1712
2026-09-28,57,N,FAIL,99
2026-09-28,19,J,geen,11718
2026-09-28,97,J,geen,13212
2026-09-28,11,J,geen,32035
2026-09-28,71,N,FAIL,29
2026-09-28,83,N,FAIL,84
2026-09-28,74,J,geen,16037
2026-09-28,43,J,geen,8613
2026-09-28,99,N,geen,1175
2026-09-28,43,N,FAIL,63
2026-09-28,27,N,geen,4548
2026-09-28,87,N,geen,582
2026-09-28,60,J,FAIL,38
2026-09-28,42,N,geen,3148
2026-09-28,90,J,geen,3096
2026-09-28,33,N,FAIL,60
2026-09-28,44,N,geen,2299
2026-09-28,86,J,FAIL,3
2026-09-28,93,J,FAIL,11
2026-09-28,12,N,FAIL,145
2026-09-28,89,N,geen,2004
2026-09-28,16,N,geen,4455
2026-09-28,,N,geen,91892
2026-09-28,34,N,geen,7067
2026-09-28,73,J,geen,12019
2026-09-28,23,J,FAIL,8
2026-09-28,26,N,geen,9475
2026-09-28,62,J,SURS,1
2026-09-28,82,N,FAIL,188
2026-09-28,42,N,FAIL,66
2026-09-28,10,N,FAIL,571
2026-09-28,14,N,FAIL,120
2026-09-28,57,N,geen,4886
2026-09-28,80,J,FAIL,38
2026-09-28,98,J,geen,1500
2026-09-28,64,J,FAIL,20
2026-09-28,15,J,geen,9916
2026-09-29,21,J,FAIL,24
2026-09-29,89,J,geen,4448
2026-09-29,91,N,geen,580
2026-09-29,91,N,FAIL,7
2026-09-29,10,N,geen,41137
2026-09-29,54,J,FAIL,23
2026-09-29,39,N,FAIL,189
2026-09-29,76,J,FAIL,7
2026-09-29,67,N,FAIL,54
2026-09-29,15,N,geen,3941
2026-09-29,64,N,geen,2864
2026-09-29,42,N,geen,3148
2026-09-29,71,N,FAIL,29
2026-09-29,60,N,FAIL,173
2026-09-29,39,J,geen,21338
2026-09-29,52,J,geen,23800
2026-09-29,37,N,geen,10560
2026-09-29,22,J,FAIL,18
2026-09-29,41,J,FAIL,16
2026-09-29,83,J,FAIL,8
2026-09-29,52,N,FAIL,193
2026-09-29,,N,FAIL,59712
2026-09-29,41,N,geen,4128
2026-09-29,77,N,geen,2221
2026-09-29,85,J,geen,3708
2026-09-29,84,N,FAIL,29
2026-09-29,77,J,geen,6677
2026-09-29,95,J,geen,3065
2026-09-29,49,N,FAIL,59
2026-09-29,14,N,FAIL,120
2026-09-29,48,J,geen,23064
2026-09-29,32,N,geen,6695
2026-09-29,28,N,FAIL,45
2026-09-29,74,J,FAIL,65
2026-09-29,83,N,FAIL,84
2026-09-29,20,N,geen,6340
2026-09-29,99,J,FAIL,13
2026-09-29,91,J,FAIL,4
2026-09-29,94,N,FAIL,41
2026-09-29,54,N,FAIL,121
2026-09-29,28,J,FAIL,4
2026-09-29,23,N,FAIL,61
2026-09-29,45,N,FAIL,35
2026-09-29,51,J,FAIL,23
2026-09-29,89,N,geen,2004
2026-09-29,13,N,FAIL,222
2026-09-29,44,J,geen,7657
2026-09-29,75,J,geen,19630
2026-09-29,63,J,geen,4291
2026-09-29,75,N,FAIL,282
2026-09-29,17,N,geen,5521
2026-09-29,37,J,FAIL,24
2026-09-29,97,J,FAIL,41
2026-09-29,58,J,geen,6025
2026-09-29,36,J,geen,9290
2026-09-29,65,N,FAIL,80
2026-09-29,12,J,geen,18764
2026-09-29,17,J,FAIL,8
2026-09-29,94,J,geen,7028
2026-09-29,32,N,FAIL,50
2026-09-29,86,J,geen,2941
2026-09-29,79,J,geen,8355
2026-09-29,83,J,geen,8186
2026-09-29,74,N,FAIL,156
2026-09-29,59,J,geen,11711
2026-09-29,34,J,geen,18312
2026-09-29,53,N,geen,4989
2026-09-29,55,N,FAIL,81
2026-09-29,85,N,FAIL,15
2026-09-29,69,N,FAIL,48
2026-09-29,67,J,FAIL,4
2026-09-29,11,N,geen,15069
2026-09-29,65,J,FAIL,11
2026-09-29,94,J,FAIL,13
2026-09-29,43,J,geen,8613
2026-09-29,46,J,FAIL,6
2026-09-29,19,J,FAIL,14
2026-09-29,35,J,SURS,1
2026-09-29,48,N,FAIL,185
2026-09-29,69,J,FAIL,11
2026-09-29,23,J,FAIL,8
2026-09-29,93,N,FAIL,18
2026-09-29,78,N,FAIL,71
2026-09-29,84,N,geen,2672
2026-09-29,88,J,FAIL,4
2026-09-29,97,J,geen,13228
2026-09-29,26,J,FAIL,32
2026-09-29,56,N,FAIL,228
2026-09-29,87,N,geen,582
2026-09-29,66,J,FAIL,9
2026-09-29,15,J,geen,9933
2026-09-29,73,N,FAIL,116
2026-09-29,33,J,FAIL,18
2026-09-29,52,N,geen,9007
2026-09-29,95,J,FAIL,5
2026-09-29,50,J,geen,19993
2026-09-29,44,N,FAIL,56
2026-09-29,54,N,geen,6031
2026-09-29,96,J,FAIL,11
2026-09-29,46,N,geen,2781
2026-09-29,42,J,geen,10241
2026-09-29,82,N,FAIL,188
2026-09-29,92,N,FAIL,36
2026-09-29,39,J,FAIL,36
2026-09-29,10,J,FAIL,116
2026-09-29,,J,geen,15740
2026-09-29,73,N,geen,5024
2026-09-29,76,N,FAIL,101
2026-09-29,79,J,FAIL,9
2026-09-29,11,J,geen,32076
2026-09-29,75,J,FAIL,57
2026-09-29,62,N,FAIL,204
2026-09-29,11,N,FAIL,246
2026-09-29,72,N,FAIL,69
2026-09-29,88,N,geen,1110
2026-09-29,10,J,geen,100661
2026-09-29,16,N,FAIL,36
2026-09-29,13,J,geen,18045
2026-09-29,30,N,FAIL,200
2026-09-29,22,N,geen,9816
2026-09-29,60,J,FAIL,38
2026-09-29,87,J,geen,1943
2026-09-29,26,N,geen,9477
2026-09-29,76,N,geen,3905
2026-09-29,67,J,geen,11513
2026-09-29,96,J,SURS,2
2026-09-29,48,J,FAIL,34
2026-09-29,29,J,geen,22734
2026-09-29,16,J,geen,11779
2026-09-29,63,N,geen,1675
2026-09-29,40,N,geen,2139
2026-09-29,20,J,FAIL,8
2026-09-29,56,N,geen,10559
2026-09-29,68,N,FAIL,70
2026-09-29,78,J,FAIL,12
2026-09-29,22,J,geen,25850
2026-09-29,94,N,geen,2718
2026-09-29,74,J,geen,16048
2026-09-29,50,N,geen,7436
2026-09-29,42,N,FAIL,66
2026-09-29,92,N,geen,2527
2026-09-29,33,J,geen,18921
2026-09-29,99,N,geen,1175
2026-09-29,17,J,geen,15681
2026-09-29,18,N,geen,4164
2026-09-29,25,N,geen,13855
2026-09-29,70,N,geen,3500
2026-09-29,46,N,FAIL,64
2026-09-29,35,J,FAIL,94
2026-09-29,24,N,FAIL,63
2026-09-29,79,N,FAIL,72
2026-09-29,45,J,FAIL,6
2026-09-29,88,J,geen,2734
2026-09-29,49,J,geen,7107
2026-09-29,53,J,FAIL,32
2026-09-29,15,N,FAIL,96
2026-09-29,31,J,FAIL,15
2026-09-29,68,N,geen,6416
2026-09-29,27,N,geen,4551
2026-09-29,81,J,geen,6710
2026-09-29,97,N,geen,5844
2026-09-29,28,N,geen,3250
2026-09-29,89,N,FAIL,43
2026-09-29,22,N,FAIL,163
2026-09-29,11,J,FAIL,31
2026-09-29,60,J,geen,15418
2026-09-29,31,N,geen,6391
2026-09-29,30,N,geen,19084
2026-09-29,10,J,SURS,2
2026-09-29,47,J,geen,11680
2026-09-29,49,N,geen,2814
2026-09-29,46,J,geen,7654
2026-09-29,26,J,geen,28175
2026-09-29,57,N,geen,4886
2026-09-29,62,J,FAIL,38
2026-09-29,20,J,geen,16081
2026-09-29,25,N,FAIL,144
2026-09-29,93,J,geen,3631
2026-09-29,85,N,geen,1298
2026-09-29,86,J,FAIL,3
2026-09-29,17,N,FAIL,70
2026-09-29,86,N,FAIL,10
2026-09-29,70,J,FAIL,8
2026-09-29,65,J,geen,13162
2026-09-29,68,J,FAIL,28
2026-09-29,,N,geen,92266
2026-09-29,63,N,FAIL,105
2026-09-29,16,J,FAIL,2
2026-09-29,72,J,geen,7417
2026-09-29,99,N,FAIL,18
2026-09-29,62,J,geen,10483
2026-09-29,53,J,geen,15221
2026-09-29,93,N,geen,1320
2026-09-29,30,J,geen,45534
2026-09-29,45,N,geen,1713
2026-09-29,10,N,FAIL,571
2026-09-29,94,J,SURS,1
2026-09-29,76,J,geen,11281
2026-09-29,45,J,geen,5413
2026-09-29,38,N,geen,11098
2026-09-29,52,J,FAIL,30
2026-09-29,25,J,geen,31979
2026-09-29,61,J,geen,8851
2026-09-29,59,N,FAIL,176
2026-09-29,29,J,FAIL,26
2026-09-29,61,N,geen,3685
2026-09-29,59,J,FAIL,7
2026-09-29,81,N,geen,2311
2026-09-29,77,J,FAIL,27
2026-09-29,24,J,FAIL,12
2026-09-29,47,J,FAIL,13
2026-09-29,36,N,FAIL,63
2026-09-29,80,N,FAIL,132
2026-09-29,65,N,geen,5068
2026-09-29,70,N,FAIL,48
2026-09-29,30,J,FAIL,62
2026-09-29,93,J,FAIL,11
2026-09-29,35,N,FAIL,214
2026-09-29,,J,FAIL,6500
2026-09-29,82,N,geen,4255
2026-09-29,81,J,FAIL,5
2026-09-29,16,N,geen,4456
2026-09-29,80,J,FAIL,37
2026-09-29,23,N,geen,5258
2026-09-29,66,J,geen,14320
2026-09-29,21,N,geen,8437
2026-09-29,83,N,geen,2672
2026-09-29,40,N,FAIL,40
2026-09-29,69,N,geen,3888
2026-09-29,28,J,geen,8994
2026-09-29,88,N,FAIL,15
2026-09-29,21,N,FAIL,136
2026-09-29,27,N,FAIL,93
2026-09-29,43,J,FAIL,10
2026-09-29,34,J,FAIL,30
2026-09-29,56,J,geen,26793
2026-09-29,90,N,FAIL,8
2026-09-29,57,J,FAIL,20
2026-09-29,79,N,geen,2922
2026-09-29,91,J,geen,1984
2026-09-29,66,N,FAIL,76
2026-09-29,31,N,FAIL,57
2026-09-29,47,N,FAIL,102
2026-09-29,80,N,geen,5046
2026-09-29,89,J,FAIL,17
2026-09-29,47,N,geen,4303
2026-09-29,74,N,geen,6038
2026-09-29,71,J,geen,6027
2026-09-29,12,J,FAIL,23
2026-09-29,37,J,geen,26359
2026-09-29,32,J,geen,18606
2026-09-29,33,N,FAIL,60
2026-09-29,98,J,geen,1502
2026-09-29,41,J,geen,10043
2026-09-29,97,N,FAIL,92
2026-09-29,27,J,FAIL,16
2026-09-29,36,N,geen,3885
2026-09-29,58,N,geen,1991
2026-09-29,13,N,geen,7503
2026-09-29,60,N,geen,5294
2026-09-29,18,J,FAIL,12
2026-09-29,96,J,geen,5944
2026-09-29,19,N,FAIL,54
2026-09-29,31,J,geen,15475
2026-09-29,55,N,geen,5210
2026-09-29,26,N,FAIL,156
2026-09-29,36,J,FAIL,5
2026-09-29,92,J,geen,6802
2026-09-29,71,N,geen,1992
2026-09-29,61,N,FAIL,207
2026-09-29,49,J,FAIL,5
2026-09-29,95,N,FAIL,24
2026-09-29,41,N,FAIL,86
2026-09-29,70,J,geen,9418
2026-09-29,58,N,FAIL,49
2026-09-29,20,N,FAIL,67
2026-09-29,33,N,geen,6770
2026-09-29,34,N,FAIL,186
2026-09-29,14,N,geen,8106
2026-09-29,29,N,FAIL,91
2026-09-29,82,J,geen,11270
2026-09-29,90,J,FAIL,1
2026-09-29,21,J,geen,20171
2026-09-29,62,N,geen,4197
2026-09-29,58,J,FAIL,9
2026-09-29,99,J,geen,3102
2026-09-29,38,N,FAIL,246
2026-09-29,35,J,geen,22750
2026-09-29,39,N,geen,7906
2026-09-29,37,N,FAIL,185
2026-09-29,68,J,geen,14792
2026-09-29,55,J,geen,14268
2026-09-29,73,J,geen,12023
2026-09-29,80,J,geen,13855
2026-09-29,96,N,geen,2374
2026-09-29,13,J,FAIL,44
2026-09-29,72,J,FAIL,5
2026-09-29,38,J,geen,28185
2026-09-29,54,J,geen,18305
2026-09-29,42,J,FAIL,6
2026-09-29,82,J,SURS,1
2026-09-29,59,N,geen,4145
2026-09-29,98,N,geen,496
2026-09-29,82,J,FAIL,23
2026-09-29,14,J,FAIL,33
2026-09-29,12,N,FAIL,145
2026-09-29,57,N,FAIL,99
2026-09-29,67,N,geen,3856
2026-09-29,98,N,FAIL,1
2026-09-29,29,N,geen,9098
2026-09-29,64,J,geen,6494
2026-09-29,95,N,geen,1195
2026-09-29,98,J,FAIL,2
2026-09-29,56,J,FAIL,39
2026-09-29,12,N,geen,8529
2026-09-29,51,N,FAIL,109
2026-09-29,27,J,geen,11622
2026-09-29,84,J,geen,6693
2026-09-29,19,N,geen,4569
2026-09-29,25,J,FAIL,34
2026-09-29,43,N,FAIL,63
2026-09-29,64,J,FAIL,21
2026-09-29,78,J,geen,5993
2026-09-29,78,N,geen,2626
2026-09-29,57,J,geen,14543
2026-09-29,61,J,FAIL,40
2026-09-29,40,J,geen,5650
2026-09-29,40,J,FAIL,9
2026-09-29,51,J,geen,12539
2026-09-29,44,N,geen,2302
2026-09-29,23,J,geen,14242
2026-09-29,18,N,FAIL,32
2026-09-29,14,J,geen,20891
2026-09-29,53,N,FAIL,96
2026-09-29,24,N,geen,5298
2026-09-29,32,J,FAIL,21
2026-09-29,96,N,FAIL,48
2026-09-29,34,N,geen,7067
2026-09-29,64,N,FAIL,206
2026-09-29,22,J,SURS,3
2026-09-29,90,J,geen,3098
2026-09-29,92,J,FAIL,11
2026-09-29,44,J,FAIL,6
2026-09-29,73,J,FAIL,6
2026-09-29,43,N,geen,2706
2026-09-29,50,J,FAIL,24
2026-09-29,35,N,geen,8703
2026-09-29,19,J,geen,11732
2026-09-29,25,J,SURS,1
2026-09-29,50,N,FAIL,126
2026-09-29,77,N,FAIL,86
2026-09-29,81,N,FAIL,53
2026-09-29,69,J,geen,8844
2026-09-29,62,J,SURS,1
2026-09-29,48,N,geen,8582
2026-09-29,51,N,geen,4685
2026-09-29,75,N,geen,7267
2026-09-29,86,N,geen,1192
2026-09-29,90,N,geen,1129
2026-09-29,87,N,FAIL,5
2026-09-29,66,N,geen,4797
2026-09-29,55,J,FAIL,22
2026-09-29,72,N,geen,2938
2026-09-29,71,J,FAIL,1
2026-09-29,24,J,geen,14122
2026-09-29,63,J,FAIL,7
2026-09-29,18,J,geen,11033
2026-09-29,15,J,FAIL,16
2026-09-29,84,J,FAIL,23
2026-09-29,38,J,FAIL,36
2026-09-30,30,J,FAIL,62
2026-09-30,17,N,geen,5521
2026-09-30,66,J,geen,14318
2026-09-30,31,J,FAIL,15
2026-09-30,71,N,geen,1992
2026-09-30,51,N,geen,4685
2026-09-30,54,N,geen,6031
2026-09-30,94,J,geen,7028
2026-09-30,67,N,geen,3857
2026-09-30,48,N,FAIL,185
2026-09-30,53,J,geen,15223
2026-09-30,33,J,FAIL,18
2026-09-30,49,J,geen,7107
2026-09-30,93,J,geen,3631
2026-09-30,42,N,FAIL,66
2026-09-30,25,N,geen,13856
2026-09-30,77,J,FAIL,28
2026-09-30,68,N,geen,6416
2026-09-30,31,J,geen,15476
2026-09-30,84,N,FAIL,29
2026-09-30,13,N,geen,7505
2026-09-30,59,N,geen,4145
2026-09-30,10,J,geen,100663
2026-09-30,93,J,FAIL,11
2026-09-30,11,N,FAIL,246
2026-09-30,57,N,FAIL,99
2026-09-30,99,N,FAIL,18
2026-09-30,70,N,geen,3501
2026-09-30,64,N,geen,2864
2026-09-30,10,J,SURS,2
2026-09-30,80,N,FAIL,132
2026-09-30,88,J,geen,2734
2026-09-30,61,J,geen,8854
2026-09-30,74,J,geen,16047
2026-09-30,29,J,geen,22735
2026-09-30,84,N,geen,2672
2026-09-30,87,N,geen,582
2026-09-30,68,J,geen,14791
2026-09-30,80,J,geen,13851
2026-09-30,82,J,SURS,1
2026-09-30,36,J,geen,9290
2026-09-30,98,N,FAIL,1
2026-09-30,80,N,geen,5049
2026-09-30,23,J,geen,14240
2026-09-30,74,N,FAIL,156
2026-09-30,42,J,geen,10239
2026-09-30,74,N,geen,6038
2026-09-30,75,N,geen,7267
2026-09-30,84,J,FAIL,23
2026-09-30,37,N,FAIL,185
2026-09-30,28,N,geen,3250
2026-09-30,77,J,geen,6674
2026-09-30,65,J,geen,13160
2026-09-30,16,N,FAIL,36
2026-09-30,17,J,geen,15682
2026-09-30,79,N,geen,2922
2026-09-30,55,N,FAIL,81
2026-09-30,35,J,geen,22747
2026-09-30,97,N,FAIL,92
2026-09-30,31,N,FAIL,57
2026-09-30,81,N,FAIL,53
2026-09-30,51,J,geen,12538
2026-09-30,86,N,FAIL,10
2026-09-30,99,J,geen,3102
2026-09-30,66,J,FAIL,9
2026-09-30,28,J,geen,8994
2026-09-30,,N,geen,92303
2026-09-30,59,J,FAIL,7
2026-09-30,25,J,FAIL,34
2026-09-30,63,N,geen,1675
2026-09-30,52,N,geen,9009
2026-09-30,76,J,geen,11278
2026-09-30,32,N,FAIL,50
2026-09-30,79,J,geen,8355
2026-09-30,16,N,geen,4456
2026-09-30,96,N,geen,2374
2026-09-30,38,J,FAIL,36
2026-09-30,25,J,geen,31978
2026-09-30,80,J,FAIL,37
2026-09-30,12,J,FAIL,23
2026-09-30,20,J,geen,16091
2026-09-30,36,N,geen,3885
2026-09-30,41,J,FAIL,16
2026-09-30,34,J,FAIL,30
2026-09-30,39,J,FAIL,36
2026-09-30,53,N,FAIL,96
2026-09-30,92,J,geen,6802
2026-09-30,25,J,SURS,1
2026-09-30,20,N,FAIL,67
2026-09-30,53,J,FAIL,32
2026-09-30,98,J,FAIL,2
2026-09-30,28,J,FAIL,4
2026-09-30,40,N,FAIL,40
2026-09-30,77,N,FAIL,86
2026-09-30,42,J,FAIL,6
2026-09-30,55,J,FAIL,22
2026-09-30,56,J,FAIL,39
2026-09-30,19,N,geen,4569
2026-09-30,57,J,FAIL,20
2026-09-30,96,J,FAIL,11
2026-09-30,69,N,FAIL,48
2026-09-30,51,J,FAIL,22
2026-09-30,98,N,geen,496
2026-09-30,40,N,geen,2140
2026-09-30,26,J,geen,28173
2026-09-30,35,J,FAIL,93
2026-09-30,78,N,geen,2626
2026-09-30,24,N,FAIL,63
2026-09-30,27,J,geen,11621
2026-09-30,91,N,FAIL,7
2026-09-30,97,N,geen,5844
2026-09-30,67,J,geen,11513
2026-09-30,74,J,FAIL,65
2026-09-30,29,N,FAIL,91
2026-09-30,65,N,geen,5069
2026-09-30,56,N,FAIL,228
2026-09-30,22,J,FAIL,18
2026-09-30,72,N,FAIL,69
2026-09-30,61,J,FAIL,40
2026-09-30,14,N,FAIL,120
2026-09-30,95,N,geen,1196
2026-09-30,16,J,geen,11779
2026-09-30,25,N,FAIL,144
2026-09-30,23,J,FAIL,8
2026-09-30,30,J,geen,45527
2026-09-30,73,J,geen,12024
2026-09-30,66,N,FAIL,76
2026-09-30,54,J,geen,18308
2026-09-30,82,J,FAIL,23
2026-09-30,78,J,geen,5990
2026-09-30,91,N,geen,580
2026-09-30,82,N,geen,4255
2026-09-30,94,J,FAIL,13
2026-09-30,83,J,geen,8185
2026-09-30,13,J,geen,18042
2026-09-30,49,J,FAIL,5
2026-09-30,45,J,FAIL,6
2026-09-30,85,N,geen,1299
2026-09-30,98,J,geen,1502
2026-09-30,23,N,geen,5258
2026-09-30,96,J,geen,5943
2026-09-30,62,N,FAIL,204
2026-09-30,49,N,geen,2814
2026-09-30,12,N,FAIL,145
2026-09-30,72,J,FAIL,5
2026-09-30,46,J,FAIL,6
2026-09-30,27,J,FAIL,16
2026-09-30,19,J,FAIL,14
2026-09-30,10,J,FAIL,116
2026-09-30,38,J,geen,28188
2026-09-30,43,J,FAIL,9
2026-09-30,75,N,FAIL,282
2026-09-30,86,J,FAIL,3
2026-09-30,15,J,geen,9932
2026-09-30,73,N,FAIL,116
2026-09-30,24,J,geen,14120
2026-09-30,63,J,FAIL,7
2026-09-30,14,J,geen,20889
2026-09-30,12,J,geen,18765
2026-09-30,26,N,geen,9478
2026-09-30,96,N,FAIL,48
2026-09-30,26,J,FAIL,32
2026-09-30,88,N,FAIL,15
2026-09-30,73,N,geen,5024
2026-09-30,22,N,geen,9816
2026-09-30,11,J,geen,32067
2026-09-30,45,N,FAIL,35
2026-09-30,33,N,FAIL,60
2026-09-30,29,N,geen,9098
2026-09-30,44,N,FAIL,56
2026-09-30,92,N,geen,2527
2026-09-30,81,J,FAIL,5
2026-09-30,11,N,geen,15072
2026-09-30,82,N,FAIL,188
2026-09-30,95,J,geen,3064
2026-09-30,68,J,FAIL,28
2026-09-30,35,N,geen,8704
2026-09-30,95,J,FAIL,5
2026-09-30,75,J,geen,19627
2026-09-30,91,J,geen,1984
2026-09-30,40,J,FAIL,9
2026-09-30,63,J,geen,4291
2026-09-30,52,J,geen,23800
2026-09-30,59,J,geen,11710
2026-09-30,97,J,FAIL,41
2026-09-30,86,J,geen,2940
2026-09-30,59,N,FAIL,176
2026-09-30,41,N,geen,4128
2026-09-30,26,N,FAIL,156
2026-09-30,58,N,FAIL,49
2026-09-30,90,J,FAIL,1
2026-09-30,30,N,geen,19085
2026-09-30,51,N,FAIL,109
2026-09-30,47,N,FAIL,102
2026-09-30,22,J,geen,25854
2026-09-30,77,N,geen,2222
2026-09-30,13,J,FAIL,44
2026-09-30,14,J,FAIL,33
2026-09-30,83,N,FAIL,84
2026-09-30,18,N,FAIL,32
2026-09-30,64,N,FAIL,206
2026-09-30,57,J,geen,14541
2026-09-30,24,N,geen,5299
2026-09-30,33,J,geen,18919
2026-09-30,12,N,geen,8529
2026-09-30,75,J,FAIL,59
2026-09-30,18,J,geen,11034
2026-09-30,22,N,FAIL,163
2026-09-30,56,N,geen,10561
2026-09-30,17,J,FAIL,8
2026-09-30,42,N,geen,3148
2026-09-30,89,J,geen,4447
2026-09-30,50,J,geen,19992
2026-09-30,43,N,FAIL,63
2026-09-30,71,N,FAIL,29
2026-09-30,45,J,geen,5413
2026-09-30,79,N,FAIL,72
2026-09-30,41,J,geen,10044
2026-09-30,89,J,FAIL,17
2026-09-30,18,N,geen,4164
2026-09-30,41,N,FAIL,86
2026-09-30,50,N,geen,7438
2026-09-30,35,J,SURS,1
2026-09-30,13,N,FAIL,222
2026-09-30,27,N,FAIL,93
2026-09-30,15,N,geen,3941
2026-09-30,88,J,FAIL,4
2026-09-30,70,J,geen,9416
2026-09-30,88,N,geen,1111
2026-09-30,19,N,FAIL,54
2026-09-30,49,N,FAIL,59
2026-09-30,32,N,geen,6696
2026-09-30,32,J,FAIL,21
2026-09-30,34,J,geen,18312
2026-09-30,78,N,FAIL,71
2026-09-30,,N,FAIL,59715
2026-09-30,63,N,FAIL,105
2026-09-30,95,N,FAIL,24
2026-09-30,,J,FAIL,6502
2026-09-30,65,J,FAIL,11
2026-09-30,92,N,FAIL,36
2026-09-30,46,N,geen,2781
2026-09-30,79,J,FAIL,9
2026-09-30,96,J,SURS,2
2026-09-30,60,J,geen,15413
2026-09-30,85,J,geen,3707
2026-09-30,46,N,FAIL,64
2026-09-30,40,J,geen,5650
2026-09-30,93,N,geen,1320
2026-09-30,81,J,geen,6710
2026-09-30,21,N,geen,8438
2026-09-30,50,N,FAIL,126
2026-09-30,92,J,FAIL,11
2026-09-30,69,N,geen,3888
2026-09-30,76,N,FAIL,101
2026-09-30,93,N,FAIL,18
2026-09-30,94,J,SURS,1
2026-09-30,58,N,geen,1992
2026-09-30,36,J,FAIL,5
2026-09-30,55,J,geen,14267
2026-09-30,43,J,geen,8614
2026-09-30,31,N,geen,6391
2026-09-30,81,N,geen,2311
2026-09-30,48,J,FAIL,33
2026-09-30,67,J,FAIL,4
2026-09-30,11,J,FAIL,31
2026-09-30,10,N,FAIL,571
2026-09-30,23,N,FAIL,61
2026-09-30,61,N,FAIL,207
2026-09-30,60,N,geen,5296
2026-09-30,57,N,geen,4886
2026-09-30,33,N,geen,6770
2026-09-30,45,N,geen,1713
2026-09-30,60,N,FAIL,173
2026-09-30,15,J,FAIL,16
2026-09-30,90,N,geen,1129
2026-09-30,89,N,FAIL,43
2026-09-30,67,N,FAIL,54
2026-09-30,44,J,geen,7656
2026-09-30,27,N,geen,4552
2026-09-30,87,J,geen,1943
2026-09-30,70,J,FAIL,8
2026-09-30,47,J,FAIL,13
2026-09-30,38,N,geen,11098
2026-09-30,94,N,FAIL,41
2026-09-30,52,J,FAIL,29
2026-09-30,85,N,FAIL,15
2026-09-30,83,J,FAIL,8
2026-09-30,37,J,FAIL,24
2026-09-30,36,N,FAIL,63
2026-09-30,44,N,geen,2302
2026-09-30,62,J,FAIL,37
2026-09-30,94,N,geen,2718
2026-09-30,91,J,FAIL,4
2026-09-30,56,J,geen,26792
2026-09-30,15,N,FAIL,96
2026-09-30,21,J,FAIL,24
2026-09-30,32,J,geen,18606
2026-09-30,71,J,geen,6027
2026-09-30,17,N,FAIL,70
2026-09-30,48,N,geen,8583
2026-09-30,37,N,geen,10561
2026-09-30,89,N,geen,2006
2026-09-30,64,J,FAIL,21
2026-09-30,68,N,FAIL,70
2026-09-30,47,J,geen,11680
2026-09-30,69,J,geen,8844
2026-09-30,60,J,FAIL,38
2026-09-30,84,J,geen,6693
2026-09-30,10,N,geen,41133
2026-09-30,71,J,FAIL,1
2026-09-30,39,J,geen,21337
2026-09-30,34,N,geen,7066
2026-09-30,21,J,geen,20169
2026-09-30,66,N,geen,4798
2026-09-30,64,J,geen,6494
2026-09-30,54,N,FAIL,121
2026-09-30,52,N,FAIL,193
2026-09-30,72,N,geen,2938
2026-09-30,50,J,FAIL,24
2026-09-30,62,J,SURS,1
2026-09-30,62,N,geen,4198
2026-09-30,28,N,FAIL,45
2026-09-30,82,J,geen,11268
2026-09-30,58,J,geen,6024
2026-09-30,29,J,FAIL,26
2026-09-30,62,J,geen,10483
2026-09-30,,J,geen,15735
2026-09-30,99,N,geen,1175
2026-09-30,58,J,FAIL,9
2026-09-30,20,N,geen,6340
2026-09-30,90,J,geen,3098
2026-09-30,65,N,FAIL,80
2026-09-30,35,N,FAIL,214
2026-09-30,37,J,geen,26354
2026-09-30,18,J,FAIL,12
2026-09-30,54,J,FAIL,23
2026-09-30,19,J,geen,11734
2026-09-30,38,N,FAIL,246
2026-09-30,86,N,geen,1192
2026-09-30,70,N,FAIL,48
2026-09-30,99,J,FAIL,13
2026-09-30,24,J,FAIL,12
2026-09-30,14,N,geen,8107
2026-09-30,76,N,geen,3906
2026-09-30,69,J,FAIL,11
2026-09-30,21,N,FAIL,136
2026-09-30,20,J,FAIL,8
2026-09-30,97,J,geen,13226
2026-09-30,43,N,geen,2706
2026-09-30,34,N,FAIL,186
2026-09-30,90,N,FAIL,8
2026-09-30,46,J,geen,7652
2026-09-30,72,J,geen,7417
2026-09-30,73,J,FAIL,7
2026-09-30,47,N,geen,4303
2026-09-30,61,N,geen,3685
2026-09-30,22,J,SURS,3
2026-09-30,55,N,geen,5210
2026-09-30,39,N,FAIL,189
2026-09-30,44,J,FAIL,6
2026-09-30,78,J,FAIL,12
2026-09-30,30,N,FAIL,200
2026-09-30,76,J,FAIL,7
2026-09-30,83,N,geen,2674
2026-09-30,53,N,geen,4990
2026-09-30,87,N,FAIL,5
2026-09-30,48,J,geen,23061
2026-09-30,16,J,FAIL,2
2026-09-30,39,N,geen,7907
2026-10-01,10,J,geen,100696
2026-10-01,48,J,geen,23067
2026-10-01,,J,geen,15761
2026-10-01,21,J,FAIL,24
2026-10-01,46,J,geen,7654
2026-10-01,34,N,FAIL,186
2026-10-01,31,J,FAIL,15
2026-10-01,72,J,FAIL,5
2026-10-01,57,J,geen,14544
2026-10-01,99,J,geen,3100
2026-10-01,11,N,FAIL,246
2026-10-01,16,N,FAIL,36
2026-10-01,89,N,geen,2006
2026-10-01,46,N,geen,2783
2026-10-01,52,J,geen,23801
2026-10-01,90,N,geen,1129
2026-10-01,72,N,geen,2941
2026-10-01,29,J,geen,22740
2026-10-01,53,N,geen,4992
2026-10-01,79,N,FAIL,72
2026-10-01,88,N,FAIL,15
2026-10-01,22,N,geen,9819
2026-10-01,96,J,geen,5943
2026-10-01,47,N,FAIL,102
2026-10-01,48,J,FAIL,33
2026-10-01,95,J,geen,3064
2026-10-01,41,J,geen,10048
2026-10-01,62,J,geen,10484
2026-10-01,98,J,FAIL,2
2026-10-01,68,J,geen,14795
2026-10-01,15,N,FAIL,96
2026-10-01,48,N,geen,8584
2026-10-01,50,N,FAIL,126
2026-10-01,34,J,FAIL,30
2026-10-01,21,N,geen,8439
2026-10-01,74,J,FAIL,65
2026-10-01,23,J,geen,14242
2026-10-01,37,N,FAIL,185
2026-10-01,51,N,geen,4687
2026-10-01,90,N,FAIL,8
2026-10-01,45,N,geen,1713
2026-10-01,29,J,FAIL,26
2026-10-01,20,J,geen,16095
2026-10-01,81,N,geen,2311
2026-10-01,12,J,FAIL,23
2026-10-01,84,N,FAIL,29
2026-10-01,58,J,FAIL,9
2026-10-01,28,J,geen,8998
2026-10-01,65,J,FAIL,11
2026-10-01,45,N,FAIL,35
2026-10-01,86,J,geen,2940
2026-10-01,93,J,geen,3629
2026-10-01,70,J,FAIL,8
2026-10-01,56,N,FAIL,228
2026-10-01,41,N,geen,4130
2026-10-01,39,J,geen,21346
2026-10-01,83,N,FAIL,84
2026-10-01,13,N,FAIL,222
2026-10-01,57,N,FAIL,100
2026-10-01,96,N,FAIL,48
2026-10-01,52,N,geen,9011
2026-10-01,39,J,FAIL,36
2026-10-01,38,J,FAIL,36
2026-10-01,20,N,FAIL,67
2026-10-01,,N,FAIL,59722
2026-10-01,26,N,FAIL,156
2026-10-01,59,N,geen,4145
2026-10-01,32,J,geen,18609
2026-10-01,15,N,geen,3941
2026-10-01,10,N,geen,41084
2026-10-01,76,N,geen,3907
2026-10-01,66,N,geen,4798
2026-10-01,58,N,geen,1992
2026-10-01,30,J,geen,45529
2026-10-01,95,J,FAIL,5
2026-10-01,17,N,geen,5522
2026-10-01,80,J,geen,13852
2026-10-01,60,J,FAIL,38
2026-10-01,82,J,FAIL,23
2026-10-01,80,N,FAIL,132
2026-10-01,49,J,FAIL,5
2026-10-01,33,J,geen,18918
2026-10-01,32,J,FAIL,21
2026-10-01,76,N,FAIL,101
2026-10-01,35,J,FAIL,93
2026-10-01,82,J,geen,11269
2026-10-01,62,N,FAIL,204
2026-10-01,27,N,geen,4553
2026-10-01,85,N,geen,1299
2026-10-01,70,N,FAIL,48
2026-10-01,68,N,FAIL,70
2026-10-01,44,J,geen,7659
2026-10-01,69,J,FAIL,11
2026-10-01,44,N,FAIL,56
2026-10-01,30,N,FAIL,200
2026-10-01,81,N,FAIL,53
2026-10-01,74,N,FAIL,156
2026-10-01,49,N,FAIL,59
2026-10-01,95,N,FAIL,24
2026-10-01,81,J,geen,6711
2026-10-01,83,J,FAIL,8
2026-10-01,82,N,geen,4256
2026-10-01,23,N,geen,5258
2026-10-01,97,N,FAIL,92
2026-10-01,50,J,geen,19996
2026-10-01,96,J,SURS,2
2026-10-01,19,J,geen,11734
2026-10-01,83,N,geen,2674
2026-10-01,,N,geen,92317
2026-10-01,84,J,geen,6700
2026-10-01,77,J,geen,6673
2026-10-01,98,N,FAIL,1
2026-10-01,57,N,geen,4886
2026-10-01,55,N,geen,5211
2026-10-01,79,J,geen,8357
2026-10-01,78,J,geen,5994
2026-10-01,17,J,FAIL,8
2026-10-01,92,N,FAIL,36
2026-10-01,30,J,FAIL,61
2026-10-01,64,N,FAIL,206
2026-10-01,50,N,geen,7440
2026-10-01,49,J,geen,7106
2026-10-01,70,N,geen,3502
2026-10-01,14,J,FAIL,33
2026-10-01,98,N,geen,496
2026-10-01,94,J,geen,7032
2026-10-01,18,N,geen,4164
2026-10-01,27,J,FAIL,16
2026-10-01,72,J,geen,7413
2026-10-01,77,J,FAIL,26
2026-10-01,94,N,geen,2718
2026-10-01,38,J,geen,28193
2026-10-01,86,J,FAIL,3
2026-10-01,66,J,geen,14318
2026-10-01,45,J,FAIL,6
2026-10-01,86,N,FAIL,10
2026-10-01,65,J,geen,13168
2026-10-01,78,J,FAIL,12
2026-10-01,91,N,geen,580
2026-10-01,96,N,geen,2374
2026-10-01,64,J,geen,6491
2026-10-01,67,J,FAIL,4
2026-10-01,44,J,FAIL,6
2026-10-01,79,N,geen,2922
2026-10-01,58,N,FAIL,49
2026-10-01,75,J,geen,19628
2026-10-01,52,N,FAIL,193
2026-10-01,10,J,SURS,3
2026-10-01,12,J,geen,18769
2026-10-01,34,N,geen,7067
2026-10-01,46,N,FAIL,64
2026-10-01,38,N,FAIL,246
2026-10-01,40,J,geen,5648
2026-10-01,18,N,FAIL,32
2026-10-01,87,N,geen,582
2026-10-01,62,J,FAIL,37
2026-10-01,78,N,geen,2626
2026-10-01,22,J,FAIL,18
2026-10-01,24,J,geen,14123
2026-10-01,83,J,geen,8188
2026-10-01,73,N,geen,5025
2026-10-01,13,J,FAIL,44
2026-10-01,95,N,geen,1196
2026-10-01,65,N,geen,5072
2026-10-01,23,J,FAIL,8
2026-10-01,74,J,geen,16047
2026-10-01,60,N,geen,5298
2026-10-01,84,N,geen,2673
2026-10-01,35,J,SURS,1
2026-10-01,97,J,FAIL,41
2026-10-01,90,J,geen,3099
2026-10-01,71,N,geen,1993
2026-10-01,26,N,geen,9480
2026-10-01,31,N,geen,6392
2026-10-01,89,J,geen,4449
2026-10-01,44,N,geen,2302
2026-10-01,23,N,FAIL,61
2026-10-01,91,N,FAIL,7
2026-10-01,99,N,FAIL,18
2026-10-01,47,J,geen,11679
2026-10-01,16,J,geen,11783
2026-10-01,13,J,geen,18045
2026-10-01,38,N,geen,11100
2026-10-01,73,J,FAIL,7
2026-10-01,36,J,FAIL,5
2026-10-01,16,J,FAIL,2
2026-10-01,92,J,FAIL,11
2026-10-01,41,N,FAIL,86
2026-10-01,62,J,SURS,1
2026-10-01,61,J,FAIL,39
2026-10-01,91,J,geen,1984
2026-10-01,74,N,geen,6040
2026-10-01,91,J,FAIL,4
2026-10-01,25,J,geen,31984
2026-10-01,43,N,geen,2706
2026-10-01,78,N,FAIL,71
2026-10-01,63,N,geen,1677
2026-10-01,56,J,geen,26794
2026-10-01,18,J,FAIL,12
2026-10-01,76,J,FAIL,6
2026-10-01,46,J,FAIL,6
2026-10-01,94,N,FAIL,41
2026-10-01,27,J,geen,11628
2026-10-01,94,J,FAIL,13
2026-10-01,37,J,geen,26360
2026-10-01,68,N,geen,6419
2026-10-01,43,J,FAIL,9
2026-10-01,21,N,FAIL,136
2026-10-01,63,J,geen,4286
2026-10-01,76,J,geen,11283
2026-10-01,20,J,FAIL,8
2026-10-01,89,N,FAIL,43
2026-10-01,50,J,FAIL,25
2026-10-01,16,N,geen,4456
2026-10-01,51,J,FAIL,22
2026-10-01,94,J,SURS,1
2026-10-01,54,N,geen,6034
2026-10-01,54,J,SURS,2
2026-10-01,90,J,FAIL,1
2026-10-01,31,J,geen,15485
2026-10-01,92,J,geen,6801
2026-10-01,52,J,FAIL,29
2026-10-01,10,J,FAIL,116
2026-10-01,69,N,FAIL,48
2026-10-01,37,J,FAIL,24
2026-10-01,47,N,geen,4305
2026-10-01,,J,FAIL,6501
2026-10-01,62,N,geen,4198
2026-10-01,34,J,geen,18316
2026-10-01,10,N,FAIL,571
2026-10-01,89,J,FAIL,17
2026-10-01,14,N,FAIL,120
2026-10-01,88,J,geen,2734
2026-10-01,81,J,FAIL,5
2026-10-01,75,N,geen,7269
2026-10-01,97,J,geen,13232
2026-10-01,43,N,FAIL,63
2026-10-01,39,N,FAIL,189
2026-10-01,73,N,FAIL,116
2026-10-01,55,J,geen,14269
2026-10-01,26,J,geen,28176
2026-10-01,69,J,geen,8842
2026-10-01,24,N,geen,5299
2026-10-01,19,N,FAIL,54
2026-10-01,63,N,FAIL,105
2026-10-01,25,J,FAIL,34
2026-10-01,56,N,geen,10564
2026-10-01,66,J,FAIL,9
2026-10-01,87,J,geen,1945
2026-10-01,82,N,FAIL,188
2026-10-01,28,N,FAIL,45
2026-10-01,54,J,geen,18306
2026-10-01,70,J,geen,9424
2026-10-01,61,N,FAIL,207
2026-10-01,40,J,FAIL,9
2026-10-01,84,J,FAIL,23
2026-10-01,77,N,FAIL,86
2026-10-01,41,J,FAIL,16
2026-10-01,24,J,FAIL,12
2026-10-01,53,J,FAIL,32
2026-10-01,97,N,geen,5845
2026-10-01,80,J,FAIL,37
2026-10-01,49,N,geen,2814
2026-10-01,15,J,geen,9939
2026-10-01,17,N,FAIL,70
2026-10-01,68,J,FAIL,28
2026-10-01,71,J,geen,6028
2026-10-01,80,N,geen,5049
2026-10-01,25,N,FAIL,144
2026-10-01,71,N,FAIL,29
2026-10-01,45,J,geen,5413
2026-10-01,47,J,FAIL,13
2026-10-01,32,N,FAIL,50
2026-10-01,59,J,FAIL,7
2026-10-01,25,J,SURS,1
2026-10-01,77,N,geen,2223
2026-10-01,88,N,geen,1111
2026-10-01,63,J,FAIL,7
2026-10-01,12,N,geen,8530
2026-10-01,39,N,geen,7910
2026-10-01,22,N,FAIL,163
2026-10-01,93,J,FAIL,11
2026-10-01,87,N,FAIL,5
2026-10-01,30,N,geen,19090
2026-10-01,43,J,geen,8615
2026-10-01,12,N,FAIL,145
2026-10-01,53,J,geen,15229
2026-10-01,73,J,geen,12028
2026-10-01,22,J,SURS,3
2026-10-01,67,N,FAIL,54
2026-10-01,59,J,geen,11713
2026-10-01,64,N,geen,2867
2026-10-01,36,J,geen,9289
2026-10-01,60,N,FAIL,173
2026-10-01,71,J,FAIL,1
2026-10-01,69,N,geen,3890
2026-10-01,11,J,geen,32066
2026-10-01,51,N,FAIL,109
2026-10-01,99,N,geen,1175
2026-10-01,11,N,geen,15081
2026-10-01,51,J,geen,12539
2026-10-01,59,N,FAIL,176
2026-10-01,60,J,geen,15412
2026-10-01,42,J,geen,10237
2026-10-01,35,N,FAIL,214
2026-10-01,79,J,FAIL,9
2026-10-01,56,J,FAIL,39
2026-10-01,42,N,geen,3150
2026-10-01,58,J,geen,6027
2026-10-01,67,N,geen,3859
2026-10-01,88,J,FAIL,4
2026-10-01,82,J,SURS,1
2026-10-01,66,N,FAIL,76
2026-10-01,15,J,FAIL,16
2026-10-01,85,N,FAIL,15
2026-10-01,54,N,FAIL,121
2026-10-01,17,J,geen,15684
2026-10-01,57,J,FAIL,19
2026-10-01,42,J,FAIL,6
2026-10-01,54,J,FAIL,23
2026-10-01,40,N,geen,2144
2026-10-01,11,J,FAIL,31
2026-10-01,55,N,FAIL,81
2026-10-01,75,J,FAIL,59
2026-10-01,99,J,FAIL,13
2026-10-01,37,N,geen,10561
2026-10-01,29,N,geen,9103
2026-10-01,35,J,geen,22753
2026-10-01,65,N,FAIL,80
2026-10-01,40,N,FAIL,40
2026-10-01,75,N,FAIL,282
2026-10-01,14,J,geen,20899
2026-10-01,36,N,geen,3885
2026-10-01,22,J,geen,25865
2026-10-01,55,J,FAIL,22
2026-10-01,28,J,FAIL,4
2026-10-01,32,N,geen,6697
2026-10-01,72,N,FAIL,69
2026-10-01,21,J,geen,20174
2026-10-01,19,N,geen,4570
2026-10-01,48,N,FAIL,185
2026-10-01,96,J,FAIL,11
2026-10-01,13,N,geen,7506
2026-10-01,28,N,geen,3251
2026-10-01,67,J,geen,11519
2026-10-01,93,N,FAIL,18
2026-10-01,61,N,geen,3685
2026-10-01,26,J,FAIL,32
2026-10-01,85,J,geen,3711
2026-10-01,33,N,FAIL,60
2026-10-01,53,N,FAIL,96
2026-10-01,98,J,geen,1503
2026-10-01,33,N,geen,6773
2026-10-01,61,J,geen,8856
2026-10-01,27,N,FAIL,93
2026-10-01,93,N,geen,1320
2026-10-01,24,N,FAIL,63
2026-10-01,35,N,geen,8708
2026-10-01,33,J,FAIL,18
2026-10-01,19,J,FAIL,14
2026-10-01,92,N,geen,2527
2026-10-01,86,N,geen,1192
2026-10-01,14,N,geen,8108
2026-10-01,42,N,FAIL,66
2026-10-01,36,N,FAIL,63
2026-10-01,31,N,FAIL,57
2026-10-01,20,N,geen,6342
2026-10-01,25,N,geen,13859
2026-10-01,18,J,geen,11034
2026-10-01,64,J,FAIL,20
2026-10-01,29,N,FAIL,91
2026-10-02,81,J,FAIL,5
2026-10-02,37,J,geen,26344
2026-10-02,44,J,geen,7664
2026-10-02,41,J,geen,10059
2026-10-02,70,J,FAIL,7
2026-10-02,71,J,geen,6029
2026-10-02,29,J,geen,22762
2026-10-02,23,N,geen,5261
2026-10-02,96,N,FAIL,48
2026-10-02,65,N,FAIL,80
2026-10-02,38,N,FAIL,246
2026-10-02,86,J,geen,2945
2026-10-02,37,N,FAIL,185
2026-10-02,92,N,FAIL,36
2026-10-02,41,N,FAIL,86
2026-10-02,84,N,FAIL,29
2026-10-02,35,N,FAIL,214
2026-10-02,30,N,geen,19096
2026-10-02,77,N,FAIL,87
2026-10-02,61,J,FAIL,39
2026-10-02,94,J,SURS,1
2026-10-02,47,N,geen,4309
2026-10-02,22,N,FAIL,163
2026-10-02,80,J,FAIL,39
2026-10-02,68,N,geen,6422
2026-10-02,33,N,geen,6778
2026-10-02,23,J,FAIL,9
2026-10-02,38,J,geen,28218
2026-10-02,75,N,FAIL,282
2026-10-02,19,J,FAIL,14
2026-10-02,92,J,FAIL,11
2026-10-02,79,J,geen,8361
2026-10-02,25,J,geen,31987
2026-10-02,21,N,FAIL,136
2026-10-02,65,N,geen,5074
2026-10-02,96,J,SURS,2
2026-10-02,99,N,FAIL,18
2026-10-02,66,N,FAIL,76
2026-10-02,88,J,geen,2735
2026-10-02,94,N,geen,2718
2026-10-02,99,N,geen,1175
2026-10-02,47,J,geen,11684
2026-10-02,44,J,FAIL,6
2026-10-02,83,J,geen,8193
2026-10-02,82,J,SURS,1
2026-10-02,64,J,geen,6494
2026-10-02,69,N,geen,3890
2026-10-02,77,N,geen,2223
2026-10-02,48,J,geen,23080
2026-10-02,31,N,FAIL,58
2026-10-02,90,N,geen,1130
2026-10-02,12,N,geen,8533
2026-10-02,11,J,geen,32054
2026-10-02,66,J,geen,14336
2026-10-02,93,J,geen,3635
2026-10-02,19,N,geen,4572
2026-10-02,96,J,FAIL,12
2026-10-02,58,J,FAIL,9
2026-10-02,62,N,geen,4201
2026-10-02,81,J,geen,6714
2026-10-02,35,N,geen,8714
2026-10-02,81,N,FAIL,53
2026-10-02,26,N,FAIL,156
2026-10-02,95,N,geen,1196
2026-10-02,70,J,geen,9435
2026-10-02,31,N,geen,6397
2026-10-02,48,N,FAIL,185
2026-10-02,95,J,FAIL,5
2026-10-02,52,N,geen,9015
2026-10-02,64,N,geen,2867
2026-10-02,84,N,geen,2674
2026-10-02,47,J,FAIL,13
2026-10-02,44,N,FAIL,56
2026-10-02,50,N,FAIL,126
2026-10-02,94,N,FAIL,41
2026-10-02,60,J,geen,15407
2026-10-02,68,J,FAIL,29
2026-10-02,25,J,SURS,1
2026-10-02,91,N,geen,580
2026-10-02,76,N,FAIL,101
2026-10-02,43,J,geen,8621
2026-10-02,60,N,FAIL,173
2026-10-02,55,N,geen,5213
2026-10-02,53,J,geen,15235
2026-10-02,28,J,FAIL,5
2026-10-02,75,N,geen,7270
2026-10-02,32,N,geen,6701
2026-10-02,79,N,FAIL,72
2026-10-02,49,N,FAIL,59
2026-10-02,13,N,FAIL,222
2026-10-02,43,J,FAIL,11
2026-10-02,94,J,FAIL,13
2026-10-02,58,N,geen,1992
2026-10-02,83,N,FAIL,84
2026-10-02,27,J,geen,11639
2026-10-02,75,J,geen,19652
2026-10-02,32,J,FAIL,24
2026-10-02,71,J,FAIL,1
2026-10-02,67,N,geen,3862
2026-10-02,85,N,geen,1299
2026-10-02,54,N,geen,6038
2026-10-02,56,J,geen,26807
2026-10-02,,N,geen,92289
2026-10-02,64,N,FAIL,206
2026-10-02,53,N,FAIL,97
2026-10-02,46,N,geen,2785
2026-10-02,71,N,FAIL,29
2026-10-02,71,N,geen,1995
2026-10-02,63,J,FAIL,7
2026-10-02,76,J,FAIL,6
2026-10-02,97,N,FAIL,92
2026-10-02,46,J,geen,7654
2026-10-02,53,N,geen,4998
2026-10-02,90,J,geen,3098
2026-10-02,98,J,FAIL,2
2026-10-02,28,N,FAIL,45
2026-10-02,82,N,geen,4256
2026-10-02,45,N,FAIL,35
2026-10-02,31,J,FAIL,14
2026-10-02,10,J,geen,100791
2026-10-02,27,N,geen,4554
2026-10-02,75,J,FAIL,61
2026-10-02,77,J,geen,6686
2026-10-02,56,N,geen,10573
2026-10-02,80,N,FAIL,133
2026-10-02,67,J,geen,11515
2026-10-02,42,N,FAIL,66
2026-10-02,69,J,FAIL,11
2026-10-02,24,J,geen,14119
2026-10-02,16,J,FAIL,2
2026-10-02,91,J,FAIL,4
2026-10-02,22,J,geen,25874
2026-10-02,93,N,FAIL,18
2026-10-02,99,J,geen,3104
2026-10-02,28,N,geen,3252
2026-10-02,63,N,FAIL,105
2026-10-02,23,J,geen,14248
2026-10-02,43,N,geen,2710
2026-10-02,93,N,geen,1321
2026-10-02,84,J,geen,6705
2026-10-02,70,N,geen,3505
2026-10-02,96,J,geen,5951
2026-10-02,45,J,FAIL,6
2026-10-02,56,J,FAIL,40
2026-10-02,34,J,geen,18331
2026-10-02,40,J,FAIL,9
2026-10-02,17,N,geen,5523
2026-10-02,35,J,geen,22772
2026-10-02,72,N,geen,2944
2026-10-02,42,N,geen,3152
2026-10-02,76,J,geen,11295
2026-10-02,83,N,geen,2675
2026-10-02,24,N,FAIL,63
2026-10-02,15,N,FAIL,97
2026-10-02,37,N,geen,10589
2026-10-02,42,J,FAIL,8
2026-10-02,20,N,geen,6347
2026-10-02,22,J,SURS,3
2026-10-02,78,N,geen,2631
2026-10-02,91,N,FAIL,7
2026-10-02,24,N,geen,5304
2026-10-02,86,N,FAIL,10
2026-10-02,67,J,FAIL,4
2026-10-02,58,N,FAIL,49
2026-10-02,91,J,geen,1984
2026-10-02,48,J,FAIL,36
2026-10-02,63,N,geen,1678
2026-10-02,98,N,FAIL,1
2026-10-02,98,J,geen,1502
2026-10-02,21,J,geen,20177
2026-10-02,14,J,FAIL,32
2026-10-02,36,N,geen,3887
2026-10-02,38,N,geen,11106
2026-10-02,12,J,FAIL,22
2026-10-02,39,N,geen,7913
2026-10-02,82,J,geen,11284
2026-10-02,45,N,geen,1714
2026-10-02,10,J,SURS,3
2026-10-02,48,N,geen,8587
2026-10-02,87,N,geen,582
2026-10-02,,N,FAIL,59774
2026-10-02,35,J,SURS,1
2026-10-02,,J,geen,15770
2026-10-02,24,J,FAIL,14
2026-10-02,78,N,FAIL,71
2026-10-02,74,J,FAIL,67
2026-10-02,79,N,geen,2922
2026-10-02,54,J,FAIL,26
2026-10-02,64,J,FAIL,20
2026-10-02,52,J,geen,23824
2026-10-02,87,J,geen,1947
2026-10-02,92,J,geen,6802
2026-10-02,89,J,FAIL,17
2026-10-02,61,N,FAIL,207
2026-10-02,97,J,geen,13236
2026-10-02,68,N,FAIL,70
2026-10-02,17,J,FAIL,8
2026-10-02,54,J,geen,18318
2026-10-02,51,J,geen,12534
2026-10-02,19,J,geen,11737
2026-10-02,15,N,geen,3946
2026-10-02,55,N,FAIL,81
2026-10-02,59,J,geen,11716
2026-10-02,92,N,geen,2527
2026-10-02,59,N,FAIL,176
2026-10-02,84,J,FAIL,25
2026-10-02,20,N,FAIL,67
2026-10-02,18,N,geen,4165
2026-10-02,96,N,geen,2374
2026-10-02,33,J,geen,18927
2026-10-02,20,J,geen,16103
2026-10-02,60,N,geen,5302
2026-10-02,62,J,FAIL,36
2026-10-02,62,N,FAIL,204
2026-10-02,57,N,geen,4888
2026-10-02,90,N,FAIL,8
2026-10-02,72,J,geen,7415
2026-10-02,10,J,FAIL,119
2026-10-02,45,J,geen,5414
2026-10-02,60,J,FAIL,40
2026-10-02,29,N,FAIL,91
2026-10-02,39,N,FAIL,189
2026-10-02,17,N,FAIL,70
2026-10-02,25,N,geen,13866
2026-10-02,85,N,FAIL,15
2026-10-02,66,J,FAIL,9
2026-10-02,23,N,FAIL,61
2026-10-02,21,N,geen,8444
2026-10-02,50,J,geen,20010
2026-10-02,61,N,geen,3688
2026-10-02,15,J,geen,9942
2026-10-02,36,J,geen,9298
2026-10-02,89,N,geen,2006
2026-10-02,89,N,FAIL,43
2026-10-02,86,J,FAIL,3
2026-10-02,53,J,FAIL,32
2026-10-02,51,J,FAIL,21
2026-10-02,26,J,FAIL,33
2026-10-02,36,J,FAIL,5
2026-10-02,88,J,FAIL,4
2026-10-02,97,J,FAIL,41
2026-10-02,85,J,geen,3715
2026-10-02,16,N,geen,4458
2026-10-02,13,N,geen,7511
2026-10-02,69,J,geen,8851
2026-10-02,57,N,FAIL,100
2026-10-02,15,J,FAIL,15
2026-10-02,82,J,FAIL,24
2026-10-02,74,J,geen,16047
2026-10-02,73,J,FAIL,9
2026-10-02,19,N,FAIL,55
2026-10-02,73,N,FAIL,116
2026-10-02,61,J,geen,8867
2026-10-02,12,N,FAIL,145
2026-10-02,32,J,geen,18611
2026-10-02,28,J,geen,9009
2026-10-02,74,N,FAIL,156
2026-10-02,34,N,geen,7069
2026-10-02,57,J,FAIL,19
2026-10-02,55,J,geen,14282
2026-10-02,74,N,geen,6043
2026-10-02,82,N,FAIL,188
2026-10-02,49,N,geen,2814
2026-10-02,68,J,geen,14807
2026-10-02,29,N,geen,9107
2026-10-02,93,J,FAIL,11
2026-10-02,36,N,FAIL,63
2026-10-02,38,J,FAIL,37
2026-10-02,46,J,FAIL,7
2026-10-02,22,J,FAIL,18
2026-10-02,52,J,FAIL,28
2026-10-02,25,J,FAIL,37
2026-10-02,46,N,FAIL,64
2026-10-02,90,J,FAIL,1
2026-10-02,97,N,geen,5849
2026-10-02,16,J,geen,11790
2026-10-02,69,N,FAIL,48
2026-10-02,43,N,FAIL,63
2026-10-02,47,N,FAIL,102
2026-10-02,73,J,geen,12037
2026-10-02,41,J,FAIL,16
2026-10-02,32,N,FAIL,50
2026-10-02,21,J,FAIL,25
2026-10-02,33,N,FAIL,60
2026-10-02,51,N,FAIL,110
2026-10-02,94,J,geen,7046
2026-10-02,16,N,FAIL,36
2026-10-02,59,N,geen,4147
2026-10-02,11,J,FAIL,32
2026-10-02,87,N,FAIL,5
2026-10-02,65,J,FAIL,13
2026-10-02,56,N,FAIL,229
2026-10-02,10,N,geen,41169
2026-10-02,29,J,FAIL,26
2026-10-02,10,N,FAIL,571
2026-10-02,52,N,FAIL,195
2026-10-02,40,N,geen,2144
2026-10-02,27,N,FAIL,93
2026-10-02,62,J,SURS,1
2026-10-02,49,J,geen,7118
2026-10-02,13,J,geen,18047
2026-10-02,62,J,geen,10490
2026-10-02,26,J,geen,28199
2026-10-02,65,J,geen,13174
2026-10-02,77,J,FAIL,24
2026-10-02,57,J,geen,14551
2026-10-02,34,J,FAIL,30
2026-10-02,30,J,FAIL,61
2026-10-02,39,J,FAIL,36
2026-10-02,76,N,geen,3908
2026-10-02,11,N,geen,14949
2026-10-02,48,J,SURS,1
2026-10-02,72,N,FAIL,69
2026-10-02,81,N,geen,2313
2026-10-02,50,J,FAIL,25
2026-10-02,30,J,geen,45570
2026-10-02,40,J,geen,5654
2026-10-02,17,J,geen,15703
2026-10-02,80,N,geen,5050
2026-10-02,18,N,FAIL,32
2026-10-02,78,J,geen,5989
2026-10-02,25,N,FAIL,144
2026-10-02,89,J,geen,4454
2026-10-02,33,J,FAIL,18
2026-10-02,44,N,geen,2304
2026-10-02,66,N,geen,4799
2026-10-02,31,J,geen,15490
2026-10-02,49,J,FAIL,5
2026-10-02,70,N,FAIL,48
2026-10-02,40,N,FAIL,40
2026-10-02,99,J,FAIL,13
2026-10-02,98,N,geen,496
2026-10-02,50,N,geen,7440
2026-10-02,63,J,geen,4290
2026-10-02,88,N,FAIL,15
2026-10-02,41,N,geen,4132
2026-10-02,37,J,FAIL,25
2026-10-02,59,J,FAIL,7
2026-10-02,95,N,FAIL,24
2026-10-02,67,N,FAIL,54
2026-10-02,58,J,geen,6035
2026-10-02,80,J,geen,13863
2026-10-02,13,J,FAIL,44
2026-10-02,14,N,FAIL,121
2026-10-02,88,N,geen,1111
2026-10-02,26,N,geen,9483
2026-10-02,39,J,geen,21366
2026-10-02,,J,FAIL,6453
2026-10-02,51,N,geen,4693
2026-10-02,14,J,geen,20920
2026-10-02,12,J,geen,18770
2026-10-02,72,J,FAIL,5
2026-10-02,20,J,FAIL,8
2026-10-02,83,J,FAIL,9
2026-10-02,30,N,FAIL,200
2026-10-02,78,J,FAIL,12
2026-10-02,14,N,geen,8112
2026-10-02,18,J,FAIL,12
2026-10-02,86,N,geen,1192
2026-10-02,11,N,FAIL,246
2026-10-02,42,J,geen,10236
2026-10-02,95,J,geen,3069
2026-10-02,54,N,FAIL,122
2026-10-02,73,N,geen,5027
2026-10-02,79,J,FAIL,9
2026-10-02,55,J,FAIL,22
2026-10-02,22,N,geen,9831
2026-10-02,34,N,FAIL,186
2026-10-02,27,J,FAIL,16
2026-10-02,18,J,geen,11041
2026-10-02,35,J,FAIL,94
2026-10-03,19,J,FAIL,14
2026-10-03,50,N,geen,7440
2026-10-03,74,J,geen,16047
2026-10-03,25,N,FAIL,144
2026-10-03,93,J,geen,3635
2026-10-03,26,N,FAIL,156
2026-10-03,72,J,geen,7415
2026-10-03,66,N,FAIL,76
2026-10-03,60,N,geen,5302
2026-10-03,35,J,SURS,1
2026-10-03,17,J,FAIL,8
2026-10-03,95,J,FAIL,5
2026-10-03,31,J,geen,15490
2026-10-03,21,J,geen,20177
2026-10-03,59,J,geen,11716
2026-10-03,83,J,FAIL,9
2026-10-03,30,N,geen,19096
2026-10-03,44,N,FAIL,56
2026-10-03,63,N,FAIL,105
2026-10-03,62,N,geen,4201
2026-10-03,42,J,geen,10236
2026-10-03,13,N,geen,7511
2026-10-03,59,N,FAIL,176
2026-10-03,56,N,geen,10573
2026-10-03,14,N,FAIL,121
2026-10-03,70,J,geen,9435
2026-10-03,19,J,geen,11737
2026-10-03,52,N,geen,9015
2026-10-03,83,N,geen,2675
2026-10-03,22,N,geen,9831
2026-10-03,70,N,geen,3505
2026-10-03,79,N,geen,2922
2026-10-03,62,J,SURS,1
2026-10-03,13,J,FAIL,44
2026-10-03,23,J,geen,14248
2026-10-03,47,J,geen,11684
2026-10-03,77,N,geen,2223
2026-10-03,37,J,FAIL,25
2026-10-03,,N,geen,92289
2026-10-03,46,J,geen,7654
2026-10-03,63,N,geen,1678
2026-10-03,36,N,FAIL,63
2026-10-03,84,N,FAIL,29
2026-10-03,34,J,FAIL,30
2026-10-03,76,N,geen,3908
2026-10-03,89,N,FAIL,43
2026-10-03,74,J,FAIL,67
2026-10-03,91,N,geen,580
2026-10-03,39,J,FAIL,36
2026-10-03,18,J,FAIL,12
2026-10-03,11,N,geen,14949
2026-10-03,59,J,FAIL,7
2026-10-03,17,J,geen,15703
2026-10-03,62,J,FAIL,36
2026-10-03,91,J,FAIL,4
2026-10-03,35,J,FAIL,94
2026-10-03,94,N,geen,2718
2026-10-03,69,J,geen,8851
2026-10-03,65,N,geen,5074
2026-10-03,92,J,geen,6802
2026-10-03,80,N,geen,5050
2026-10-03,19,N,geen,4572
2026-10-03,20,N,geen,6347
2026-10-03,69,N,FAIL,48
2026-10-03,80,J,geen,13863
2026-10-03,14,N,geen,8112
2026-10-03,44,J,geen,7664
2026-10-03,28,J,FAIL,5
2026-10-03,44,J,FAIL,6
2026-10-03,35,N,FAIL,214
2026-10-03,29,N,geen,9107
2026-10-03,71,J,FAIL,1
2026-10-03,94,N,FAIL,41
2026-10-03,54,N,geen,6038
2026-10-03,81,J,geen,6714
2026-10-03,60,J,geen,15407
2026-10-03,10,N,geen,41169
2026-10-03,10,J,geen,100791
2026-10-03,75,J,geen,19652
2026-10-03,82,J,geen,11284
2026-10-03,30,N,FAIL,200
2026-10-03,58,N,FAIL,49
2026-10-03,61,J,FAIL,39
2026-10-03,99,N,geen,1175
2026-10-03,22,J,FAIL,18
2026-10-03,95,J,geen,3069
2026-10-03,82,J,SURS,1
2026-10-03,48,J,geen,23080
2026-10-03,13,N,FAIL,222
2026-10-03,43,J,FAIL,11
2026-10-03,32,J,FAIL,24
2026-10-03,97,J,FAIL,41
2026-10-03,71,J,geen,6029
2026-10-03,12,N,geen,8533
2026-10-03,90,N,FAIL,8
2026-10-03,34,J,geen,18331
2026-10-03,67,N,FAIL,54
2026-10-03,15,J,FAIL,15
2026-10-03,50,N,FAIL,126
2026-10-03,79,J,FAIL,9
2026-10-03,87,N,FAIL,5
2026-10-03,45,J,geen,5414
2026-10-03,40,J,FAIL,9
2026-10-03,68,J,geen,14807
2026-10-03,67,J,FAIL,4
2026-10-03,35,J,geen,22772
2026-10-03,17,N,geen,5523
2026-10-03,85,N,FAIL,15
2026-10-03,18,N,geen,4165
2026-10-03,60,N,FAIL,173
2026-10-03,45,N,FAIL,35
2026-10-03,96,J,geen,5951
2026-10-03,10,J,FAIL,119
2026-10-03,94,J,SURS,1
2026-10-03,23,N,geen,5261
2026-10-03,26,N,geen,9483
2026-10-03,24,J,geen,14119
2026-10-03,50,J,FAIL,25
2026-10-03,87,J,geen,1947
2026-10-03,97,N,FAIL,92
2026-10-03,55,J,FAIL,22
2026-10-03,34,N,FAIL,186
2026-10-03,95,N,geen,1196
2026-10-03,14,J,geen,20920
2026-10-03,88,J,geen,2735
2026-10-03,74,N,geen,6043
2026-10-03,33,J,FAIL,18
2026-10-03,78,J,FAIL,12
2026-10-03,78,N,geen,2631
2026-10-03,27,N,geen,4554
2026-10-03,39,N,FAIL,189
2026-10-03,94,J,geen,7046
2026-10-03,22,J,SURS,3
2026-10-03,47,N,geen,4309
2026-10-03,47,N,FAIL,102
2026-10-03,25,J,FAIL,37
2026-10-03,46,J,FAIL,7
2026-10-03,90,N,geen,1130
2026-10-03,54,J,geen,18318
2026-10-03,64,J,geen,6494
2026-10-03,53,N,geen,4998
2026-10-03,73,J,geen,12037
2026-10-03,73,N,geen,5027
2026-10-03,98,J,FAIL,2
2026-10-03,65,J,geen,13174
2026-10-03,74,N,FAIL,156
2026-10-03,16,N,geen,4458
2026-10-03,36,J,FAIL,5
2026-10-03,63,J,FAIL,7
2026-10-03,30,J,FAIL,61
2026-10-03,35,N,geen,8714
2026-10-03,96,J,SURS,2
2026-10-03,29,J,FAIL,26
2026-10-03,18,J,geen,11041
2026-10-03,58,J,geen,6035
2026-10-03,82,N,FAIL,188
2026-10-03,12,J,geen,18770
2026-10-03,42,J,FAIL,8
2026-10-03,72,N,geen,2944
2026-10-03,57,J,geen,14551
2026-10-03,64,J,FAIL,20
2026-10-03,77,J,FAIL,24
2026-10-03,57,N,geen,4888
2026-10-03,11,J,FAIL,32
2026-10-03,77,J,geen,6686
2026-10-03,70,J,FAIL,7
2026-10-03,90,J,FAIL,1
2026-10-03,26,J,FAIL,33
2026-10-03,69,N,geen,3890
2026-10-03,23,N,FAIL,61
2026-10-03,87,N,geen,582
2026-10-03,89,N,geen,2006
2026-10-03,78,N,FAIL,71
2026-10-03,58,J,FAIL,9
2026-10-03,48,N,geen,8587
2026-10-03,99,N,FAIL,18
2026-10-03,51,N,FAIL,110
2026-10-03,14,J,FAIL,32
2026-10-03,58,N,geen,1992
2026-10-03,65,N,FAIL,80
2026-10-03,49,N,FAIL,59
2026-10-03,47,J,FAIL,13
2026-10-03,27,N,FAIL,93
2026-10-03,64,N,geen,2867
2026-10-03,17,N,FAIL,70
2026-10-03,24,J,FAIL,14
2026-10-03,72,N,FAIL,69
2026-10-03,41,N,geen,4132
2026-10-03,97,J,geen,13236
2026-10-03,56,N,FAIL,229
2026-10-03,88,J,FAIL,4
2026-10-03,29,J,geen,22762
2026-10-03,60,J,FAIL,40
2026-10-03,61,N,FAIL,207
2026-10-03,32,N,geen,6701
2026-10-03,46,N,geen,2785
2026-10-03,51,N,geen,4693
2026-10-03,38,J,FAIL,37
2026-10-03,91,N,FAIL,7
2026-10-03,55,N,FAIL,81
2026-10-03,37,J,geen,26344
2026-10-03,93,N,FAIL,18
2026-10-03,57,N,FAIL,100
2026-10-03,95,N,FAIL,24
2026-10-03,92,N,geen,2527
2026-10-03,44,N,geen,2304
2026-10-03,33,J,geen,18927
2026-10-03,68,N,FAIL,70
2026-10-03,38,J,geen,28218
2026-10-03,48,J,FAIL,36
2026-10-03,28,N,FAIL,45
2026-10-03,66,J,FAIL,9
2026-10-03,36,N,geen,3887
2026-10-03,76,N,FAIL,101
2026-10-03,98,J,geen,1502
2026-10-03,75,J,FAIL,61
2026-10-03,89,J,geen,4454
2026-10-03,41,N,FAIL,86
2026-10-03,66,J,geen,14336
2026-10-03,64,N,FAIL,206
2026-10-03,85,J,geen,3715
2026-10-03,86,J,geen,2945
2026-10-03,84,N,geen,2674
2026-10-03,45,N,geen,1714
2026-10-03,53,J,geen,15235
2026-10-03,68,J,FAIL,29
2026-10-03,15,N,geen,3946
2026-10-03,85,N,geen,1299
2026-10-03,81,N,geen,2313
2026-10-03,39,N,geen,7913
2026-10-03,18,N,FAIL,32
2026-10-03,31,J,FAIL,14
2026-10-03,71,N,geen,1995
2026-10-03,29,N,FAIL,91
2026-10-03,93,J,FAIL,11
2026-10-03,41,J,geen,10059
2026-10-03,15,N,FAIL,97
2026-10-03,83,J,geen,8193
2026-10-03,88,N,FAIL,15
2026-10-03,22,J,geen,25874
2026-10-03,25,N,geen,13866
2026-10-03,61,J,geen,8867
2026-10-03,53,J,FAIL,32
2026-10-03,79,J,geen,8361
2026-10-03,52,N,FAIL,195
2026-10-03,15,J,geen,9942
2026-10-03,63,J,geen,4290
2026-10-03,98,N,geen,496
2026-10-03,81,N,FAIL,53
2026-10-03,12,N,FAIL,145
2026-10-03,,J,FAIL,6453
2026-10-03,80,J,FAIL,39
2026-10-03,94,J,FAIL,13
2026-10-03,62,N,FAIL,204
2026-10-03,99,J,geen,3104
2026-10-03,83,N,FAIL,84
2026-10-03,21,J,FAIL,25
2026-10-03,27,J,FAIL,16
2026-10-03,52,J,geen,23824
2026-10-03,90,J,geen,3098
2026-10-03,98,N,FAIL,1
2026-10-03,22,N,FAIL,163
2026-10-03,19,N,FAIL,55
2026-10-03,42,N,geen,3152
2026-10-03,45,J,FAIL,6
2026-10-03,55,J,geen,14282
2026-10-03,72,J,FAIL,5
2026-10-03,86,N,geen,1192
2026-10-03,26,J,geen,28199
2026-10-03,36,J,geen,9298
2026-10-03,89,J,FAIL,17
2026-10-03,57,J,FAIL,19
2026-10-03,88,N,geen,1111
2026-10-03,25,J,geen,31987
2026-10-03,54,J,FAIL,26
2026-10-03,67,J,geen,11515
2026-10-03,21,N,geen,8444
2026-10-03,49,J,geen,7118
2026-10-03,12,J,FAIL,22
2026-10-03,77,N,FAIL,87
2026-10-03,20,J,FAIL,8
2026-10-03,28,N,geen,3252
2026-10-03,37,N,geen,10589
2026-10-03,13,J,geen,18047
2026-10-03,65,J,FAIL,13
2026-10-03,,N,FAIL,59774
2026-10-03,96,J,FAIL,12
2026-10-03,84,J,FAIL,25
2026-10-03,59,N,geen,4147
2026-10-03,51,J,geen,12534
2026-10-03,30,J,geen,45570
2026-10-03,54,N,FAIL,122
2026-10-03,96,N,geen,2374
2026-10-03,46,N,FAIL,64
2026-10-03,79,N,FAIL,72
2026-10-03,39,J,geen,21366
2026-10-03,80,N,FAIL,133
2026-10-03,10,J,SURS,3
2026-10-03,66,N,geen,4799
2026-10-03,23,J,FAIL,9
2026-10-03,50,J,geen,20010
2026-10-03,11,J,geen,32054
2026-10-03,49,N,geen,2814
2026-10-03,31,N,geen,6397
2026-10-03,48,J,SURS,1
2026-10-03,24,N,FAIL,63
2026-10-03,10,N,FAIL,571
2026-10-03,78,J,geen,5989
2026-10-03,92,N,FAIL,36
2026-10-03,56,J,geen,26807
2026-10-03,52,J,FAIL,28
2026-10-03,91,J,geen,1984
2026-10-03,69,J,FAIL,11
2026-10-03,96,N,FAIL,48
2026-10-03,84,J,geen,6705
2026-10-03,40,J,geen,5654
2026-10-03,86,J,FAIL,3
2026-10-03,71,N,FAIL,29
2026-10-03,38,N,FAIL,246
2026-10-03,82,N,geen,4256
2026-10-03,75,N,geen,7270
2026-10-03,37,N,FAIL,185
2026-10-03,21,N,FAIL,136
2026-10-03,86,N,FAIL,10
2026-10-03,43,N,FAIL,63
2026-10-03,41,J,FAIL,16
2026-10-03,68,N,geen,6422
2026-10-03,43,N,geen,2710
2026-10-03,81,J,FAIL,5
2026-10-03,16,J,geen,11790
2026-10-03,55,N,geen,5213
2026-10-03,99,J,FAIL,13
2026-10-03,28,J,geen,9009
2026-10-03,32,N,FAIL,50
2026-10-03,70,N,FAIL,48
2026-10-03,38,N,geen,11106
2026-10-03,,J,geen,15770
2026-10-03,92,J,FAIL,11
2026-10-03,40,N,FAIL,40
2026-10-03,31,N,FAIL,58
2026-10-03,25,J,SURS,1
2026-10-03,42,N,FAIL,66
2026-10-03,40,N,geen,2144
2026-10-03,32,J,geen,18611
2026-10-03,82,J,FAIL,24
2026-10-03,73,J,FAIL,9
2026-10-03,20,N,FAIL,67
2026-10-03,75,N,FAIL,282
2026-10-03,43,J,geen,8621
2026-10-03,11,N,FAIL,246
2026-10-03,48,N,FAIL,185
2026-10-03,33,N,FAIL,60
2026-10-03,34,N,geen,7069
2026-10-03,97,N,geen,5849
2026-10-03,67,N,geen,3862
2026-10-03,61,N,geen,3688
2026-10-03,16,J,FAIL,2
2026-10-03,16,N,FAIL,36
2026-10-03,33,N,geen,6778
2026-10-03,27,J,geen,11639
2026-10-03,73,N,FAIL,116
2026-10-03,51,J,FAIL,21
2026-10-03,20,J,geen,16103
2026-10-03,76,J,FAIL,6
2026-10-03,53,N,FAIL,97
2026-10-03,93,N,geen,1321
2026-10-03,62,J,geen,10490
2026-10-03,24,N,geen,5304
2026-10-03,49,J,FAIL,5
2026-10-03,76,J,geen,11295
2026-10-03,56,J,FAIL,40
2026-10-04,74,N,geen,6043
2026-10-04,75,J,FAIL,61
2026-10-04,84,J,geen,6705
2026-10-04,66,J,geen,14336
2026-10-04,24,N,FAIL,63
2026-10-04,40,J,geen,5654
2026-10-04,18,J,geen,11041
2026-10-04,30,J,geen,45570
2026-10-04,94,J,geen,7046
2026-10-04,10,N,geen,41169
2026-10-04,65,J,FAIL,13
2026-10-04,80,J,FAIL,39
2026-10-04,19,J,FAIL,14
2026-10-04,46,N,FAIL,64
2026-10-04,47,J,geen,11684
2026-10-04,17,J,FAIL,8
2026-10-04,79,J,FAIL,9
2026-10-04,18,J,FAIL,12
2026-10-04,83,N,geen,2675
2026-10-04,75,N,FAIL,282
2026-10-04,52,J,geen,23824
2026-10-04,97,J,geen,13236
2026-10-04,19,N,FAIL,55
2026-10-04,15,N,FAIL,97
2026-10-04,39,N,FAIL,189
2026-10-04,46,J,FAIL,7
2026-10-04,56,J,FAIL,40
2026-10-04,27,N,geen,4554
2026-10-04,14,N,geen,8112
2026-10-04,22,J,FAIL,18
2026-10-04,85,N,geen,1299
2026-10-04,38,J,FAIL,37
2026-10-04,45,J,FAIL,6
2026-10-04,82,N,FAIL,188
2026-10-04,32,J,geen,18611
2026-10-04,82,N,geen,4256
2026-10-04,29,N,FAIL,91
2026-10-04,56,N,FAIL,229
2026-10-04,66,J,FAIL,9
2026-10-04,49,J,FAIL,5
2026-10-04,16,N,FAIL,36
2026-10-04,41,J,FAIL,16
2026-10-04,30,N,geen,19096
2026-10-04,23,N,geen,5261
2026-10-04,49,J,geen,7118
2026-10-04,,J,geen,15770
2026-10-04,79,N,FAIL,72
2026-10-04,22,N,FAIL,163
2026-10-04,81,J,geen,6714
2026-10-04,70,J,geen,9435
2026-10-04,59,J,FAIL,7
2026-10-04,51,N,FAIL,110
2026-10-04,94,N,geen,2718
2026-10-04,95,J,FAIL,5
2026-10-04,23,J,FAIL,9
2026-10-04,60,J,FAIL,40
2026-10-04,94,J,FAIL,13
2026-10-04,,N,geen,92289
2026-10-04,51,N,geen,4693
2026-10-04,53,N,geen,4998
2026-10-04,43,J,geen,8621
2026-10-04,73,J,geen,12037
2026-10-04,60,N,geen,5302
2026-10-04,31,N,FAIL,58
2026-10-04,95,J,geen,3069
2026-10-04,21,J,FAIL,25
2026-10-04,55,N,geen,5213
2026-10-04,98,J,FAIL,2
2026-10-04,70,N,FAIL,48
2026-10-04,57,J,geen,14551
2026-10-04,89,N,FAIL,43
2026-10-04,50,N,FAIL,126
2026-10-04,63,N,FAIL,105
2026-10-04,56,N,geen,10573
2026-10-04,,J,FAIL,6453
2026-10-04,63,N,geen,1678
2026-10-04,47,N,geen,4309
2026-10-04,68,N,geen,6422
2026-10-04,53,N,FAIL,97
2026-10-04,81,N,geen,2313
2026-10-04,33,J,geen,18927
2026-10-04,91,J,geen,1984
2026-10-04,41,J,geen,10059
2026-10-04,76,N,FAIL,101
2026-10-04,96,N,FAIL,48
2026-10-04,16,J,FAIL,2
2026-10-04,88,J,geen,2735
2026-10-04,39,N,geen,7913
2026-10-04,11,N,geen,14949
2026-10-04,78,J,geen,5989
2026-10-04,11,J,geen,32054
2026-10-04,88,J,FAIL,4
2026-10-04,41,N,geen,4132
2026-10-04,48,J,FAIL,36
2026-10-04,71,N,FAIL,29
2026-10-04,92,N,FAIL,36
2026-10-04,99,N,FAIL,18
2026-10-04,58,N,geen,1992
2026-10-04,64,N,FAIL,206
2026-10-04,97,N,geen,5849
2026-10-04,86,N,FAIL,10
2026-10-04,13,N,geen,7511
2026-10-04,69,N,FAIL,48
2026-10-04,67,J,geen,11515
2026-10-04,16,N,geen,4458
2026-10-04,95,N,geen,1196
2026-10-04,35,J,geen,22772
2026-10-04,68,J,geen,14807
2026-10-04,19,N,geen,4572
2026-10-04,78,N,FAIL,71
2026-10-04,97,J,FAIL,41
2026-10-04,42,N,geen,3152
2026-10-04,20,N,geen,6347
2026-10-04,32,N,FAIL,50
2026-10-04,50,J,geen,20010
2026-10-04,,N,FAIL,59774
2026-10-04,69,J,geen,8851
2026-10-04,37,N,FAIL,185
2026-10-04,57,N,geen,4888
2026-10-04,44,J,FAIL,6
2026-10-04,40,J,FAIL,9
2026-10-04,65,J,geen,13174
2026-10-04,34,J,geen,18331
2026-10-04,36,N,geen,3887
2026-10-04,10,J,SURS,3
2026-10-04,21,N,FAIL,136
2026-10-04,98,N,geen,496
2026-10-04,65,N,geen,5074
2026-10-04,28,N,geen,3252
2026-10-04,54,N,FAIL,122
2026-10-04,62,J,FAIL,36
2026-10-04,34,J,FAIL,30
2026-10-04,43,N,geen,2710
2026-10-04,80,N,FAIL,133
2026-10-04,83,J,FAIL,9
2026-10-04,78,N,geen,2631
2026-10-04,44,J,geen,7664
2026-10-04,31,J,geen,15490
2026-10-04,69,N,geen,3890
2026-10-04,24,J,geen,14119
2026-10-04,70,N,geen,3505
2026-10-04,94,N,FAIL,41
2026-10-04,25,J,FAIL,37
2026-10-04,93,J,FAIL,11
2026-10-04,53,J,FAIL,32
2026-10-04,19,J,geen,11737
2026-10-04,71,N,geen,1995
2026-10-04,92,J,FAIL,11
2026-10-04,67,N,geen,3862
2026-10-04,60,N,FAIL,173
2026-10-04,24,N,geen,5304
2026-10-04,62,N,FAIL,204
2026-10-04,20,J,geen,16103
2026-10-04,62,J,geen,10490
2026-10-04,20,J,FAIL,8
2026-10-04,89,J,FAIL,17
2026-10-04,74,J,geen,16047
2026-10-04,12,N,geen,8533
2026-10-04,61,N,FAIL,207
2026-10-04,82,J,geen,11284
2026-10-04,29,J,FAIL,26
2026-10-04,48,N,geen,8587
2026-10-04,77,J,geen,6686
2026-10-04,93,N,FAIL,18
2026-10-04,40,N,geen,2144
2026-10-04,25,J,SURS,1
2026-10-04,80,N,geen,5050
2026-10-04,96,J,FAIL,12
2026-10-04,14,N,FAIL,121
2026-10-04,24,J,FAIL,14
2026-10-04,59,N,FAIL,176
2026-10-04,13,N,FAIL,222
2026-10-04,73,J,FAIL,9
2026-10-04,72,N,geen,2944
2026-10-04,39,J,geen,21366
2026-10-04,72,J,FAIL,5
2026-10-04,12,J,FAIL,22
2026-10-04,50,N,geen,7440
2026-10-04,57,J,FAIL,19
2026-10-04,70,J,FAIL,7
2026-10-04,85,J,geen,3715
2026-10-04,82,J,SURS,1
2026-10-04,11,N,FAIL,246
2026-10-04,37,J,FAIL,25
2026-10-04,93,N,geen,1321
2026-10-04,10,J,geen,100791
2026-10-04,36,N,FAIL,63
2026-10-04,68,J,FAIL,29
2026-10-04,29,N,geen,9107
2026-10-04,17,N,FAIL,70
2026-10-04,67,J,FAIL,4
2026-10-04,54,N,geen,6038
2026-10-04,44,N,FAIL,56
2026-10-04,66,N,FAIL,76
2026-10-04,52,J,FAIL,28
2026-10-04,92,J,geen,6802
2026-10-04,90,N,FAIL,8
2026-10-04,30,J,FAIL,61
2026-10-04,54,J,geen,18318
2026-10-04,73,N,geen,5027
2026-10-04,58,J,geen,6035
2026-10-04,78,J,FAIL,12
2026-10-04,94,J,SURS,1
2026-10-04,62,N,geen,4201
2026-10-04,26,J,FAIL,33
2026-10-04,98,N,FAIL,1
2026-10-04,87,N,FAIL,5
2026-10-04,25,N,geen,13866
2026-10-04,99,J,geen,3104
2026-10-04,77,J,FAIL,24
2026-10-04,25,J,geen,31987
2026-10-04,86,J,geen,2945
2026-10-04,23,N,FAIL,61
2026-10-04,16,J,geen,11790
2026-10-04,25,N,FAIL,144
2026-10-04,22,J,geen,25874
2026-10-04,84,J,FAIL,25
2026-10-04,68,N,FAIL,70
2026-10-04,90,J,FAIL,1
2026-10-04,76,J,FAIL,6
2026-10-04,65,N,FAIL,80
2026-10-04,87,N,geen,582
2026-10-04,26,N,FAIL,156
2026-10-04,35,N,geen,8714
2026-10-04,18,N,FAIL,32
2026-10-04,21,N,geen,8444
2026-10-04,34,N,geen,7069
2026-10-04,54,J,FAIL,26
2026-10-04,84,N,FAIL,29
2026-10-04,85,N,FAIL,15
2026-10-04,21,J,geen,20177
2026-10-04,61,N,geen,3688
2026-10-04,86,J,FAIL,3
2026-10-04,71,J,geen,6029
2026-10-04,18,N,geen,4165
2026-10-04,13,J,FAIL,44
2026-10-04,31,N,geen,6397
2026-10-04,55,N,FAIL,81
2026-10-04,91,J,FAIL,4
2026-10-04,42,J,geen,10236
2026-10-04,91,N,geen,580
2026-10-04,79,N,geen,2922
2026-10-04,51,J,FAIL,21
2026-10-04,89,N,geen,2006
2026-10-04,99,N,geen,1175
2026-10-04,34,N,FAIL,186
2026-10-04,48,J,geen,23080
2026-10-04,81,N,FAIL,53
2026-10-04,61,J,FAIL,39
2026-10-04,49,N,geen,2814
2026-10-04,84,N,geen,2674
2026-10-04,64,N,geen,2867
2026-10-04,90,J,geen,3098
2026-10-04,40,N,FAIL,40
2026-10-04,50,J,FAIL,25
2026-10-04,29,J,geen,22762
2026-10-04,76,N,geen,3908
2026-10-04,74,J,FAIL,67
2026-10-04,43,J,FAIL,11
2026-10-04,77,N,geen,2223
2026-10-04,80,J,geen,13863
2026-10-04,81,J,FAIL,5
2026-10-04,11,J,FAIL,32
2026-10-04,27,J,FAIL,16
2026-10-04,32,N,geen,6701
2026-10-04,46,N,geen,2785
2026-10-04,99,J,FAIL,13
2026-10-04,59,N,geen,4147
2026-10-04,88,N,FAIL,15
2026-10-04,10,N,FAIL,571
2026-10-04,56,J,geen,26807
2026-10-04,93,J,geen,3635
2026-10-04,48,J,SURS,1
2026-10-04,12,J,geen,18770
2026-10-04,59,J,geen,11716
2026-10-04,33,N,geen,6778
2026-10-04,92,N,geen,2527
2026-10-04,47,N,FAIL,102
2026-10-04,35,J,FAIL,94
2026-10-04,31,J,FAIL,14
2026-10-04,14,J,geen,20920
2026-10-04,57,N,FAIL,100
2026-10-04,96,J,SURS,2
2026-10-04,17,N,geen,5523
2026-10-04,20,N,FAIL,67
2026-10-04,55,J,FAIL,22
2026-10-04,38,N,FAIL,246
2026-10-04,58,N,FAIL,49
2026-10-04,58,J,FAIL,9
2026-10-04,44,N,geen,2304
2026-10-04,42,N,FAIL,66
2026-10-04,47,J,FAIL,13
2026-10-04,36,J,geen,9298
2026-10-04,61,J,geen,8867
2026-10-04,46,J,geen,7654
2026-10-04,97,N,FAIL,92
2026-10-04,55,J,geen,14282
2026-10-04,72,N,FAIL,69
2026-10-04,66,N,geen,4799
2026-10-04,77,N,FAIL,87
2026-10-04,83,N,FAIL,84
2026-10-04,27,J,geen,11639
2026-10-04,53,J,geen,15235
2026-10-04,30,N,FAIL,200
2026-10-04,91,N,FAIL,7
2026-10-04,37,J,geen,26344
2026-10-04,15,J,geen,9942
2026-10-04,86,N,geen,1192
2026-10-04,96,J,geen,5951
2026-10-04,64,J,FAIL,20
2026-10-04,98,J,geen,1502
2026-10-04,62,J,SURS,1
2026-10-04,39,J,FAIL,36
2026-10-04,26,N,geen,9483
2026-10-04,63,J,geen,4290
2026-10-04,95,N,FAIL,24
2026-10-04,28,N,FAIL,45
2026-10-04,28,J,FAIL,5
2026-10-04,90,N,geen,1130
2026-10-04,52,N,FAIL,195
2026-10-04,96,N,geen,2374
2026-10-04,27,N,FAIL,93
2026-10-04,36,J,FAIL,5
2026-10-04,37,N,geen,10589
2026-10-04,87,J,geen,1947
2026-10-04,10,J,FAIL,119
2026-10-04,49,N,FAIL,59
2026-10-04,35,J,SURS,1
2026-10-04,23,J,geen,14248
2026-10-04,88,N,geen,1111
2026-10-04,17,J,geen,15703
2026-10-04,22,N,geen,9831
2026-10-04,67,N,FAIL,54
2026-10-04,33,N,FAIL,60
2026-10-04,42,J,FAIL,8
2026-10-04,38,N,geen,11106
2026-10-04,72,J,geen,7415
2026-10-04,43,N,FAIL,63
2026-10-04,48,N,FAIL,185
2026-10-04,83,J,geen,8193
2026-10-04,26,J,geen,28199
2026-10-04,35,N,FAIL,214
2026-10-04,82,J,FAIL,24
2026-10-04,15,N,geen,3946
2026-10-04,63,J,FAIL,7
2026-10-04,12,N,FAIL,145
2026-10-04,52,N,geen,9015
2026-10-04,28,J,geen,9009
2026-10-04,45,N,FAIL,35
2026-10-04,75,N,geen,7270
2026-10-04,89,J,geen,4454
2026-10-04,15,J,FAIL,15
2026-10-04,45,J,geen,5414
2026-10-04,74,N,FAIL,156
2026-10-04,41,N,FAIL,86
2026-10-04,13,J,geen,18047
2026-10-04,60,J,geen,15407
2026-10-04,75,J,geen,19652
2026-10-04,32,J,FAIL,24
2026-10-04,45,N,geen,1714
2026-10-04,64,J,geen,6494
2026-10-04,73,N,FAIL,116
2026-10-04,79,J,geen,8361
2026-10-04,14,J,FAIL,32
2026-10-04,22,J,SURS,3
2026-10-04,38,J,geen,28218
2026-10-04,51,J,geen,12534
2026-10-04,33,J,FAIL,18
2026-10-04,76,J,geen,11295
2026-10-04,71,J,FAIL,1
2026-10-04,69,J,FAIL,11
2026-10-05,73,N,FAIL,116
2026-10-05,42,J,geen,10236
2026-10-05,11,N,geen,14949
2026-10-05,92,N,geen,2527
2026-10-05,28,N,FAIL,45
2026-10-05,30,J,FAIL,61
2026-10-05,74,J,geen,16047
2026-10-05,47,J,geen,11684
2026-10-05,91,J,FAIL,4
2026-10-05,45,N,FAIL,35
2026-10-05,79,J,geen,8361
2026-10-05,16,J,geen,11790
2026-10-05,71,J,FAIL,1
2026-10-05,99,J,FAIL,13
2026-10-05,80,N,FAIL,133
2026-10-05,32,J,geen,18611
2026-10-05,21,J,geen,20177
2026-10-05,96,J,SURS,2
2026-10-05,82,N,geen,4256
2026-10-05,,J,FAIL,6453
2026-10-05,55,N,FAIL,81
2026-10-05,95,J,geen,3069
2026-10-05,89,J,geen,4454
2026-10-05,42,N,geen,3152
2026-10-05,44,N,FAIL,56
2026-10-05,68,N,geen,6422
2026-10-05,23,J,FAIL,9
2026-10-05,54,N,FAIL,122
2026-10-05,91,N,geen,580
2026-10-05,53,J,FAIL,32
2026-10-05,17,J,geen,15703
2026-10-05,39,N,FAIL,189
2026-10-05,77,N,FAIL,87
2026-10-05,13,N,FAIL,222
2026-10-05,17,J,FAIL,8
2026-10-05,97,N,FAIL,92
2026-10-05,88,J,FAIL,4
2026-10-05,96,N,geen,2374
2026-10-05,71,N,FAIL,29
2026-10-05,86,N,geen,1192
2026-10-05,76,N,geen,3908
2026-10-05,42,J,FAIL,8
2026-10-05,48,J,FAIL,36
2026-10-05,59,N,FAIL,176
2026-10-05,95,N,geen,1196
2026-10-05,85,N,FAIL,15
2026-10-05,25,N,geen,13866
2026-10-05,18,N,geen,4165
2026-10-05,24,J,geen,14119
2026-10-05,61,J,FAIL,39
2026-10-05,48,N,geen,8587
2026-10-05,20,J,geen,16103
2026-10-05,50,N,geen,7440
2026-10-05,64,J,FAIL,20
2026-10-05,63,J,FAIL,7
2026-10-05,45,J,FAIL,6
2026-10-05,53,N,geen,4998
2026-10-05,99,N,FAIL,18
2026-10-05,43,N,geen,2710
2026-10-05,36,N,geen,3887
2026-10-05,29,J,FAIL,26
2026-10-05,72,J,geen,7415
2026-10-05,56,J,FAIL,40
2026-10-05,59,J,FAIL,7
2026-10-05,97,J,FAIL,41
2026-10-05,53,J,geen,15235
2026-10-05,96,J,geen,5951
2026-10-05,73,J,FAIL,9
2026-10-05,68,J,geen,14807
2026-10-05,65,N,geen,5074
2026-10-05,57,J,FAIL,19
2026-10-05,18,J,geen,11041
2026-10-05,44,J,geen,7664
2026-10-05,70,N,FAIL,48
2026-10-05,34,N,FAIL,186
2026-10-05,14,N,geen,8112
2026-10-05,73,J,geen,12037
2026-10-05,94,J,FAIL,13
2026-10-05,10,N,FAIL,571
2026-10-05,84,J,FAIL,25
2026-10-05,83,N,geen,2675
2026-10-05,16,N,FAIL,36
2026-10-05,22,J,geen,25874
2026-10-05,75,J,geen,19652
2026-10-05,83,J,FAIL,9
2026-10-05,59,N,geen,4147
2026-10-05,54,J,geen,18318
2026-10-05,16,J,FAIL,2
2026-10-05,33,J,geen,18927
2026-10-05,79,J,FAIL,9
2026-10-05,93,J,geen,3635
2026-10-05,72,J,FAIL,5
2026-10-05,90,N,geen,1130
2026-10-05,24,J,FAIL,14
2026-10-05,66,J,geen,14336
2026-10-05,87,N,geen,582
2026-10-05,95,J,FAIL,5
2026-10-05,11,J,geen,32054
2026-10-05,17,N,FAIL,70
2026-10-05,22,J,SURS,3
2026-10-05,15,N,geen,3946
2026-10-05,82,N,FAIL,188
2026-10-05,51,N,geen,4693
2026-10-05,72,N,geen,2944
2026-10-05,92,J,FAIL,11
2026-10-05,80,N,geen,5050
2026-10-05,25,J,FAIL,37
2026-10-05,51,J,FAIL,21
2026-10-05,41,J,geen,10059
2026-10-05,48,N,FAIL,185
2026-10-05,35,N,geen,8714
2026-10-05,12,J,geen,18770
2026-10-05,70,N,geen,3505
2026-10-05,98,N,geen,496
2026-10-05,18,J,FAIL,12
2026-10-05,23,J,geen,14248
2026-10-05,27,J,FAIL,16
2026-10-05,86,J,geen,2945
2026-10-05,10,J,FAIL,119
2026-10-05,11,N,FAIL,246
2026-10-05,,J,geen,15770
2026-10-05,82,J,SURS,1
2026-10-05,58,J,FAIL,9
2026-10-05,49,J,geen,7118
2026-10-05,89,N,FAIL,43
2026-10-05,65,J,geen,13174
2026-10-05,36,N,FAIL,63
2026-10-05,82,J,FAIL,24
2026-10-05,82,J,geen,11284
2026-10-05,62,J,FAIL,36
2026-10-05,84,N,FAIL,29
2026-10-05,37,N,geen,10589
2026-10-05,36,J,geen,9298
2026-10-05,76,J,FAIL,6
2026-10-05,67,N,FAIL,54
2026-10-05,58,N,geen,1992
2026-10-05,38,N,geen,11106
2026-10-05,91,J,geen,1984
2026-10-05,20,J,FAIL,8
2026-10-05,29,J,geen,22762
2026-10-05,56,N,FAIL,229
2026-10-05,41,N,geen,4132
2026-10-05,96,J,FAIL,12
2026-10-05,14,N,FAIL,121
2026-10-05,80,J,geen,13863
2026-10-05,72,N,FAIL,69
2026-10-05,27,N,geen,4554
2026-10-05,83,J,geen,8193
2026-10-05,97,N,geen,5849
2026-10-05,88,N,FAIL,15
2026-10-05,16,N,geen,4458
2026-10-05,78,N,FAIL,71
2026-10-05,13,N,geen,7511
2026-10-05,63,J,geen,4290
2026-10-05,92,N,FAIL,36
2026-10-05,73,N,geen,5027
2026-10-05,52,J,geen,23824
2026-10-05,94,J,SURS,1
2026-10-05,41,N,FAIL,86
2026-10-05,88,J,geen,2735
2026-10-05,81,J,FAIL,5
2026-10-05,11,J,FAIL,32
2026-10-05,74,N,FAIL,156
2026-10-05,19,J,FAIL,14
2026-10-05,61,N,FAIL,207
2026-10-05,37,N,FAIL,185
2026-10-05,66,N,FAIL,76
2026-10-05,84,N,geen,2674
2026-10-05,36,J,FAIL,5
2026-10-05,57,N,FAIL,100
2026-10-05,12,N,geen,8533
2026-10-05,34,J,geen,18331
2026-10-05,59,J,geen,11716
2026-10-05,94,N,FAIL,41
2026-10-05,37,J,FAIL,25
2026-10-05,58,J,geen,6035
2026-10-05,92,J,geen,6802
2026-10-05,95,N,FAIL,24
2026-10-05,81,J,geen,6714
2026-10-05,10,N,geen,41169
2026-10-05,52,N,geen,9015
2026-10-05,89,J,FAIL,17
2026-10-05,69,N,FAIL,48
2026-10-05,63,N,FAIL,105
2026-10-05,48,J,SURS,1
2026-10-05,42,N,FAIL,66
2026-10-05,12,J,FAIL,22
2026-10-05,18,N,FAIL,32
2026-10-05,48,J,geen,23080
2026-10-05,70,J,FAIL,7
2026-10-05,63,N,geen,1678
2026-10-05,26,N,FAIL,156
2026-10-05,39,N,geen,7913
2026-10-05,24,N,geen,5304
2026-10-05,29,N,FAIL,91
2026-10-05,33,N,FAIL,60
2026-10-05,60,J,geen,15407
2026-10-05,25,J,geen,31987
2026-10-05,86,N,FAIL,10
2026-10-05,69,N,geen,3890
2026-10-05,84,J,geen,6705
2026-10-05,98,J,FAIL,2
2026-10-05,77,J,FAIL,24
2026-10-05,69,J,geen,8851
2026-10-05,60,J,FAIL,40
2026-10-05,78,J,geen,5989
2026-10-05,46,N,geen,2785
2026-10-05,40,N,geen,2144
2026-10-05,98,J,geen,1502
2026-10-05,37,J,geen,26344
2026-10-05,79,N,FAIL,72
2026-10-05,76,N,FAIL,101
2026-10-05,20,N,FAIL,67
2026-10-05,75,N,geen,7270
2026-10-05,43,J,FAIL,11
2026-10-05,49,J,FAIL,5
2026-10-05,60,N,geen,5302
2026-10-05,62,J,geen,10490
2026-10-05,28,N,geen,3252
2026-10-05,74,N,geen,6043
2026-10-05,33,J,FAIL,18
2026-10-05,19,N,geen,4572
2026-10-05,81,N,geen,2313
2026-10-05,35,J,SURS,1
2026-10-05,62,J,SURS,1
2026-10-05,97,J,geen,13236
2026-10-05,78,N,geen,2631
2026-10-05,22,N,FAIL,163
2026-10-05,13,J,geen,18047
2026-10-05,10,J,geen,100791
2026-10-05,66,N,geen,4799
2026-10-05,65,J,FAIL,13
2026-10-05,81,N,FAIL,53
2026-10-05,99,J,geen,3104
2026-10-05,13,J,FAIL,44
2026-10-05,66,J,FAIL,9
2026-10-05,56,N,geen,10573
2026-10-05,25,N,FAIL,144
2026-10-05,19,J,geen,11737
2026-10-05,64,N,FAIL,206
2026-10-05,35,J,geen,22772
2026-10-05,70,J,geen,9435
2026-10-05,21,J,FAIL,25
2026-10-05,94,J,geen,7046
2026-10-05,64,N,geen,2867
2026-10-05,79,N,geen,2922
2026-10-05,80,J,FAIL,39
2026-10-05,78,J,FAIL,12
2026-10-05,22,N,geen,9831
2026-10-05,40,J,FAIL,9
2026-10-05,31,N,FAIL,58
2026-10-05,99,N,geen,1175
2026-10-05,15,J,geen,9942
2026-10-05,96,N,FAIL,48
2026-10-05,12,N,FAIL,145
2026-10-05,45,N,geen,1714
2026-10-05,51,N,FAIL,110
2026-10-05,67,N,geen,3862
2026-10-05,52,N,FAIL,195
2026-10-05,76,J,geen,11295
2026-10-05,85,J,geen,3715
2026-10-05,94,N,geen,2718
2026-10-05,43,N,FAIL,63
2026-10-05,67,J,FAIL,4
2026-10-05,51,J,geen,12534
2026-10-05,35,J,FAIL,94
2026-10-05,34,J,FAIL,30
2026-10-05,30,N,geen,19096
2026-10-05,38,J,FAIL,37
2026-10-05,23,N,geen,5261
2026-10-05,25,J,SURS,1
2026-10-05,68,N,FAIL,70
2026-10-05,28,J,FAIL,5
2026-10-05,34,N,geen,7069
2026-10-05,35,N,FAIL,214
2026-10-05,86,J,FAIL,3
2026-10-05,98,N,FAIL,1
2026-10-05,32,N,geen,6701
2026-10-05,57,N,geen,4888
2026-10-05,27,N,FAIL,93
2026-10-05,93,N,FAIL,18
2026-10-05,47,J,FAIL,13
2026-10-05,44,N,geen,2304
2026-10-05,41,J,FAIL,16
2026-10-05,93,N,geen,1321
2026-10-05,24,N,FAIL,63
2026-10-05,46,N,FAIL,64
2026-10-05,67,J,geen,11515
2026-10-05,30,N,FAIL,200
2026-10-05,38,N,FAIL,246
2026-10-05,40,N,FAIL,40
2026-10-05,44,J,FAIL,6
2026-10-05,30,J,geen,45570
2026-10-05,21,N,geen,8444
2026-10-05,93,J,FAIL,11
2026-10-05,47,N,geen,4309
2026-10-05,31,J,FAIL,14
2026-10-05,54,J,FAIL,26
2026-10-05,55,J,geen,14282
2026-10-05,38,J,geen,28218
2026-10-05,90,J,geen,3098
2026-10-05,50,J,geen,20010
2026-10-05,62,N,geen,4201
2026-10-05,31,N,geen,6397
2026-10-05,52,J,FAIL,28
2026-10-05,19,N,FAIL,55
2026-10-05,65,N,FAIL,80
2026-10-05,39,J,FAIL,36
2026-10-05,69,J,FAIL,11
2026-10-05,33,N,geen,6778
2026-10-05,46,J,geen,7654
2026-10-05,47,N,FAIL,102
2026-10-05,15,N,FAIL,97
2026-10-05,87,N,FAIL,5
2026-10-05,74,J,FAIL,67
2026-10-05,26,J,FAIL,33
2026-10-05,21,N,FAIL,136
2026-10-05,54,N,geen,6038
2026-10-05,88,N,geen,1111
2026-10-05,14,J,FAIL,32
2026-10-05,17,N,geen,5523
2026-10-05,71,J,geen,6029
2026-10-05,20,N,geen,6347
2026-10-05,49,N,FAIL,59
2026-10-05,68,J,FAIL,29
2026-10-05,40,J,geen,5654
2026-10-05,83,N,FAIL,84
2026-10-05,23,N,FAIL,61
2026-10-05,49,N,geen,2814
2026-10-05,91,N,FAIL,7
2026-10-05,75,J,FAIL,61
2026-10-05,61,J,geen,8867
2026-10-05,71,N,geen,1995
2026-10-05,27,J,geen,11639
2026-10-05,77,J,geen,6686
2026-10-05,85,N,geen,1299
2026-10-05,64,J,geen,6494
2026-10-05,45,J,geen,5414
2026-10-05,55,N,geen,5213
2026-10-05,31,J,geen,15490
2026-10-05,87,J,geen,1947
2026-10-05,,N,FAIL,59774
2026-10-05,10,J,SURS,3
2026-10-05,29,N,geen,9107
2026-10-05,56,J,geen,26807
2026-10-05,58,N,FAIL,49
2026-10-05,61,N,geen,3688
2026-10-05,50,J,FAIL,25
2026-10-05,90,N,FAIL,8
2026-10-05,62,N,FAIL,204
2026-10-05,28,J,geen,9009
2026-10-05,55,J,FAIL,22
2026-10-05,90,J,FAIL,1
2026-10-05,46,J,FAIL,7
2026-10-05,15,J,FAIL,15
2026-10-05,77,N,geen,2223
2026-10-05,26,N,geen,9483
2026-10-05,32,N,FAIL,50
2026-10-05,53,N,FAIL,97
2026-10-05,50,N,FAIL,126
2026-10-05,26,J,geen,28199
2026-10-05,57,J,geen,14551
2026-10-05,32,J,FAIL,24
2026-10-05,75,N,FAIL,282
2026-10-05,14,J,geen,20920
2026-10-05,60,N,FAIL,173
2026-10-05,43,J,geen,8621
2026-10-05,,N,geen,92289
2026-10-05,89,N,geen,2006
2026-10-05,22,J,FAIL,18
2026-10-05,39,J,geen,21366
2026-10-06,57,N,FAIL,100
2026-10-06,94,J,FAIL,13
2026-10-06,37,J,FAIL,25
2026-10-06,32,J,geen,18622
2026-10-06,41,J,geen,10063
2026-10-06,38,J,FAIL,37
2026-10-06,60,J,FAIL,40
2026-10-06,67,N,FAIL,54
2026-10-06,22,N,geen,9834
2026-10-06,27,J,geen,11655
2026-10-06,27,J,FAIL,16
2026-10-06,89,N,geen,2006
2026-10-06,97,N,geen,5853
2026-10-06,84,J,geen,6713
2026-10-06,58,N,geen,1992
2026-10-06,63,J,geen,4288
2026-10-06,91,J,FAIL,5
2026-10-06,44,J,geen,7673
2026-10-06,14,N,FAIL,121
2026-10-06,45,N,geen,1714
2026-10-06,68,N,geen,6423
2026-10-06,88,J,FAIL,4
2026-10-06,60,N,FAIL,173
2026-10-06,40,N,FAIL,40
2026-10-06,85,N,FAIL,15
2026-10-06,49,N,geen,2815
2026-10-06,86,N,geen,1192
2026-10-06,18,J,FAIL,12
2026-10-06,20,J,geen,16111
2026-10-06,,N,FAIL,59778
2026-10-06,16,N,FAIL,36
2026-10-06,77,J,FAIL,24
2026-10-06,65,J,FAIL,13
2026-10-06,59,N,FAIL,176
2026-10-06,93,N,geen,1321
2026-10-06,94,N,geen,2718
2026-10-06,76,J,FAIL,6
2026-10-06,49,N,FAIL,59
2026-10-06,62,J,geen,10495
2026-10-06,86,N,FAIL,10
2026-10-06,17,N,geen,5525
2026-10-06,87,J,geen,1948
2026-10-06,29,N,geen,9108
2026-10-06,61,J,FAIL,38
2026-10-06,44,N,FAIL,56
2026-10-06,97,N,FAIL,92
2026-10-06,81,N,geen,2314
2026-10-06,95,J,FAIL,5
2026-10-06,55,N,FAIL,81
2026-10-06,20,N,FAIL,67
2026-10-06,10,N,geen,41182
2026-10-06,64,J,FAIL,20
2026-10-06,27,N,geen,4554
2026-10-06,13,N,FAIL,222
2026-10-06,73,J,geen,12050
2026-10-06,37,N,FAIL,185
2026-10-06,41,N,geen,4134
2026-10-06,34,J,geen,18334
2026-10-06,56,J,geen,26842
2026-10-06,89,J,geen,4456
2026-10-06,69,N,geen,3891
2026-10-06,89,N,FAIL,43
2026-10-06,98,N,FAIL,1
2026-10-06,52,J,geen,23822
2026-10-06,84,J,FAIL,25
2026-10-06,32,N,geen,6701
2026-10-06,46,N,geen,2785
2026-10-06,85,N,geen,1299
2026-10-06,24,N,geen,5304
2026-10-06,25,J,geen,31994
2026-10-06,33,N,FAIL,60
2026-10-06,54,J,geen,18330
2026-10-06,53,J,geen,15248
2026-10-06,31,J,FAIL,13
2026-10-06,97,J,FAIL,41
2026-10-06,54,J,FAIL,26
2026-10-06,14,J,geen,20936
2026-10-06,81,J,FAIL,5
2026-10-06,79,J,FAIL,9
2026-10-06,35,J,FAIL,94
2026-10-06,48,J,FAIL,37
2026-10-06,32,N,FAIL,50
2026-10-06,23,N,FAIL,61
2026-10-06,92,N,FAIL,36
2026-10-06,48,N,geen,8592
2026-10-06,42,J,FAIL,7
2026-10-06,58,J,geen,6045
2026-10-06,60,J,geen,15412
2026-10-06,99,N,geen,1175
2026-10-06,18,J,geen,11045
2026-10-06,40,N,geen,2144
2026-10-06,76,N,geen,3908
2026-10-06,74,J,FAIL,67
2026-10-06,75,J,geen,19664
2026-10-06,66,J,FAIL,9
2026-10-06,58,N,FAIL,49
2026-10-06,55,N,geen,5216
2026-10-06,70,J,FAIL,7
2026-10-06,47,J,geen,11683
2026-10-06,78,N,geen,2631
2026-10-06,83,J,FAIL,9
2026-10-06,67,N,geen,3862
2026-10-06,59,N,geen,4150
2026-10-06,65,N,geen,5075
2026-10-06,24,J,geen,14121
2026-10-06,12,N,FAIL,145
2026-10-06,10,N,FAIL,571
2026-10-06,77,N,geen,2223
2026-10-06,82,J,geen,11290
2026-10-06,16,N,geen,4459
2026-10-06,44,N,geen,2304
2026-10-06,14,J,FAIL,32
2026-10-06,88,N,FAIL,15
2026-10-06,67,J,FAIL,4
2026-10-06,30,J,FAIL,61
2026-10-06,66,J,geen,14344
2026-10-06,72,J,geen,7417
2026-10-06,82,J,FAIL,24
2026-10-06,43,N,FAIL,63
2026-10-06,56,N,geen,10575
2026-10-06,34,N,FAIL,186
2026-10-06,62,N,geen,4202
2026-10-06,64,N,geen,2869
2026-10-06,39,J,geen,21387
2026-10-06,18,N,FAIL,32
2026-10-06,54,N,geen,6040
2026-10-06,23,N,geen,5264
2026-10-06,82,N,geen,4257
2026-10-06,98,J,geen,1505
2026-10-06,46,N,FAIL,64
2026-10-06,70,N,FAIL,48
2026-10-06,73,J,FAIL,9
2026-10-06,64,J,geen,6493
2026-10-06,29,N,FAIL,91
2026-10-06,43,J,FAIL,11
2026-10-06,22,N,FAIL,163
2026-10-06,21,N,FAIL,136
2026-10-06,30,N,geen,19104
2026-10-06,29,J,geen,22773
2026-10-06,89,J,FAIL,17
2026-10-06,87,N,geen,582
2026-10-06,65,J,geen,13185
2026-10-06,45,J,geen,5420
2026-10-06,49,J,FAIL,5
2026-10-06,79,J,geen,8371
2026-10-06,65,N,FAIL,80
2026-10-06,32,J,FAIL,24
2026-10-06,13,N,geen,7512
2026-10-06,62,J,FAIL,36
2026-10-06,10,J,geen,100865
2026-10-06,99,J,geen,3107
2026-10-06,35,N,geen,8718
2026-10-06,84,N,geen,2674
2026-10-06,72,N,FAIL,69
2026-10-06,20,N,geen,6349
2026-10-06,51,N,FAIL,110
2026-10-06,96,J,SURS,2
2026-10-06,83,N,FAIL,84
2026-10-06,44,J,FAIL,6
2026-10-06,80,N,FAIL,133
2026-10-06,63,N,geen,1678
2026-10-06,79,N,FAIL,72
2026-10-06,90,J,geen,3103
2026-10-06,33,J,FAIL,18
2026-10-06,14,N,geen,8115
2026-10-06,36,J,geen,9302
2026-10-06,69,J,FAIL,11
2026-10-06,80,N,geen,5051
2026-10-06,98,N,geen,496
2026-10-06,35,J,SURS,1
2026-10-06,58,J,FAIL,9
2026-10-06,27,N,FAIL,93
2026-10-06,67,J,geen,11519
2026-10-06,17,J,FAIL,8
2026-10-06,50,J,geen,20016
2026-10-06,38,J,geen,28225
2026-10-06,91,N,FAIL,7
2026-10-06,33,N,geen,6781
2026-10-06,11,J,geen,32080
2026-10-06,47,N,FAIL,102
2026-10-06,86,J,FAIL,3
2026-10-06,15,J,FAIL,15
2026-10-06,71,J,FAIL,1
2026-10-06,34,N,geen,7077
2026-10-06,52,N,geen,9024
2026-10-06,69,N,FAIL,48
2026-10-06,35,N,FAIL,214
2026-10-06,61,N,FAIL,207
2026-10-06,15,N,FAIL,97
2026-10-06,62,N,FAIL,204
2026-10-06,93,J,geen,3637
2026-10-06,75,N,FAIL,282
2026-10-06,74,J,geen,16057
2026-10-06,66,N,FAIL,76
2026-10-06,96,N,geen,2376
2026-10-06,86,J,geen,2945
2026-10-06,38,N,FAIL,246
2026-10-06,36,N,geen,3887
2026-10-06,47,N,geen,4311
2026-10-06,51,J,geen,12540
2026-10-06,29,J,FAIL,25
2026-10-06,45,J,FAIL,6
2026-10-06,52,J,FAIL,28
2026-10-06,36,N,FAIL,63
2026-10-06,37,N,geen,10592
2026-10-06,54,N,FAIL,122
2026-10-06,71,N,geen,1995
2026-10-06,78,J,FAIL,12
2026-10-06,49,J,geen,7118
2026-10-06,31,N,geen,6397
2026-10-06,42,N,FAIL,67
2026-10-06,,J,FAIL,6456
2026-10-06,76,J,geen,11299
2026-10-06,57,N,geen,4890
2026-10-06,57,J,geen,14564
2026-10-06,99,J,FAIL,13
2026-10-06,88,J,geen,2735
2026-10-06,10,J,SURS,2
2026-10-06,75,N,geen,7273
2026-10-06,78,J,geen,5992
2026-10-06,41,J,FAIL,16
2026-10-06,50,N,geen,7441
2026-10-06,93,N,FAIL,18
2026-10-06,73,N,geen,5027
2026-10-06,19,N,FAIL,55
2026-10-06,39,N,FAIL,189
2026-10-06,91,N,geen,580
2026-10-06,28,J,FAIL,5
2026-10-06,95,N,FAIL,24
2026-10-06,79,N,geen,2923
2026-10-06,95,J,geen,3073
2026-10-06,35,J,geen,22784
2026-10-06,43,N,geen,2711
2026-10-06,59,J,FAIL,7
2026-10-06,21,N,geen,8445
2026-10-06,93,J,FAIL,11
2026-10-06,23,J,geen,14254
2026-10-06,74,N,geen,6046
2026-10-06,48,J,geen,23100
2026-10-06,70,N,geen,3506
2026-10-06,22,J,geen,25886
2026-10-06,15,N,geen,3946
2026-10-06,21,J,geen,20193
2026-10-06,69,J,geen,8857
2026-10-06,22,J,FAIL,18
2026-10-06,18,N,geen,4165
2026-10-06,25,N,FAIL,144
2026-10-06,41,N,FAIL,86
2026-10-06,42,J,geen,10246
2026-10-06,37,J,geen,26351
2026-10-06,,N,geen,92395
2026-10-06,96,J,FAIL,12
2026-10-06,19,N,geen,4572
2026-10-06,81,J,geen,6718
2026-10-06,17,J,geen,15709
2026-10-06,70,J,geen,9445
2026-10-06,11,N,geen,15093
2026-10-06,80,J,geen,13869
2026-10-06,26,J,FAIL,32
2026-10-06,13,J,FAIL,44
2026-10-06,61,J,geen,8875
2026-10-06,77,J,geen,6689
2026-10-06,12,J,FAIL,22
2026-10-06,25,J,FAIL,37
2026-10-06,31,J,geen,15497
2026-10-06,83,N,geen,2676
2026-10-06,55,J,FAIL,22
2026-10-06,,J,geen,15782
2026-10-06,91,J,geen,1985
2026-10-06,72,J,FAIL,5
2026-10-06,28,N,FAIL,45
2026-10-06,83,J,geen,8193
2026-10-06,20,J,FAIL,8
2026-10-06,71,J,geen,6029
2026-10-06,24,N,FAIL,63
2026-10-06,53,N,geen,5000
2026-10-06,61,N,geen,3689
2026-10-06,26,N,FAIL,156
2026-10-06,28,N,geen,3253
2026-10-06,50,J,FAIL,25
2026-10-06,56,N,FAIL,229
2026-10-06,88,N,geen,1111
2026-10-06,90,J,FAIL,1
2026-10-06,68,J,geen,14814
2026-10-06,19,J,geen,11747
2026-10-06,78,N,FAIL,71
2026-10-06,12,N,geen,8535
2026-10-06,81,N,FAIL,53
2026-10-06,30,J,geen,45603
2026-10-06,80,J,FAIL,39
2026-10-06,26,N,geen,9488
2026-10-06,11,N,FAIL,246
2026-10-06,87,N,FAIL,5
2026-10-06,75,J,FAIL,61
2026-10-06,68,N,FAIL,70
2026-10-06,10,J,FAIL,120
2026-10-06,96,J,geen,5953
2026-10-06,15,J,geen,9950
2026-10-06,84,N,FAIL,29
2026-10-06,26,J,geen,28220
2026-10-06,85,J,geen,3716
2026-10-06,71,N,FAIL,29
2026-10-06,96,N,FAIL,48
2026-10-06,90,N,geen,1130
2026-10-06,64,N,FAIL,206
2026-10-06,53,J,FAIL,31
2026-10-06,92,J,geen,6807
2026-10-06,30,N,FAIL,200
2026-10-06,48,N,FAIL,185
2026-10-06,33,J,geen,18945
2026-10-06,59,J,geen,11718
2026-10-06,74,N,FAIL,156
2026-10-06,57,J,FAIL,19
2026-10-06,46,J,FAIL,7
2026-10-06,94,J,geen,7057
2026-10-06,63,J,FAIL,7
2026-10-06,43,J,geen,8626
2026-10-06,31,N,FAIL,58
2026-10-06,53,N,FAIL,97
2026-10-06,21,J,FAIL,25
2026-10-06,73,N,FAIL,116
2026-10-06,17,N,FAIL,70
2026-10-06,40,J,FAIL,9
2026-10-06,40,J,geen,5656
2026-10-06,51,J,FAIL,21
2026-10-06,62,J,SURS,1
2026-10-06,99,N,FAIL,18
2026-10-06,55,J,geen,14284
2026-10-06,63,N,FAIL,105
2026-10-06,95,N,geen,1199
2026-10-06,39,J,FAIL,36
2026-10-06,68,J,FAIL,29
2026-10-06,25,N,geen,13870
2026-10-06,72,N,geen,2945
2026-10-06,16,J,geen,11788
2026-10-06,94,N,FAIL,41
2026-10-06,23,J,FAIL,9
2026-10-06,34,J,FAIL,30
2026-10-06,82,N,FAIL,188
2026-10-06,11,J,FAIL,32
2026-10-06,56,J,FAIL,39
2026-10-06,13,J,geen,18063
2026-10-06,77,N,FAIL,87
2026-10-06,16,J,FAIL,2
2026-10-06,66,N,geen,4799
2026-10-06,46,J,geen,7658
2026-10-06,12,J,geen,18769
2026-10-06,36,J,FAIL,5
2026-10-06,98,J,FAIL,2
2026-10-06,47,J,FAIL,13
2026-10-06,45,N,FAIL,35
2026-10-06,60,N,geen,5302
2026-10-06,82,J,SURS,1
2026-10-06,39,N,geen,7915
2026-10-06,97,J,geen,13239
2026-10-06,51,N,geen,4694
2026-10-06,76,N,FAIL,101
2026-10-06,92,N,geen,2528
2026-10-06,28,J,geen,9016
2026-10-06,42,N,geen,3152
2026-10-06,94,J,SURS,1
2026-10-06,38,N,geen,11107
2026-10-06,90,N,FAIL,8
2026-10-06,22,J,SURS,3
2026-10-06,92,J,FAIL,11
2026-10-06,19,J,FAIL,14
2026-10-06,52,N,FAIL,195
2026-10-06,50,N,FAIL,126
2026-10-06,24,J,FAIL,14
2026-10-07,75,J,FAIL,61
2026-10-07,27,N,geen,4554
2026-10-07,53,N,geen,5000
2026-10-07,84,J,geen,6712
2026-10-07,96,N,FAIL,48
2026-10-07,95,J,FAIL,5
2026-10-07,84,N,FAIL,29
2026-10-07,41,J,geen,10063
2026-10-07,76,N,geen,3908
2026-10-07,35,J,FAIL,94
2026-10-07,10,J,SURS,2
2026-10-07,56,J,FAIL,39
2026-10-07,45,J,FAIL,6
2026-10-07,63,N,geen,1678
2026-10-07,74,N,FAIL,156
2026-10-07,36,N,geen,3888
2026-10-07,92,J,FAIL,11
2026-10-07,11,J,geen,32074
2026-10-07,26,J,geen,28205
2026-10-07,60,N,geen,5302
2026-10-07,77,N,FAIL,87
2026-10-07,57,J,geen,14563
2026-10-07,38,N,FAIL,246
2026-10-07,36,N,FAIL,63
2026-10-07,12,N,FAIL,145
2026-10-07,35,J,SURS,1
2026-10-07,96,J,geen,5954
2026-10-07,78,N,geen,2631
2026-10-07,93,J,geen,3637
2026-10-07,79,N,FAIL,72
2026-10-07,97,J,geen,13235
2026-10-07,66,N,geen,4799
2026-10-07,93,N,FAIL,18
2026-10-07,81,N,FAIL,53
2026-10-07,55,J,geen,14282
2026-10-07,26,N,geen,9495
2026-10-07,73,J,FAIL,9
2026-10-07,24,J,geen,14122
2026-10-07,60,J,FAIL,40
2026-10-07,94,J,FAIL,13
2026-10-07,71,N,geen,1995
2026-10-07,96,N,geen,2377
2026-10-07,25,N,geen,13870
2026-10-07,65,N,geen,5076
2026-10-07,54,N,FAIL,122
2026-10-07,98,J,FAIL,2
2026-10-07,93,J,FAIL,11
2026-10-07,41,J,FAIL,16
2026-10-07,34,N,FAIL,186
2026-10-07,30,J,FAIL,61
2026-10-07,95,N,FAIL,24
2026-10-07,60,N,FAIL,173
2026-10-07,15,J,FAIL,15
2026-10-07,27,N,FAIL,93
2026-10-07,37,N,geen,10592
2026-10-07,87,J,geen,1948
2026-10-07,68,N,geen,6423
2026-10-07,85,N,geen,1299
2026-10-07,80,J,geen,13867
2026-10-07,82,J,SURS,1
2026-10-07,57,J,FAIL,19
2026-10-07,74,J,FAIL,67
2026-10-07,88,N,FAIL,15
2026-10-07,31,N,FAIL,58
2026-10-07,65,J,geen,13184
2026-10-07,10,N,FAIL,571
2026-10-07,70,J,geen,9445
2026-10-07,91,J,FAIL,5
2026-10-07,47,J,FAIL,13
2026-10-07,52,J,FAIL,28
2026-10-07,60,J,geen,15412
2026-10-07,50,J,geen,20014
2026-10-07,83,N,FAIL,84
2026-10-07,27,J,geen,11654
2026-10-07,85,N,FAIL,15
2026-10-07,61,J,geen,8875
2026-10-07,99,J,geen,3108
2026-10-07,56,J,geen,26842
2026-10-07,42,N,geen,3159
2026-10-07,82,J,geen,11285
2026-10-07,83,J,FAIL,9
2026-10-07,51,J,FAIL,21
2026-10-07,33,N,FAIL,60
2026-10-07,35,N,FAIL,214
2026-10-07,47,J,geen,11682
2026-10-07,36,J,FAIL,5
2026-10-07,45,J,geen,5420
2026-10-07,84,N,geen,2675
2026-10-07,83,N,geen,2676
2026-10-07,28,N,FAIL,45
2026-10-07,84,J,FAIL,25
2026-10-07,24,N,FAIL,63
2026-10-07,96,J,SURS,2
2026-10-07,14,J,FAIL,32
2026-10-07,47,N,FAIL,102
2026-10-07,71,N,FAIL,29
2026-10-07,86,N,FAIL,10
2026-10-07,77,N,geen,2223
2026-10-07,30,J,geen,45594
2026-10-07,36,J,geen,9302
2026-10-07,69,N,geen,3891
2026-10-07,62,J,SURS,1
2026-10-07,87,N,geen,582
2026-10-07,44,J,geen,7673
2026-10-07,80,N,FAIL,133
2026-10-07,75,J,geen,19649
2026-10-07,91,N,FAIL,7
2026-10-07,43,J,geen,8625
2026-10-07,51,J,geen,12541
2026-10-07,30,N,FAIL,200
2026-10-07,42,J,FAIL,7
2026-10-07,45,N,FAIL,35
2026-10-07,48,N,geen,8593
2026-10-07,20,N,FAIL,67
2026-10-07,63,J,geen,4288
2026-10-07,34,N,geen,7078
2026-10-07,29,N,FAIL,91
2026-10-07,22,N,geen,9836
2026-10-07,19,N,FAIL,55
2026-10-07,37,N,FAIL,185
2026-10-07,46,N,geen,2785
2026-10-07,46,J,geen,7658
2026-10-07,69,J,FAIL,11
2026-10-07,99,N,geen,1176
2026-10-07,86,J,FAIL,3
2026-10-07,57,N,FAIL,100
2026-10-07,10,N,geen,41211
2026-10-07,25,J,geen,31989
2026-10-07,58,N,geen,1992
2026-10-07,38,J,FAIL,37
2026-10-07,20,J,geen,16112
2026-10-07,76,J,FAIL,6
2026-10-07,19,J,FAIL,14
2026-10-07,47,N,geen,4312
2026-10-07,44,N,FAIL,56
2026-10-07,34,J,FAIL,27
2026-10-07,78,J,geen,5993
2026-10-07,80,J,FAIL,39
2026-10-07,,N,geen,92389
2026-10-07,54,N,geen,6041
2026-10-07,91,J,geen,1985
2026-10-07,22,N,FAIL,163
2026-10-07,99,N,FAIL,18
2026-10-07,75,N,FAIL,282
2026-10-07,,J,FAIL,6454
2026-10-07,89,N,FAIL,43
2026-10-07,52,N,FAIL,195
2026-10-07,32,J,geen,18623
2026-10-07,89,N,geen,2006
2026-10-07,39,N,FAIL,189
2026-10-07,32,N,FAIL,50
2026-10-07,13,J,geen,18068
2026-10-07,39,J,geen,21383
2026-10-07,35,J,geen,22772
2026-10-07,55,N,FAIL,81
2026-10-07,91,N,geen,580
2026-10-07,40,J,geen,5660
2026-10-07,39,N,geen,7916
2026-10-07,62,N,FAIL,204
2026-10-07,16,J,geen,11786
2026-10-07,37,J,geen,26350
2026-10-07,43,J,FAIL,11
2026-10-07,41,N,geen,4135
2026-10-07,51,N,FAIL,110
2026-10-07,82,N,FAIL,188
2026-10-07,42,J,geen,10240
2026-10-07,56,N,FAIL,229
2026-10-07,16,J,FAIL,2
2026-10-07,67,N,geen,3862
2026-10-07,94,N,FAIL,41
2026-10-07,24,J,FAIL,13
2026-10-07,86,N,geen,1192
2026-10-07,51,N,geen,4694
2026-10-07,95,J,geen,3073
2026-10-07,62,J,geen,10496
2026-10-07,72,J,FAIL,5
2026-10-07,95,N,geen,1199
2026-10-07,64,N,geen,2869
2026-10-07,22,J,geen,25879
2026-10-07,79,J,FAIL,9
2026-10-07,90,N,FAIL,8
2026-10-07,98,N,FAIL,1
2026-10-07,90,J,geen,3102
2026-10-07,19,N,geen,4573
2026-10-07,43,N,FAIL,63
2026-10-07,52,N,geen,9025
2026-10-07,17,J,geen,15709
2026-10-07,19,J,geen,11750
2026-10-07,59,N,geen,4150
2026-10-07,12,N,geen,8536
2026-10-07,80,N,geen,5051
2026-10-07,68,J,geen,14818
2026-10-07,67,J,FAIL,4
2026-10-07,49,J,geen,7118
2026-10-07,21,N,FAIL,136
2026-10-07,14,N,geen,8118
2026-10-07,29,N,geen,9108
2026-10-07,39,J,FAIL,38
2026-10-07,76,J,geen,11300
2026-10-07,82,J,FAIL,24
2026-10-07,18,J,FAIL,12
2026-10-07,88,J,geen,2734
2026-10-07,32,J,FAIL,24
2026-10-07,45,N,geen,1714
2026-10-07,17,N,geen,5525
2026-10-07,85,J,geen,3715
2026-10-07,31,J,geen,15490
2026-10-07,17,N,FAIL,70
2026-10-07,44,J,FAIL,6
2026-10-07,26,J,FAIL,32
2026-10-07,18,N,geen,4166
2026-10-07,30,N,geen,19107
2026-10-07,59,J,geen,11719
2026-10-07,13,J,FAIL,44
2026-10-07,52,J,geen,23823
2026-10-07,65,J,FAIL,13
2026-10-07,37,J,FAIL,25
2026-10-07,21,J,FAIL,25
2026-10-07,92,N,FAIL,36
2026-10-07,73,J,geen,12047
2026-10-07,34,J,geen,18337
2026-10-07,28,J,geen,9014
2026-10-07,40,N,geen,2145
2026-10-07,72,N,geen,2945
2026-10-07,67,J,geen,11519
2026-10-07,55,N,geen,5216
2026-10-07,97,N,FAIL,92
2026-10-07,32,N,geen,6701
2026-10-07,62,N,geen,4203
2026-10-07,72,J,geen,7418
2026-10-07,21,J,geen,20188
2026-10-07,92,N,geen,2529
2026-10-07,23,J,FAIL,9
2026-10-07,46,J,FAIL,7
2026-10-07,63,J,FAIL,7
2026-10-07,61,J,FAIL,38
2026-10-07,74,N,geen,6047
2026-10-07,12,J,geen,18769
2026-10-07,93,N,geen,1321
2026-10-07,83,J,geen,8190
2026-10-07,94,J,SURS,1
2026-10-07,53,J,geen,15250
2026-10-07,78,N,FAIL,71
2026-10-07,65,N,FAIL,80
2026-10-07,53,J,FAIL,31
2026-10-07,22,J,FAIL,18
2026-10-07,73,N,FAIL,116
2026-10-07,67,N,FAIL,54
2026-10-07,81,J,geen,6720
2026-10-07,27,J,FAIL,16
2026-10-07,58,J,geen,6045
2026-10-07,20,N,geen,6349
2026-10-07,41,N,FAIL,86
2026-10-07,64,J,FAIL,20
2026-10-07,88,N,geen,1111
2026-10-07,63,N,FAIL,105
2026-10-07,23,N,geen,5265
2026-10-07,49,N,geen,2815
2026-10-07,71,J,geen,6029
2026-10-07,25,J,FAIL,37
2026-10-07,99,J,FAIL,13
2026-10-07,11,J,FAIL,32
2026-10-07,12,J,FAIL,22
2026-10-07,25,N,FAIL,144
2026-10-07,50,N,geen,7443
2026-10-07,38,J,geen,28227
2026-10-07,18,N,FAIL,32
2026-10-07,56,N,geen,10575
2026-10-07,58,N,FAIL,49
2026-10-07,69,N,FAIL,48
2026-10-07,69,J,geen,8857
2026-10-07,,N,FAIL,59781
2026-10-07,76,N,FAIL,101
2026-10-07,64,J,geen,6493
2026-10-07,53,N,FAIL,97
2026-10-07,71,J,FAIL,1
2026-10-07,44,N,geen,2304
2026-10-07,11,N,FAIL,246
2026-10-07,42,N,FAIL,67
2026-10-07,33,J,FAIL,18
2026-10-07,78,J,FAIL,12
2026-10-07,28,J,FAIL,5
2026-10-07,33,J,geen,18948
2026-10-07,43,N,geen,2711
2026-10-07,68,J,FAIL,29
2026-10-07,90,N,geen,1130
2026-10-07,89,J,geen,4456
2026-10-07,97,N,geen,5854
2026-10-07,16,N,FAIL,36
2026-10-07,11,N,geen,15086
2026-10-07,49,J,FAIL,5
2026-10-07,31,N,geen,6399
2026-10-07,15,J,geen,9952
2026-10-07,79,J,geen,8367
2026-10-07,20,J,FAIL,8
2026-10-07,61,N,geen,3689
2026-10-07,75,N,geen,7286
2026-10-07,22,J,SURS,3
2026-10-07,72,N,FAIL,69
2026-10-07,59,N,FAIL,176
2026-10-07,98,N,geen,496
2026-10-07,57,N,geen,4890
2026-10-07,70,N,FAIL,48
2026-10-07,21,N,geen,8449
2026-10-07,10,J,FAIL,120
2026-10-07,66,J,FAIL,9
2026-10-07,26,N,FAIL,156
2026-10-07,17,J,FAIL,8
2026-10-07,62,J,FAIL,36
2026-10-07,15,N,FAIL,97
2026-10-07,68,N,FAIL,70
2026-10-07,48,J,geen,23101
2026-10-07,48,N,FAIL,185
2026-10-07,24,N,geen,5305
2026-10-07,88,J,FAIL,4
2026-10-07,23,J,geen,14259
2026-10-07,31,J,FAIL,13
2026-10-07,,J,geen,15789
2026-10-07,16,N,geen,4461
2026-10-07,14,N,FAIL,121
2026-10-07,33,N,geen,6781
2026-10-07,81,J,FAIL,5
2026-10-07,92,J,geen,6804
2026-10-07,54,J,FAIL,26
2026-10-07,29,J,FAIL,25
2026-10-07,87,N,FAIL,5
2026-10-07,38,N,geen,11108
2026-10-07,66,N,FAIL,76
2026-10-07,82,N,geen,4263
2026-10-07,29,J,geen,22772
2026-10-07,55,J,FAIL,22
2026-10-07,94,N,geen,2719
2026-10-07,14,J,geen,20932
2026-10-07,50,J,FAIL,25
2026-10-07,13,N,geen,7512
2026-10-07,40,N,FAIL,40
2026-10-07,23,N,FAIL,61
2026-10-07,10,J,geen,100840
2026-10-07,79,N,geen,2926
2026-10-07,48,J,FAIL,37
2026-10-07,50,N,FAIL,126
2026-10-07,74,J,geen,16057
2026-10-07,28,N,geen,3254
2026-10-07,54,J,geen,18330
2026-10-07,64,N,FAIL,206
2026-10-07,96,J,FAIL,12
2026-10-07,46,N,FAIL,64
2026-10-07,94,J,geen,7056
2026-10-07,70,N,geen,3507
2026-10-07,35,N,geen,8729
2026-10-07,13,N,FAIL,222
2026-10-07,98,J,geen,1506
2026-10-07,61,N,FAIL,207
2026-10-07,70,J,FAIL,7
2026-10-07,66,J,geen,14344
2026-10-07,58,J,FAIL,9
2026-10-07,81,N,geen,2314
2026-10-07,59,J,FAIL,7
2026-10-07,18,J,geen,11047
2026-10-07,97,J,FAIL,41
2026-10-07,15,N,geen,3946
2026-10-07,89,J,FAIL,17
2026-10-07,90,J,FAIL,1
2026-10-07,40,J,FAIL,9
2026-10-07,49,N,FAIL,59
2026-10-07,77,J,geen,6688
2026-10-07,77,J,FAIL,24
2026-10-07,86,J,geen,2946
2026-10-07,73,N,geen,5026
