peildatum,sbi2,actief,insolventie,aantal
2026-09-28,79,N,geen,1225
2026-09-28,50,N,geen,1504
2026-09-28,91,J,geen,1059
2026-09-28,08,N,FAIL,1
2026-09-28,22,N,FAIL,33
2026-09-28,79,J,geen,1673
2026-09-28,38,N,geen,591
2026-09-28,77,N,geen,4829
2026-09-28,47,J,geen,42761
2026-09-28,32,J,geen,2236
2026-09-28,69,N,geen,8695
2026-09-28,84,J,geen,163
2026-09-28,01,J,SURS,1
2026-09-28,25,N,geen,1715
2026-09-28,68,J,FAIL,112
2026-09-28,23,N,geen,451
2026-09-28,00,J,geen,10
2026-09-28,14,J,FAIL,2
2026-09-28,46,N,geen,35961
2026-09-28,38,N,FAIL,22
2026-09-28,47,N,FAIL,599
2026-09-28,33,J,geen,4759
2026-09-28,02,J,geen,175
2026-09-28,61,J,geen,842
2026-09-28,61,N,FAIL,21
2026-09-28,66,J,FAIL,21
2026-09-28,56,N,geen,6946
2026-09-28,24,N,geen,131
2026-09-28,36,J,geen,56
2026-09-28,66,N,geen,15862
2026-09-28,58,N,geen,1534
2026-09-28,74,J,SURS,1
2026-09-28,96,N,FAIL,56
2026-09-28,49,N,FAIL,269
2026-09-28,14,J,geen,409
2026-09-28,68,N,geen,18816
2026-09-28,75,N,geen,389
2026-09-28,37,J,geen,129
2026-09-28,11,N,FAIL,6
2026-09-28,75,J,geen,815
2026-09-28,22,J,geen,1384
2026-09-28,94,N,geen,460
2026-09-28,72,J,geen,3959
2026-09-28,21,N,geen,202
2026-09-28,74,N,FAIL,84
2026-09-28,65,N,geen,438
2026-09-28,21,J,geen,407
2026-09-28,18,J,FAIL,6
2026-09-28,96,J,FAIL,12
2026-09-28,46,J,FAIL,202
2026-09-28,18,N,geen,971
2026-09-28,28,J,geen,3419
2026-09-28,23,J,geen,1085
2026-09-28,52,J,FAIL,37
2026-09-28,55,N,FAIL,56
2026-09-28,85,J,SURS,1
2026-09-28,55,J,FAIL,18
2026-09-28,62,J,FAIL,50
2026-09-28,64,N,geen,179559
2026-09-28,30,J,geen,1266
2026-09-28,64,J,SURS,1
2026-09-28,63,N,FAIL,41
2026-09-28,28,N,geen,1205
2026-09-28,78,N,FAIL,289
2026-09-28,71,J,FAIL,39
2026-09-28,49,J,geen,9230
2026-09-28,03,J,geen,589
2026-09-28,32,J,FAIL,8
2026-09-28,53,J,geen,1105
2026-09-28,25,J,geen,6199
2026-09-28,86,N,FAIL,109
2026-09-28,70,J,SURS,1
2026-09-28,95,J,geen,4982
2026-09-28,53,N,geen,520
2026-09-28,59,J,FAIL,4
2026-09-28,17,N,FAIL,14
2026-09-28,26,N,FAIL,32
2026-09-28,18,J,geen,1149
2026-09-28,96,N,geen,1668
2026-09-28,94,J,FAIL,2
2026-09-28,onbekend,J,FAIL,6481
2026-09-28,62,N,FAIL,257
2026-09-28,87,J,geen,1063
2026-09-28,78,J,FAIL,61
2026-09-28,96,J,geen,3679
2026-09-28,10,J,FAIL,24
2026-09-28,85,J,geen,9847
2026-09-28,98,N,geen,3
2026-09-28,64,N,FAIL,1417
2026-09-28,07,J,geen,3
2026-09-28,93,N,FAIL,82
2026-09-28,95,N,FAIL,17
2026-09-28,73,J,FAIL,14
2026-09-28,01,J,FAIL,11
2026-09-28,79,J,FAIL,12
2026-09-28,82,J,geen,5555
2026-09-28,14,N,FAIL,30
2026-09-28,63,N,geen,3087
2026-09-28,30,J,FAIL,4
2026-09-28,13,J,geen,628
2026-09-28,68,N,FAIL,284
2026-09-28,77,J,FAIL,24
2026-09-28,39,N,FAIL,17
2026-09-28,06,N,geen,76
2026-09-28,88,N,FAIL,105
2026-09-28,80,N,geen,861
2026-09-28,78,N,geen,9293
2026-09-28,56,N,FAIL,288
2026-09-28,38,J,FAIL,4
2026-09-28,29,N,FAIL,20
2026-09-28,78,J,geen,16310
2026-09-28,29,J,geen,672
2026-09-28,70,N,FAIL,525
2026-09-28,00,N,geen,76
2026-09-28,71,J,geen,22726
2026-09-28,26,J,geen,1494
2026-09-28,86,J,geen,26646
2026-09-28,79,N,FAIL,27
2026-09-28,35,N,FAIL,22
2026-09-28,60,N,FAIL,8
2026-09-28,81,N,FAIL,96
2026-09-28,91,J,FAIL,1
2026-09-28,41,N,FAIL,434
2026-09-28,71,N,geen,9160
2026-09-28,17,J,geen,334
2026-09-28,56,J,FAIL,87
2026-09-28,53,J,FAIL,8
2026-09-28,35,J,FAIL,6
2026-09-28,onbekend,N,geen,88963
2026-09-28,25,N,FAIL,170
2026-09-28,93,J,geen,7924
2026-09-28,72,J,FAIL,10
2026-09-28,70,N,geen,55308
2026-09-28,46,J,SURS,3
2026-09-28,22,N,geen,478
2026-09-28,61,N,geen,779
2026-09-28,33,N,geen,1207
2026-09-28,71,N,FAIL,245
2026-09-28,77,N,FAIL,95
2026-09-28,00,N,FAIL,38
2026-09-28,13,J,FAIL,4
2026-09-28,82,N,geen,2634
2026-09-28,39,J,FAIL,1
2026-09-28,13,N,geen,253
2026-09-28,90,N,FAIL,35
2026-09-28,47,J,FAIL,105
2026-09-28,72,N,FAIL,47
2026-09-28,74,N,geen,5106
2026-09-28,31,J,geen,1915
2026-09-28,09,J,geen,423
2026-09-28,32,N,FAIL,44
2026-09-28,43,N,FAIL,522
2026-09-28,73,N,geen,5767
2026-09-28,51,N,geen,146
2026-09-28,51,J,FAIL,2
2026-09-28,09,N,geen,229
2026-09-28,84,J,FAIL,2
2026-09-28,29,N,geen,216
2026-09-28,41,N,geen,10508
2026-09-28,53,N,FAIL,35
2026-09-28,87,N,FAIL,21
2026-09-28,59,J,geen,3813
2026-09-28,66,J,geen,20750
2026-09-28,95,N,geen,461
2026-09-28,16,N,FAIL,34
2026-09-28,11,J,FAIL,1
2026-09-28,58,N,FAIL,43
2026-09-28,88,N,geen,2757
2026-09-28,35,J,geen,3645
2026-09-28,74,J,FAIL,19
2026-09-28,17,N,geen,159
2026-09-28,11,N,geen,185
2026-09-28,onbekend,J,geen,11410
2026-09-28,52,N,geen,2927
2026-09-28,36,N,geen,29
2026-09-28,65,N,FAIL,2
2026-09-28,73,N,FAIL,154
2026-09-28,17,J,FAIL,3
2026-09-28,01,N,geen,3936
2026-09-28,87,J,FAIL,13
2026-09-28,20,J,SURS,1
2026-09-28,onbekend,N,FAIL,59686
2026-09-28,37,N,geen,47
2026-09-28,41,J,geen,15306
2026-09-28,94,N,FAIL,8
2026-09-28,20,N,FAIL,12
2026-09-28,31,J,FAIL,7
2026-09-28,01,J,geen,13658
2026-09-28,16,J,geen,1444
2026-09-28,62,J,geen,42060
2026-09-28,84,N,geen,28
2026-09-28,60,J,geen,398
2026-09-28,12,J,geen,14
2026-09-28,49,J,FAIL,51
2026-09-28,65,J,FAIL,1
2026-09-28,12,N,geen,12
2026-09-28,69,N,FAIL,79
2026-09-28,43,N,geen,6597
2026-09-28,06,J,geen,178
2026-09-28,30,N,geen,563
2026-09-28,42,J,FAIL,11
2026-09-28,70,J,FAIL,112
2026-09-28,01,N,FAIL,101
2026-09-28,90,N,geen,2090
2026-09-28,32,N,geen,1092
2026-09-28,55,J,geen,4915
2026-09-28,85,J,FAIL,13
2026-09-28,91,N,geen,532
2026-09-28,69,J,FAIL,11
2026-09-28,60,N,geen,64
2026-09-28,47,N,geen,16958
2026-09-28,39,J,geen,400
2026-09-28,33,J,FAIL,19
2026-09-28,58,J,FAIL,6
2026-09-28,03,N,geen,212
2026-09-28,56,J,geen,18914
2026-09-28,29,J,FAIL,4
2026-09-28,35,N,geen,1456
2026-09-28,90,J,FAIL,1
2026-09-28,20,J,FAIL,5
2026-09-28,50,N,FAIL,23
2026-09-28,81,N,geen,2302
2026-09-28,80,J,geen,2351
2026-09-28,86,N,geen,7017
2026-09-28,99,J,geen,7
2026-09-28,10,J,geen,3505
2026-09-28,15,N,FAIL,4
2026-09-28,42,N,FAIL,63
2026-09-28,30,N,FAIL,21
2026-09-28,10,N,geen,1259
2026-09-28,73,J,geen,9894
2026-09-28,63,J,geen,3944
2026-09-28,92,N,geen,225
2026-09-28,13,N,FAIL,16
2026-09-28,25,J,FAIL,35
2026-09-28,22,J,FAIL,4
2026-09-28,66,N,FAIL,187
2026-09-28,52,J,geen,8361
2026-09-28,91,N,FAIL,9
2026-09-28,51,N,FAIL,2
2026-09-28,81,J,geen,6580
2026-09-28,43,J,FAIL,87
2026-09-28,93,N,geen,2805
2026-09-28,69,J,geen,27405
2026-09-28,72,N,geen,1902
2026-09-28,14,N,geen,314
2026-09-28,24,J,geen,303
2026-09-28,28,N,FAIL,95
2026-09-28,46,J,geen,65746
2026-09-28,50,J,FAIL,4
2026-09-28,31,N,geen,695
2026-09-28,77,J,geen,10327
2026-09-28,38,J,geen,1217
2026-09-28,36,N,FAIL,1
2026-09-28,68,J,geen,68239
2026-09-28,59,N,geen,1959
2026-09-28,39,N,geen,202
2026-09-28,08,J,geen,198
2026-09-28,15,N,geen,104
2026-09-28,80,N,FAIL,30
2026-09-28,27,J,FAIL,7
2026-09-28,08,N,geen,114
2026-09-28,88,J,geen,5649
2026-09-28,63,J,FAIL,5
2026-09-28,24,N,FAIL,14
2026-09-28,49,N,geen,3741
2026-09-28,41,J,FAIL,56
2026-09-28,37,N,FAIL,2
2026-09-28,50,J,geen,3544
2026-09-28,42,J,geen,3344
2026-09-28,59,N,FAIL,44
2026-09-28,58,J,geen,2596
2026-09-28,31,N,FAIL,63
2026-09-28,27,N,FAIL,25
2026-09-28,81,J,FAIL,24
2026-09-28,45,N,FAIL,192
2026-09-28,51,J,geen,223
2026-09-28,27,J,geen,961
2026-09-28,85,N,geen,4817
2026-09-28,65,J,geen,565
2026-09-28,21,N,FAIL,2
2026-09-28,28,J,FAIL,16
2026-09-28,19,N,geen,50
2026-09-28,70,J,geen,219308
2026-09-28,92,N,FAIL,1
2026-09-28,94,J,geen,738
2026-09-28,52,N,FAIL,83
2026-09-28,92,J,geen,141
2026-09-28,75,N,FAIL,1
2026-09-28,64,J,geen,455264
2026-09-28,55,N,geen,1354
2026-09-28,18,N,FAIL,118
2026-09-28,20,N,geen,541
2026-09-28,21,J,FAIL,3
2026-09-28,02,N,FAIL,1
2026-09-28,20,J,geen,1407
2026-09-28,24,J,FAIL,4
2026-09-28,46,N,FAIL,1019
2026-09-28,28,J,SURS,1
2026-09-28,62,N,geen,18518
2026-09-28,97,N,geen,2
2026-09-28,45,N,geen,5377
2026-09-28,19,J,geen,85
2026-09-28,97,J,geen,2
2026-09-28,61,J,FAIL,1
2026-09-28,11,J,geen,545
2026-09-28,74,J,geen,10182
2026-09-28,43,J,geen,24187
2026-09-28,99,N,geen,10
2026-09-28,85,N,FAIL,88
2026-09-28,27,N,geen,391
2026-09-28,87,N,geen,405
2026-09-28,03,N,FAIL,3
2026-09-28,42,N,geen,1285
2026-09-28,90,J,geen,4556
2026-09-28,02,J,FAIL,1
2026-09-28,33,N,FAIL,52
2026-09-28,86,J,FAIL,55
2026-09-28,93,J,FAIL,12
2026-09-28,02,N,geen,43
2026-09-28,95,J,FAIL,13
2026-09-28,16,N,geen,453
2026-09-28,82,J,FAIL,14
2026-09-28,16,J,FAIL,9
2026-09-28,23,N,FAIL,25
2026-09-28,23,J,FAIL,5
2026-09-28,26,N,geen,678
2026-09-28,26,J,FAIL,9
2026-09-28,82,N,FAIL,55
2026-09-28,88,J,FAIL,18
2026-09-28,10,N,FAIL,56
2026-09-28,80,J,FAIL,3
2026-09-28,98,J,geen,4
2026-09-28,64,J,FAIL,258
2026-09-28,15,J,geen,145
