datum,sbi2,rechtsvorm,aantal,opgehaald_op
20260730,81,BV,3,2026-09-28T13:36:34Z
20260730,78,BV,5,2026-09-28T13:36:34Z
20260730,61,BV,1,2026-09-28T13:36:34Z
20260730,85,BV,3,2026-09-28T13:36:34Z
20260730,63,BV,3,2026-09-28T13:36:34Z
20260730,55,BV,5,2026-09-28T13:36:34Z
20260730,46,BV,9,2026-09-28T13:36:34Z
20260730,70,BV,86,2026-09-28T13:36:34Z
20260730,69,BV,11,2026-09-28T13:36:34Z
20260730,86,BV,6,2026-09-28T13:36:34Z
20260730,68,BV,25,2026-09-28T13:36:34Z
20260730,66,BV,3,2026-09-28T13:36:34Z
20260730,79,BV,1,2026-09-28T13:36:34Z
20260730,95,BV,1,2026-09-28T13:36:34Z
20260730,47,BV,13,2026-09-28T13:36:34Z
20260730,49,BV,4,2026-09-28T13:36:34Z
20260730,10,BV,1,2026-09-28T13:36:34Z
20260730,41,BV,4,2026-09-28T13:36:34Z
20260730,52,BV,2,2026-09-28T13:36:34Z
20260730,50,BV,11,2026-09-28T13:36:34Z
20260730,64,BV,74,2026-09-28T13:36:34Z
20260730,80,BV,1,2026-09-28T13:36:34Z
20260730,43,BV,7,2026-09-28T13:36:34Z
20260730,93,BV,2,2026-09-28T13:36:34Z
20260730,58,BV,4,2026-09-28T13:36:34Z
20260730,71,BV,2,2026-09-28T13:36:34Z
20260730,62,BV,13,2026-09-28T13:36:34Z
20260730,56,BV,9,2026-09-28T13:36:34Z
20260730,42,BV,3,2026-09-28T13:36:34Z
20260730,01,BV,7,2026-09-28T13:36:34Z
20260730,77,BV,2,2026-09-28T13:36:34Z
20260730,73,BV,1,2026-09-28T13:36:34Z
20260731,31,BV,1,2026-09-28T13:36:34Z
20260731,86,BV,9,2026-09-28T13:36:34Z
20260731,62,BV,15,2026-09-28T13:36:34Z
20260731,58,BV,1,2026-09-28T13:36:34Z
20260731,64,BV,53,2026-09-28T13:36:34Z
20260731,17,BV,1,2026-09-28T13:36:34Z
20260731,43,BV,9,2026-09-28T13:36:34Z
20260731,73,BV,1,2026-09-28T13:36:34Z
20260731,78,BV,4,2026-09-28T13:36:34Z
20260731,29,BV,1,2026-09-28T13:36:34Z
20260731,63,BV,1,2026-09-28T13:36:34Z
20260731,87,BV,1,2026-09-28T13:36:34Z
20260731,85,BV,3,2026-09-28T13:36:34Z
20260731,50,BV,1,2026-09-28T13:36:34Z
20260731,46,BV,5,2026-09-28T13:36:34Z
20260731,79,BV,2,2026-09-28T13:36:34Z
20260731,11,BV,1,2026-09-28T13:36:34Z
20260731,25,BV,1,2026-09-28T13:36:34Z
20260731,93,BV,3,2026-09-28T13:36:34Z
20260731,68,BV,13,2026-09-28T13:36:34Z
20260731,38,BV,1,2026-09-28T13:36:34Z
20260731,49,BV,2,2026-09-28T13:36:34Z
20260731,27,BV,2,2026-09-28T13:36:34Z
20260731,70,BV,74,2026-09-28T13:36:34Z
20260731,41,BV,1,2026-09-28T13:36:34Z
20260731,65,BV,1,2026-09-28T13:36:34Z
20260731,47,BV,11,2026-09-28T13:36:34Z
20260731,74,BV,2,2026-09-28T13:36:34Z
20260731,71,BV,4,2026-09-28T13:36:34Z
20260731,88,BV,4,2026-09-28T13:36:34Z
20260731,42,BV,1,2026-09-28T13:36:34Z
20260801,74,BV,1,2026-09-28T13:36:34Z
20260801,82,BV,1,2026-09-28T13:36:34Z
20260801,64,BV,5,2026-09-28T13:36:34Z
20260801,68,BV,1,2026-09-28T13:36:34Z
20260803,58,BV,3,2026-09-28T13:36:34Z
20260803,71,BV,7,2026-09-28T13:36:34Z
20260803,43,BV,6,2026-09-28T13:36:34Z
20260803,69,BV,8,2026-09-28T13:36:34Z
20260803,64,BV,48,2026-09-28T13:36:34Z
20260803,66,BV,3,2026-09-28T13:36:34Z
20260803,28,BV,1,2026-09-28T13:36:34Z
20260803,60,BV,2,2026-09-28T13:36:34Z
20260803,33,BV,1,2026-09-28T13:36:34Z
20260803,41,BV,2,2026-09-28T13:36:34Z
20260803,90,BV,1,2026-09-28T13:36:34Z
20260803,70,BV,75,2026-09-28T13:36:34Z
20260803,01,BV,1,2026-09-28T13:36:34Z
20260803,46,BV,8,2026-09-28T13:36:34Z
20260803,49,BV,3,2026-09-28T13:36:34Z
20260803,85,BV,5,2026-09-28T13:36:34Z
20260803,31,BV,1,2026-09-28T13:36:34Z
20260803,73,BV,2,2026-09-28T13:36:34Z
20260803,35,BV,1,2026-09-28T13:36:34Z
20260803,62,BV,13,2026-09-28T13:36:34Z
20260803,63,BV,2,2026-09-28T13:36:34Z
20260803,17,BV,1,2026-09-28T13:36:34Z
20260803,23,BV,1,2026-09-28T13:36:34Z
20260803,68,BV,18,2026-09-28T13:36:34Z
20260803,74,BV,6,2026-09-28T13:36:34Z
20260803,88,BV,3,2026-09-28T13:36:34Z
20260803,86,BV,6,2026-09-28T13:36:34Z
20260803,10,BV,1,2026-09-28T13:36:34Z
20260803,52,BV,2,2026-09-28T13:36:34Z
20260803,78,BV,5,2026-09-28T13:36:34Z
20260803,18,BV,1,2026-09-28T13:36:34Z
20260803,56,BV,3,2026-09-28T13:36:34Z
20260803,93,BV,1,2026-09-28T13:36:34Z
20260803,20,BV,2,2026-09-28T13:36:34Z
20260803,80,BV,2,2026-09-28T13:36:34Z
20260803,81,BV,4,2026-09-28T13:36:34Z
20260803,72,BV,1,2026-09-28T13:36:34Z
20260803,47,BV,13,2026-09-28T13:36:34Z
20260804,79,BV,2,2026-09-28T13:36:34Z
20260804,25,BV,2,2026-09-28T13:36:34Z
20260804,10,BV,1,2026-09-28T13:36:34Z
20260804,32,BV,1,2026-09-28T13:36:34Z
20260804,85,BV,4,2026-09-28T13:36:34Z
20260804,49,BV,1,2026-09-28T13:36:34Z
20260804,66,BV,3,2026-09-28T13:36:34Z
20260804,93,BV,1,2026-09-28T13:36:34Z
20260804,71,BV,2,2026-09-28T13:36:34Z
20260804,53,BV,1,2026-09-28T13:36:34Z
20260804,59,BV,1,2026-09-28T13:36:34Z
20260804,80,BV,1,2026-09-28T13:36:34Z
20260804,58,BV,3,2026-09-28T13:36:34Z
20260804,73,BV,1,2026-09-28T13:36:34Z
20260804,74,BV,1,2026-09-28T13:36:34Z
20260804,90,BV,1,2026-09-28T13:36:34Z
20260804,88,BV,1,2026-09-28T13:36:34Z
20260804,95,BV,2,2026-09-28T13:36:34Z
20260804,69,BV,12,2026-09-28T13:36:34Z
20260804,64,BV,56,2026-09-28T13:36:34Z
20260804,81,BV,2,2026-09-28T13:36:34Z
20260804,70,BV,60,2026-09-28T13:36:34Z
20260804,82,BV,1,2026-09-28T13:36:34Z
20260804,33,BV,1,2026-09-28T13:36:34Z
20260804,20,BV,1,2026-09-28T13:36:34Z
20260804,01,BV,1,2026-09-28T13:36:34Z
20260804,43,BV,2,2026-09-28T13:36:34Z
20260804,47,BV,12,2026-09-28T13:36:34Z
20260804,86,BV,8,2026-09-28T13:36:34Z
20260804,52,BV,3,2026-09-28T13:36:34Z
20260804,72,BV,1,2026-09-28T13:36:34Z
20260804,46,BV,9,2026-09-28T13:36:34Z
20260804,78,BV,2,2026-09-28T13:36:34Z
20260804,63,BV,1,2026-09-28T13:36:34Z
20260804,56,BV,1,2026-09-28T13:36:34Z
20260804,68,BV,20,2026-09-28T13:36:34Z
20260804,41,BV,2,2026-09-28T13:36:34Z
20260804,42,BV,2,2026-09-28T13:36:34Z
20260804,62,BV,17,2026-09-28T13:36:34Z
20260805,68,BV,16,2026-09-28T13:36:34Z
20260805,41,BV,4,2026-09-28T13:36:34Z
20260805,46,BV,11,2026-09-28T13:36:34Z
20260805,88,BV,2,2026-09-28T13:36:34Z
20260805,64,BV,49,2026-09-28T13:36:34Z
20260805,62,BV,20,2026-09-28T13:36:34Z
20260805,93,BV,2,2026-09-28T13:36:34Z
20260805,47,BV,8,2026-09-28T13:36:34Z
20260805,38,BV,1,2026-09-28T13:36:34Z
20260805,82,BV,2,2026-09-28T13:36:34Z
20260805,96,BV,1,2026-09-28T13:36:34Z
20260805,86,BV,9,2026-09-28T13:36:34Z
20260805,81,BV,1,2026-09-28T13:36:34Z
20260805,31,BV,1,2026-09-28T13:36:34Z
20260805,72,BV,1,2026-09-28T13:36:34Z
20260805,85,BV,3,2026-09-28T13:36:34Z
20260805,52,BV,2,2026-09-28T13:36:34Z
20260805,56,BV,7,2026-09-28T13:36:34Z
20260805,71,BV,8,2026-09-28T13:36:34Z
20260805,49,BV,2,2026-09-28T13:36:34Z
20260805,95,BV,1,2026-09-28T13:36:34Z
20260805,78,BV,4,2026-09-28T13:36:34Z
20260805,80,BV,1,2026-09-28T13:36:34Z
20260805,43,BV,4,2026-09-28T13:36:34Z
20260805,90,BV,1,2026-09-28T13:36:34Z
20260805,74,BV,3,2026-09-28T13:36:34Z
20260805,63,BV,1,2026-09-28T13:36:34Z
20260805,73,BV,3,2026-09-28T13:36:34Z
20260805,69,BV,5,2026-09-28T13:36:34Z
20260805,75,BV,1,2026-09-28T13:36:34Z
20260805,16,BV,1,2026-09-28T13:36:34Z
20260805,58,BV,2,2026-09-28T13:36:34Z
20260805,70,BV,49,2026-09-28T13:36:34Z
20260805,01,BV,1,2026-09-28T13:36:34Z
20260806,53,BV,1,2026-09-28T13:36:34Z
20260806,74,BV,3,2026-09-28T13:36:34Z
20260806,96,BV,1,2026-09-28T13:36:34Z
20260806,86,BV,6,2026-09-28T13:36:34Z
20260806,71,BV,6,2026-09-28T13:36:34Z
20260806,59,BV,1,2026-09-28T13:36:34Z
20260806,47,BV,9,2026-09-28T13:36:34Z
20260806,63,BV,1,2026-09-28T13:36:34Z
20260806,90,BV,1,2026-09-28T13:36:34Z
20260806,66,BV,3,2026-09-28T13:36:34Z
20260806,56,BV,4,2026-09-28T13:36:34Z
20260806,35,BV,1,2026-09-28T13:36:34Z
20260806,33,BV,2,2026-09-28T13:36:34Z
20260806,41,BV,3,2026-09-28T13:36:34Z
20260806,93,BV,2,2026-09-28T13:36:34Z
20260806,64,BV,50,2026-09-28T13:36:34Z
20260806,43,BV,9,2026-09-28T13:36:34Z
20260806,25,BV,2,2026-09-28T13:36:34Z
20260806,60,BV,1,2026-09-28T13:36:34Z
20260806,77,BV,1,2026-09-28T13:36:34Z
20260806,55,BV,2,2026-09-28T13:36:34Z
20260806,01,BV,3,2026-09-28T13:36:34Z
20260806,68,BV,14,2026-09-28T13:36:34Z
20260806,11,BV,1,2026-09-28T13:36:34Z
20260806,62,BV,20,2026-09-28T13:36:34Z
20260806,70,BV,75,2026-09-28T13:36:34Z
20260806,81,BV,2,2026-09-28T13:36:34Z
20260806,46,BV,14,2026-09-28T13:36:34Z
20260806,69,BV,3,2026-09-28T13:36:34Z
20260806,58,BV,4,2026-09-28T13:36:34Z
20260806,88,BV,1,2026-09-28T13:36:34Z
20260806,73,BV,2,2026-09-28T13:36:34Z
20260806,38,BV,1,2026-09-28T13:36:34Z
20260806,82,BV,2,2026-09-28T13:36:34Z
20260806,79,BV,1,2026-09-28T13:36:34Z
20260806,49,BV,1,2026-09-28T13:36:34Z
20260806,85,BV,3,2026-09-28T13:36:34Z
20260807,79,BV,1,2026-09-28T13:36:34Z
20260807,71,BV,6,2026-09-28T13:36:34Z
20260807,64,BV,43,2026-09-28T13:36:34Z
20260807,56,BV,3,2026-09-28T13:36:34Z
20260807,69,BV,5,2026-09-28T13:36:34Z
20260807,75,BV,1,2026-09-28T13:36:34Z
20260807,62,BV,18,2026-09-28T13:36:34Z
20260807,10,BV,1,2026-09-28T13:36:34Z
20260807,20,BV,1,2026-09-28T13:36:34Z
20260807,74,BV,5,2026-09-28T13:36:34Z
20260807,77,BV,5,2026-09-28T13:36:34Z
20260807,43,BV,3,2026-09-28T13:36:34Z
20260807,25,BV,1,2026-09-28T13:36:34Z
20260807,85,BV,1,2026-09-28T13:36:34Z
20260807,70,BV,91,2026-09-28T13:36:34Z
20260807,78,BV,3,2026-09-28T13:36:34Z
20260807,73,BV,1,2026-09-28T13:36:34Z
20260807,66,BV,1,2026-09-28T13:36:34Z
20260807,41,BV,1,2026-09-28T13:36:34Z
20260807,80,BV,2,2026-09-28T13:36:34Z
20260807,63,BV,1,2026-09-28T13:36:34Z
20260807,49,BV,1,2026-09-28T13:36:34Z
20260807,86,BV,6,2026-09-28T13:36:34Z
20260807,93,BV,3,2026-09-28T13:36:34Z
20260807,01,BV,2,2026-09-28T13:36:34Z
20260807,59,BV,1,2026-09-28T13:36:34Z
20260807,88,BV,2,2026-09-28T13:36:34Z
20260807,58,BV,3,2026-09-28T13:36:34Z
20260807,47,BV,10,2026-09-28T13:36:34Z
20260807,46,BV,7,2026-09-28T13:36:34Z
20260807,33,BV,1,2026-09-28T13:36:34Z
20260807,68,BV,11,2026-09-28T13:36:34Z
20260808,70,BV,2,2026-09-28T13:36:34Z
20260808,64,BV,5,2026-09-28T13:36:34Z
20260808,81,BV,1,2026-09-28T13:36:34Z
20260810,29,BV,1,2026-09-28T13:36:34Z
20260810,78,BV,2,2026-09-28T13:36:34Z
20260810,53,BV,1,2026-09-28T13:36:34Z
20260810,38,BV,1,2026-09-28T13:36:34Z
20260810,88,BV,4,2026-09-28T13:36:34Z
20260810,74,BV,3,2026-09-28T13:36:34Z
20260810,96,BV,1,2026-09-28T13:36:34Z
20260810,71,BV,2,2026-09-28T13:36:34Z
20260810,43,BV,3,2026-09-28T13:36:34Z
20260810,62,BV,19,2026-09-28T13:36:34Z
20260810,46,BV,4,2026-09-28T13:36:34Z
20260810,58,BV,4,2026-09-28T13:36:34Z
20260810,59,BV,1,2026-09-28T13:36:34Z
20260810,47,BV,10,2026-09-28T13:36:34Z
20260810,52,BV,1,2026-09-28T13:36:34Z
20260810,93,BV,4,2026-09-28T13:36:34Z
20260810,55,BV,2,2026-09-28T13:36:34Z
20260810,49,BV,3,2026-09-28T13:36:34Z
20260810,42,BV,2,2026-09-28T13:36:34Z
20260810,10,BV,1,2026-09-28T13:36:34Z
20260810,63,BV,1,2026-09-28T13:36:34Z
20260810,41,BV,4,2026-09-28T13:36:34Z
20260810,69,BV,2,2026-09-28T13:36:34Z
20260810,86,BV,9,2026-09-28T13:36:34Z
20260810,72,BV,1,2026-09-28T13:36:34Z
20260810,82,BV,3,2026-09-28T13:36:34Z
20260810,56,BV,6,2026-09-28T13:36:34Z
20260810,20,BV,1,2026-09-28T13:36:34Z
20260810,64,BV,42,2026-09-28T13:36:34Z
20260810,68,BV,12,2026-09-28T13:36:34Z
20260810,22,BV,1,2026-09-28T13:36:34Z
20260810,32,BV,1,2026-09-28T13:36:34Z
20260810,70,BV,56,2026-09-28T13:36:34Z
20260810,28,BV,1,2026-09-28T13:36:34Z
20260810,85,BV,1,2026-09-28T13:36:34Z
20260811,10,BV,1,2026-09-28T13:36:34Z
20260811,01,BV,1,2026-09-28T13:36:34Z
20260811,62,BV,18,2026-09-28T13:36:34Z
20260811,58,BV,3,2026-09-28T13:36:34Z
20260811,73,BV,1,2026-09-28T13:36:34Z
20260811,86,BV,7,2026-09-28T13:36:34Z
20260811,71,BV,9,2026-09-28T13:36:34Z
20260811,56,BV,4,2026-09-28T13:36:34Z
20260811,68,BV,21,2026-09-28T13:36:34Z
20260811,43,BV,7,2026-09-28T13:36:34Z
20260811,93,BV,3,2026-09-28T13:36:34Z
20260811,78,BV,2,2026-09-28T13:36:34Z
20260811,77,BV,6,2026-09-28T13:36:34Z
20260811,33,BV,3,2026-09-28T13:36:34Z
20260811,66,BV,3,2026-09-28T13:36:34Z
20260811,96,BV,2,2026-09-28T13:36:34Z
20260811,85,BV,3,2026-09-28T13:36:34Z
20260811,74,BV,4,2026-09-28T13:36:34Z
20260811,69,BV,6,2026-09-28T13:36:34Z
20260811,41,BV,2,2026-09-28T13:36:34Z
20260811,64,BV,47,2026-09-28T13:36:34Z
20260811,49,BV,2,2026-09-28T13:36:34Z
20260811,20,BV,1,2026-09-28T13:36:34Z
20260811,47,BV,7,2026-09-28T13:36:34Z
20260811,88,BV,1,2026-09-28T13:36:34Z
20260811,63,BV,1,2026-09-28T13:36:34Z
20260811,60,BV,1,2026-09-28T13:36:34Z
20260811,70,BV,70,2026-09-28T13:36:34Z
20260811,80,BV,1,2026-09-28T13:36:34Z
20260811,81,BV,3,2026-09-28T13:36:34Z
20260811,46,BV,10,2026-09-28T13:36:34Z
20260811,79,BV,1,2026-09-28T13:36:34Z
20260812,25,BV,1,2026-09-28T13:36:34Z
20260812,87,BV,1,2026-09-28T13:36:34Z
20260812,27,BV,1,2026-09-28T13:36:34Z
20260812,52,BV,1,2026-09-28T13:36:34Z
20260812,47,BV,11,2026-09-28T13:36:34Z
20260812,74,BV,4,2026-09-28T13:36:34Z
20260812,66,BV,3,2026-09-28T13:36:34Z
20260812,96,BV,1,2026-09-28T13:36:34Z
20260812,82,BV,2,2026-09-28T13:36:34Z
20260812,71,BV,2,2026-09-28T13:36:34Z
20260812,78,BV,7,2026-09-28T13:36:34Z
20260812,93,BV,3,2026-09-28T13:36:34Z
20260812,53,BV,2,2026-09-28T13:36:34Z
20260812,68,BV,16,2026-09-28T13:36:34Z
20260812,72,BV,2,2026-09-28T13:36:34Z
20260812,64,BV,47,2026-09-28T13:36:34Z
20260812,33,BV,2,2026-09-28T13:36:34Z
20260812,01,BV,4,2026-09-28T13:36:34Z
20260812,22,BV,1,2026-09-28T13:36:34Z
20260812,56,BV,6,2026-09-28T13:36:34Z
20260812,43,BV,3,2026-09-28T13:36:34Z
20260812,41,BV,3,2026-09-28T13:36:34Z
20260812,73,BV,3,2026-09-28T13:36:34Z
20260812,49,BV,1,2026-09-28T13:36:34Z
20260812,70,BV,75,2026-09-28T13:36:34Z
20260812,58,BV,1,2026-09-28T13:36:34Z
20260812,62,BV,10,2026-09-28T13:36:34Z
20260812,63,BV,4,2026-09-28T13:36:34Z
20260812,60,BV,1,2026-09-28T13:36:34Z
20260812,86,BV,5,2026-09-28T13:36:34Z
20260812,81,BV,7,2026-09-28T13:36:34Z
20260812,46,BV,2,2026-09-28T13:36:34Z
20260812,85,BV,5,2026-09-28T13:36:34Z
20260812,69,BV,5,2026-09-28T13:36:34Z
20260812,88,BV,1,2026-09-28T13:36:34Z
20260813,53,BV,1,2026-09-28T13:36:34Z
20260813,26,BV,1,2026-09-28T13:36:34Z
20260813,25,BV,2,2026-09-28T13:36:34Z
20260813,70,BV,68,2026-09-28T13:36:34Z
20260813,77,BV,2,2026-09-28T13:36:34Z
20260813,85,BV,2,2026-09-28T13:36:34Z
20260813,11,BV,1,2026-09-28T13:36:34Z
20260813,46,BV,7,2026-09-28T13:36:34Z
20260813,86,BV,4,2026-09-28T13:36:34Z
20260813,35,BV,1,2026-09-28T13:36:34Z
20260813,74,BV,4,2026-09-28T13:36:34Z
20260813,58,BV,4,2026-09-28T13:36:34Z
20260813,93,BV,1,2026-09-28T13:36:34Z
20260813,56,BV,13,2026-09-28T13:36:34Z
20260813,41,BV,1,2026-09-28T13:36:34Z
20260813,90,BV,1,2026-09-28T13:36:34Z
20260813,95,BV,1,2026-09-28T13:36:34Z
20260813,68,BV,15,2026-09-28T13:36:34Z
20260813,73,BV,2,2026-09-28T13:36:34Z
20260813,50,BV,1,2026-09-28T13:36:34Z
20260813,49,BV,4,2026-09-28T13:36:34Z
20260813,82,BV,1,2026-09-28T13:36:34Z
20260813,63,BV,3,2026-09-28T13:36:34Z
20260813,33,BV,2,2026-09-28T13:36:34Z
20260813,47,BV,9,2026-09-28T13:36:34Z
20260813,52,BV,2,2026-09-28T13:36:34Z
20260813,43,BV,6,2026-09-28T13:36:34Z
20260813,78,BV,4,2026-09-28T13:36:34Z
20260813,71,BV,4,2026-09-28T13:36:34Z
20260813,79,BV,1,2026-09-28T13:36:34Z
20260813,64,BV,61,2026-09-28T13:36:34Z
20260813,96,BV,2,2026-09-28T13:36:34Z
20260813,62,BV,17,2026-09-28T13:36:34Z
20260813,69,BV,2,2026-09-28T13:36:34Z
20260813,28,BV,1,2026-09-28T13:36:34Z
20260813,55,BV,3,2026-09-28T13:36:34Z
20260813,20,BV,1,2026-09-28T13:36:34Z
20260813,88,BV,1,2026-09-28T13:36:34Z
20260814,73,BV,2,2026-09-28T13:36:34Z
20260814,47,BV,9,2026-09-28T13:36:34Z
20260814,49,BV,2,2026-09-28T13:36:34Z
20260814,59,BV,1,2026-09-28T13:36:34Z
20260814,86,BV,3,2026-09-28T13:36:34Z
20260814,78,BV,1,2026-09-28T13:36:34Z
20260814,52,BV,4,2026-09-28T13:36:34Z
20260814,64,BV,57,2026-09-28T13:36:34Z
20260814,93,BV,1,2026-09-28T13:36:34Z
20260814,71,BV,2,2026-09-28T13:36:34Z
20260814,77,BV,3,2026-09-28T13:36:34Z
20260814,56,BV,4,2026-09-28T13:36:34Z
20260814,62,BV,20,2026-09-28T13:36:34Z
20260814,50,BV,2,2026-09-28T13:36:34Z
20260814,69,BV,4,2026-09-28T13:36:34Z
20260814,81,BV,1,2026-09-28T13:36:34Z
20260814,21,BV,1,2026-09-28T13:36:34Z
20260814,10,BV,4,2026-09-28T13:36:34Z
20260814,85,BV,1,2026-09-28T13:36:34Z
20260814,66,BV,4,2026-09-28T13:36:34Z
20260814,74,BV,1,2026-09-28T13:36:34Z
20260814,96,BV,2,2026-09-28T13:36:34Z
20260814,60,BV,2,2026-09-28T13:36:34Z
20260814,72,BV,2,2026-09-28T13:36:34Z
20260814,46,BV,11,2026-09-28T13:36:34Z
20260814,41,BV,4,2026-09-28T13:36:34Z
20260814,58,BV,3,2026-09-28T13:36:34Z
20260814,80,BV,1,2026-09-28T13:36:34Z
20260814,30,BV,1,2026-09-28T13:36:34Z
20260814,68,BV,15,2026-09-28T13:36:34Z
20260814,70,BV,65,2026-09-28T13:36:34Z
20260814,43,BV,7,2026-09-28T13:36:34Z
20260815,68,BV,1,2026-09-28T13:36:34Z
20260815,64,BV,5,2026-09-28T13:36:34Z
20260815,70,BV,2,2026-09-28T13:36:34Z
20260817,55,BV,1,2026-09-28T13:36:34Z
20260817,93,BV,4,2026-09-28T13:36:34Z
20260817,91,BV,1,2026-09-28T13:36:34Z
20260817,73,BV,1,2026-09-28T13:36:34Z
20260817,49,BV,3,2026-09-28T13:36:34Z
20260817,46,BV,15,2026-09-28T13:36:34Z
20260817,71,BV,1,2026-09-28T13:36:34Z
20260817,68,BV,16,2026-09-28T13:36:34Z
20260817,78,BV,1,2026-09-28T13:36:34Z
20260817,64,BV,50,2026-09-28T13:36:34Z
20260817,41,BV,4,2026-09-28T13:36:34Z
20260817,82,BV,2,2026-09-28T13:36:34Z
20260817,47,BV,4,2026-09-28T13:36:34Z
20260817,17,BV,1,2026-09-28T13:36:34Z
20260817,26,BV,1,2026-09-28T13:36:34Z
20260817,70,BV,76,2026-09-28T13:36:34Z
20260817,09,BV,1,2026-09-28T13:36:34Z
20260817,62,BV,16,2026-09-28T13:36:34Z
20260817,63,BV,1,2026-09-28T13:36:34Z
20260817,52,BV,5,2026-09-28T13:36:34Z
20260817,96,BV,1,2026-09-28T13:36:34Z
20260817,66,BV,1,2026-09-28T13:36:34Z
20260817,50,BV,1,2026-09-28T13:36:34Z
20260817,56,BV,9,2026-09-28T13:36:34Z
20260817,69,BV,7,2026-09-28T13:36:34Z
20260817,42,BV,1,2026-09-28T13:36:34Z
20260817,77,BV,3,2026-09-28T13:36:34Z
20260817,88,BV,2,2026-09-28T13:36:34Z
20260817,58,BV,3,2026-09-28T13:36:34Z
20260817,72,BV,2,2026-09-28T13:36:34Z
20260817,80,BV,2,2026-09-28T13:36:34Z
20260817,22,BV,1,2026-09-28T13:36:34Z
20260817,51,BV,1,2026-09-28T13:36:34Z
20260817,25,BV,1,2026-09-28T13:36:34Z
20260817,35,BV,3,2026-09-28T13:36:34Z
20260817,86,BV,3,2026-09-28T13:36:34Z
20260817,23,BV,1,2026-09-28T13:36:34Z
20260817,85,BV,4,2026-09-28T13:36:34Z
20260817,32,BV,1,2026-09-28T13:36:34Z
20260817,10,BV,1,2026-09-28T13:36:34Z
20260817,43,BV,9,2026-09-28T13:36:34Z
20260817,95,BV,2,2026-09-28T13:36:34Z
20260818,77,BV,3,2026-09-28T13:36:34Z
20260818,20,BV,2,2026-09-28T13:36:34Z
20260818,95,BV,1,2026-09-28T13:36:34Z
20260818,82,BV,1,2026-09-28T13:36:34Z
20260818,71,BV,2,2026-09-28T13:36:34Z
20260818,46,BV,12,2026-09-28T13:36:34Z
20260818,66,BV,4,2026-09-28T13:36:34Z
20260818,72,BV,2,2026-09-28T13:36:34Z
20260818,64,BV,52,2026-09-28T13:36:34Z
20260818,01,BV,1,2026-09-28T13:36:34Z
20260818,85,BV,1,2026-09-28T13:36:34Z
20260818,68,BV,20,2026-09-28T13:36:34Z
20260818,78,BV,4,2026-09-28T13:36:34Z
20260818,49,BV,2,2026-09-28T13:36:34Z
20260818,90,BV,3,2026-09-28T13:36:34Z
20260818,43,BV,6,2026-09-28T13:36:34Z
20260818,38,BV,1,2026-09-28T13:36:34Z
20260818,52,BV,3,2026-09-28T13:36:34Z
20260818,88,BV,3,2026-09-28T13:36:34Z
20260818,65,BV,2,2026-09-28T13:36:34Z
20260818,75,BV,1,2026-09-28T13:36:34Z
20260818,73,BV,7,2026-09-28T13:36:34Z
20260818,69,BV,3,2026-09-28T13:36:34Z
20260818,80,BV,1,2026-09-28T13:36:34Z
20260818,59,BV,1,2026-09-28T13:36:34Z
20260818,70,BV,80,2026-09-28T13:36:34Z
20260818,33,BV,2,2026-09-28T13:36:34Z
20260818,86,BV,3,2026-09-28T13:36:34Z
20260818,32,BV,1,2026-09-28T13:36:34Z
20260818,81,BV,1,2026-09-28T13:36:34Z
20260818,58,BV,2,2026-09-28T13:36:34Z
20260818,74,BV,5,2026-09-28T13:36:34Z
20260818,56,BV,14,2026-09-28T13:36:34Z
20260818,62,BV,15,2026-09-28T13:36:34Z
20260818,47,BV,11,2026-09-28T13:36:34Z
20260819,70,BV,77,2026-09-28T13:36:34Z
20260819,69,BV,11,2026-09-28T13:36:34Z
20260819,86,BV,9,2026-09-28T13:36:34Z
20260819,61,BV,1,2026-09-28T13:36:34Z
20260819,20,BV,1,2026-09-28T13:36:34Z
20260819,64,BV,83,2026-09-28T13:36:34Z
20260819,85,BV,1,2026-09-28T13:36:34Z
20260819,90,BV,3,2026-09-28T13:36:34Z
20260819,01,BV,1,2026-09-28T13:36:34Z
20260819,68,BV,25,2026-09-28T13:36:34Z
20260819,80,BV,1,2026-09-28T13:36:34Z
20260819,27,BV,1,2026-09-28T13:36:34Z
20260819,72,BV,1,2026-09-28T13:36:34Z
20260819,52,BV,2,2026-09-28T13:36:34Z
20260819,95,BV,3,2026-09-28T13:36:34Z
20260819,62,BV,17,2026-09-28T13:36:34Z
20260819,66,BV,3,2026-09-28T13:36:34Z
20260819,94,BV,2,2026-09-28T13:36:34Z
20260819,73,BV,1,2026-09-28T13:36:34Z
20260819,43,BV,8,2026-09-28T13:36:34Z
20260819,47,BV,8,2026-09-28T13:36:34Z
20260819,71,BV,2,2026-09-28T13:36:34Z
20260819,53,BV,1,2026-09-28T13:36:34Z
20260819,63,BV,1,2026-09-28T13:36:34Z
20260819,39,BV,1,2026-09-28T13:36:34Z
20260819,82,BV,1,2026-09-28T13:36:34Z
20260819,81,BV,3,2026-09-28T13:36:34Z
20260819,42,BV,1,2026-09-28T13:36:34Z
20260819,74,BV,2,2026-09-28T13:36:34Z
20260819,41,BV,3,2026-09-28T13:36:34Z
20260819,59,BV,1,2026-09-28T13:36:34Z
20260819,77,BV,1,2026-09-28T13:36:34Z
20260819,46,BV,7,2026-09-28T13:36:34Z
20260819,03,BV,1,2026-09-28T13:36:34Z
20260819,56,BV,4,2026-09-28T13:36:34Z
20260819,78,BV,4,2026-09-28T13:36:34Z
20260819,50,BV,1,2026-09-28T13:36:34Z
20260819,88,BV,3,2026-09-28T13:36:34Z
20260819,93,BV,1,2026-09-28T13:36:34Z
20260820,74,BV,5,2026-09-28T13:36:34Z
20260820,72,BV,1,2026-09-28T13:36:34Z
20260820,41,BV,1,2026-09-28T13:36:34Z
20260820,25,BV,3,2026-09-28T13:36:34Z
20260820,52,BV,4,2026-09-28T13:36:34Z
20260820,02,BV,1,2026-09-28T13:36:34Z
20260820,55,BV,1,2026-09-28T13:36:34Z
20260820,56,BV,8,2026-09-28T13:36:34Z
20260820,70,BV,89,2026-09-28T13:36:34Z
20260820,35,BV,3,2026-09-28T13:36:34Z
20260820,90,BV,2,2026-09-28T13:36:34Z
20260820,64,BV,76,2026-09-28T13:36:34Z
20260820,79,BV,2,2026-09-28T13:36:34Z
20260820,80,BV,1,2026-09-28T13:36:34Z
20260820,63,BV,1,2026-09-28T13:36:34Z
20260820,46,BV,11,2026-09-28T13:36:34Z
20260820,60,BV,1,2026-09-28T13:36:34Z
20260820,68,BV,23,2026-09-28T13:36:34Z
20260820,85,BV,3,2026-09-28T13:36:34Z
20260820,82,BV,5,2026-09-28T13:36:34Z
20260820,47,BV,12,2026-09-28T13:36:34Z
20260820,28,BV,1,2026-09-28T13:36:34Z
20260820,69,BV,4,2026-09-28T13:36:34Z
20260820,81,BV,1,2026-09-28T13:36:34Z
20260820,33,BV,1,2026-09-28T13:36:34Z
20260820,77,BV,1,2026-09-28T13:36:34Z
20260820,66,BV,4,2026-09-28T13:36:34Z
20260820,78,BV,4,2026-09-28T13:36:34Z
20260820,88,BV,2,2026-09-28T13:36:34Z
20260820,73,BV,1,2026-09-28T13:36:34Z
20260820,58,BV,4,2026-09-28T13:36:34Z
20260820,32,BV,2,2026-09-28T13:36:34Z
20260820,71,BV,8,2026-09-28T13:36:34Z
20260820,43,BV,6,2026-09-28T13:36:34Z
20260820,62,BV,18,2026-09-28T13:36:34Z
20260820,49,BV,1,2026-09-28T13:36:34Z
20260820,10,BV,1,2026-09-28T13:36:34Z
20260820,86,BV,5,2026-09-28T13:36:34Z
20260820,93,BV,1,2026-09-28T13:36:34Z
20260820,24,BV,2,2026-09-28T13:36:34Z
20260821,33,BV,1,2026-09-28T13:36:34Z
20260821,70,BV,78,2026-09-28T13:36:34Z
20260821,90,BV,1,2026-09-28T13:36:34Z
20260821,81,BV,1,2026-09-28T13:36:34Z
20260821,46,BV,14,2026-09-28T13:36:34Z
20260821,93,BV,2,2026-09-28T13:36:34Z
20260821,71,BV,5,2026-09-28T13:36:34Z
20260821,77,BV,1,2026-09-28T13:36:34Z
20260821,58,BV,1,2026-09-28T13:36:34Z
20260821,35,BV,1,2026-09-28T13:36:34Z
20260821,69,BV,3,2026-09-28T13:36:34Z
20260821,41,BV,6,2026-09-28T13:36:34Z
20260821,74,BV,4,2026-09-28T13:36:34Z
20260821,62,BV,22,2026-09-28T13:36:34Z
20260821,52,BV,3,2026-09-28T13:36:34Z
20260821,73,BV,3,2026-09-28T13:36:34Z
20260821,64,BV,62,2026-09-28T13:36:34Z
20260821,50,BV,1,2026-09-28T13:36:34Z
20260821,25,BV,3,2026-09-28T13:36:34Z
20260821,68,BV,13,2026-09-28T13:36:34Z
20260821,88,BV,1,2026-09-28T13:36:34Z
20260821,56,BV,3,2026-09-28T13:36:34Z
20260821,47,BV,11,2026-09-28T13:36:34Z
20260821,96,BV,1,2026-09-28T13:36:34Z
20260821,82,BV,2,2026-09-28T13:36:34Z
20260821,66,BV,4,2026-09-28T13:36:34Z
20260821,49,BV,2,2026-09-28T13:36:34Z
20260821,80,BV,1,2026-09-28T13:36:34Z
20260821,31,BV,1,2026-09-28T13:36:34Z
20260821,86,BV,4,2026-09-28T13:36:34Z
20260821,43,BV,3,2026-09-28T13:36:34Z
20260821,78,BV,2,2026-09-28T13:36:34Z
20260822,46,BV,2,2026-09-28T13:36:34Z
20260822,64,BV,2,2026-09-28T13:36:34Z
20260822,47,BV,1,2026-09-28T13:36:34Z
20260822,70,BV,5,2026-09-28T13:36:34Z
20260824,81,BV,3,2026-09-28T13:36:34Z
20260824,71,BV,8,2026-09-28T13:36:34Z
20260824,69,BV,4,2026-09-28T13:36:34Z
20260824,43,BV,8,2026-09-28T13:36:34Z
20260824,46,BV,7,2026-09-28T13:36:34Z
20260824,62,BV,16,2026-09-28T13:36:34Z
20260824,49,BV,2,2026-09-28T13:36:34Z
20260824,53,BV,1,2026-09-28T13:36:34Z
20260824,41,BV,9,2026-09-28T13:36:34Z
20260824,93,BV,1,2026-09-28T13:36:34Z
20260824,26,BV,1,2026-09-28T13:36:34Z
20260824,32,BV,1,2026-09-28T13:36:34Z
20260824,68,BV,20,2026-09-28T13:36:34Z
20260824,56,BV,4,2026-09-28T13:36:34Z
20260824,79,BV,1,2026-09-28T13:36:34Z
20260824,35,BV,1,2026-09-28T13:36:34Z
20260824,82,BV,1,2026-09-28T13:36:34Z
20260824,42,BV,1,2026-09-28T13:36:34Z
20260824,85,BV,1,2026-09-28T13:36:34Z
20260824,55,BV,1,2026-09-28T13:36:34Z
20260824,47,BV,5,2026-09-28T13:36:34Z
20260824,16,BV,1,2026-09-28T13:36:34Z
20260824,59,BV,2,2026-09-28T13:36:34Z
20260824,52,BV,2,2026-09-28T13:36:34Z
20260824,95,BV,1,2026-09-28T13:36:34Z
20260824,10,BV,1,2026-09-28T13:36:34Z
20260824,80,BV,4,2026-09-28T13:36:34Z
20260824,74,BV,2,2026-09-28T13:36:34Z
20260824,70,BV,82,2026-09-28T13:36:34Z
20260824,58,BV,2,2026-09-28T13:36:34Z
20260824,78,BV,3,2026-09-28T13:36:34Z
20260824,94,BV,1,2026-09-28T13:36:34Z
20260824,64,BV,48,2026-09-28T13:36:34Z
20260824,73,BV,1,2026-09-28T13:36:34Z
20260824,77,BV,2,2026-09-28T13:36:34Z
20260824,86,BV,7,2026-09-28T13:36:34Z
20260824,63,BV,1,2026-09-28T13:36:34Z
20260824,66,BV,2,2026-09-28T13:36:34Z
20260825,46,BV,8,2026-09-28T13:36:34Z
20260825,63,BV,1,2026-09-28T13:36:34Z
20260825,41,BV,8,2026-09-28T13:36:34Z
20260825,62,BV,15,2026-09-28T13:36:34Z
20260825,91,BV,1,2026-09-28T13:36:34Z
20260825,56,BV,5,2026-09-28T13:36:34Z
20260825,61,BV,1,2026-09-28T13:36:34Z
20260825,86,BV,5,2026-09-28T13:36:34Z
20260825,58,BV,1,2026-09-28T13:36:34Z
20260825,49,BV,1,2026-09-28T13:36:34Z
20260825,77,BV,1,2026-09-28T13:36:34Z
20260825,81,BV,4,2026-09-28T13:36:34Z
20260825,71,BV,6,2026-09-28T13:36:34Z
20260825,82,BV,2,2026-09-28T13:36:34Z
20260825,53,BV,2,2026-09-28T13:36:34Z
20260825,85,BV,2,2026-09-28T13:36:34Z
20260825,47,BV,7,2026-09-28T13:36:34Z
20260825,42,BV,1,2026-09-28T13:36:34Z
20260825,96,BV,1,2026-09-28T13:36:34Z
20260825,59,BV,2,2026-09-28T13:36:34Z
20260825,79,BV,1,2026-09-28T13:36:34Z
20260825,87,BV,1,2026-09-28T13:36:34Z
20260825,70,BV,77,2026-09-28T13:36:34Z
20260825,80,BV,1,2026-09-28T13:36:34Z
20260825,78,BV,6,2026-09-28T13:36:34Z
20260825,68,BV,21,2026-09-28T13:36:34Z
20260825,43,BV,5,2026-09-28T13:36:34Z
20260825,01,BV,1,2026-09-28T13:36:34Z
20260825,75,BV,1,2026-09-28T13:36:34Z
20260825,69,BV,4,2026-09-28T13:36:34Z
20260825,72,BV,2,2026-09-28T13:36:34Z
20260825,52,BV,2,2026-09-28T13:36:34Z
20260825,66,BV,4,2026-09-28T13:36:34Z
20260825,73,BV,2,2026-09-28T13:36:34Z
20260825,20,BV,1,2026-09-28T13:36:34Z
20260825,74,BV,1,2026-09-28T13:36:34Z
20260825,64,BV,65,2026-09-28T13:36:34Z
20260825,35,BV,2,2026-09-28T13:36:34Z
20260825,90,BV,2,2026-09-28T13:36:34Z
20260826,33,BV,1,2026-09-28T13:36:34Z
20260826,63,BV,3,2026-09-28T13:36:34Z
20260826,62,BV,16,2026-09-28T13:36:34Z
20260826,96,BV,1,2026-09-28T13:36:34Z
20260826,20,BV,1,2026-09-28T13:36:34Z
20260826,74,BV,4,2026-09-28T13:36:34Z
20260826,88,BV,2,2026-09-28T13:36:34Z
20260826,43,BV,10,2026-09-28T13:36:34Z
20260826,55,BV,2,2026-09-28T13:36:34Z
20260826,81,BV,2,2026-09-28T13:36:34Z
20260826,52,BV,1,2026-09-28T13:36:34Z
20260826,42,BV,1,2026-09-28T13:36:34Z
20260826,69,BV,5,2026-09-28T13:36:34Z
20260826,86,BV,2,2026-09-28T13:36:34Z
20260826,47,BV,15,2026-09-28T13:36:34Z
20260826,68,BV,21,2026-09-28T13:36:34Z
20260826,70,BV,75,2026-09-28T13:36:34Z
20260826,90,BV,1,2026-09-28T13:36:34Z
20260826,73,BV,3,2026-09-28T13:36:34Z
20260826,95,BV,1,2026-09-28T13:36:34Z
20260826,85,BV,1,2026-09-28T13:36:34Z
20260826,41,BV,7,2026-09-28T13:36:34Z
20260826,77,BV,2,2026-09-28T13:36:34Z
20260826,56,BV,8,2026-09-28T13:36:34Z
20260826,93,BV,3,2026-09-28T13:36:34Z
20260826,46,BV,6,2026-09-28T13:36:34Z
20260826,49,BV,6,2026-09-28T13:36:34Z
20260826,82,BV,1,2026-09-28T13:36:34Z
20260826,78,BV,3,2026-09-28T13:36:34Z
20260826,64,BV,75,2026-09-28T13:36:34Z
20260826,71,BV,4,2026-09-28T13:36:34Z
20260826,58,BV,3,2026-09-28T13:36:34Z
20260826,10,BV,1,2026-09-28T13:36:34Z
20260826,25,BV,1,2026-09-28T13:36:34Z
20260826,66,BV,3,2026-09-28T13:36:34Z
20260826,80,BV,1,2026-09-28T13:36:34Z
20260827,68,BV,28,2026-09-28T13:36:34Z
20260827,78,BV,2,2026-09-28T13:36:34Z
20260827,25,BV,1,2026-09-28T13:36:34Z
20260827,41,BV,8,2026-09-28T13:36:34Z
20260827,73,BV,2,2026-09-28T13:36:34Z
20260827,27,BV,1,2026-09-28T13:36:34Z
20260827,81,BV,3,2026-09-28T13:36:34Z
20260827,80,BV,4,2026-09-28T13:36:34Z
20260827,71,BV,9,2026-09-28T13:36:34Z
20260827,43,BV,13,2026-09-28T13:36:34Z
20260827,28,BV,1,2026-09-28T13:36:34Z
20260827,30,BV,1,2026-09-28T13:36:34Z
20260827,13,BV,1,2026-09-28T13:36:34Z
20260827,85,BV,5,2026-09-28T13:36:34Z
20260827,74,BV,3,2026-09-28T13:36:34Z
20260827,70,BV,89,2026-09-28T13:36:34Z
20260827,52,BV,1,2026-09-28T13:36:34Z
20260827,90,BV,2,2026-09-28T13:36:34Z
20260827,62,BV,20,2026-09-28T13:36:34Z
20260827,60,BV,1,2026-09-28T13:36:34Z
20260827,82,BV,2,2026-09-28T13:36:34Z
20260827,49,BV,4,2026-09-28T13:36:34Z
20260827,95,BV,1,2026-09-28T13:36:34Z
20260827,88,BV,1,2026-09-28T13:36:34Z
20260827,86,BV,7,2026-09-28T13:36:34Z
20260827,93,BV,1,2026-09-28T13:36:34Z
20260827,47,BV,13,2026-09-28T13:36:34Z
20260827,01,BV,1,2026-09-28T13:36:34Z
20260827,79,BV,3,2026-09-28T13:36:34Z
20260827,33,BV,1,2026-09-28T13:36:34Z
20260827,20,BV,3,2026-09-28T13:36:34Z
20260827,64,BV,85,2026-09-28T13:36:34Z
20260827,53,BV,1,2026-09-28T13:36:34Z
20260827,66,BV,3,2026-09-28T13:36:34Z
20260827,55,BV,1,2026-09-28T13:36:34Z
20260827,35,BV,1,2026-09-28T13:36:34Z
20260827,77,BV,3,2026-09-28T13:36:34Z
20260827,46,BV,17,2026-09-28T13:36:34Z
20260827,63,BV,3,2026-09-28T13:36:34Z
20260827,56,BV,3,2026-09-28T13:36:34Z
20260827,69,BV,5,2026-09-28T13:36:34Z
20260827,58,BV,1,2026-09-28T13:36:34Z
20260827,50,BV,1,2026-09-28T13:36:34Z
20260828,30,BV,1,2026-09-28T13:36:34Z
20260828,28,BV,1,2026-09-28T13:36:34Z
20260828,35,BV,2,2026-09-28T13:36:34Z
20260828,66,BV,2,2026-09-28T13:36:34Z
20260828,47,BV,21,2026-09-28T13:36:34Z
20260828,52,BV,1,2026-09-28T13:36:34Z
20260828,38,BV,1,2026-09-28T13:36:34Z
20260828,50,BV,1,2026-09-28T13:36:34Z
20260828,70,BV,108,2026-09-28T13:36:34Z
20260828,88,BV,2,2026-09-28T13:36:34Z
20260828,60,BV,1,2026-09-28T13:36:34Z
20260828,68,BV,25,2026-09-28T13:36:34Z
20260828,63,BV,3,2026-09-28T13:36:34Z
20260828,61,BV,1,2026-09-28T13:36:34Z
20260828,93,BV,1,2026-09-28T13:36:34Z
20260828,71,BV,5,2026-09-28T13:36:34Z
20260828,49,BV,2,2026-09-28T13:36:34Z
20260828,95,BV,1,2026-09-28T13:36:34Z
20260828,43,BV,8,2026-09-28T13:36:34Z
20260828,58,BV,1,2026-09-28T13:36:34Z
20260828,86,BV,7,2026-09-28T13:36:34Z
20260828,78,BV,2,2026-09-28T13:36:34Z
20260828,01,BV,4,2026-09-28T13:36:34Z
20260828,56,BV,9,2026-09-28T13:36:34Z
20260828,74,BV,5,2026-09-28T13:36:34Z
20260828,80,BV,2,2026-09-28T13:36:34Z
20260828,10,BV,1,2026-09-28T13:36:34Z
20260828,81,BV,1,2026-09-28T13:36:34Z
20260828,41,BV,8,2026-09-28T13:36:34Z
20260828,73,BV,1,2026-09-28T13:36:34Z
20260828,62,BV,17,2026-09-28T13:36:34Z
20260828,46,BV,8,2026-09-28T13:36:34Z
20260828,77,BV,4,2026-09-28T13:36:34Z
20260828,25,BV,4,2026-09-28T13:36:34Z
20260828,82,BV,1,2026-09-28T13:36:34Z
20260828,96,BV,4,2026-09-28T13:36:34Z
20260828,69,BV,7,2026-09-28T13:36:34Z
20260828,39,BV,1,2026-09-28T13:36:34Z
20260828,64,BV,64,2026-09-28T13:36:34Z
20260828,26,BV,1,2026-09-28T13:36:34Z
20260828,33,BV,1,2026-09-28T13:36:34Z
20260828,79,BV,2,2026-09-28T13:36:34Z
20260828,59,BV,1,2026-09-28T13:36:34Z
20260829,74,BV,2,2026-09-28T13:36:34Z
20260829,70,BV,2,2026-09-28T13:36:34Z
20260829,64,BV,11,2026-09-28T13:36:34Z
20260831,35,BV,1,2026-09-28T13:36:34Z
20260831,80,BV,1,2026-09-28T13:36:34Z
20260831,52,BV,3,2026-09-28T13:36:34Z
20260831,71,BV,4,2026-09-28T13:36:34Z
20260831,53,BV,1,2026-09-28T13:36:34Z
20260831,82,BV,2,2026-09-28T13:36:34Z
20260831,46,BV,14,2026-09-28T13:36:34Z
20260831,74,BV,9,2026-09-28T13:36:34Z
20260831,68,BV,20,2026-09-28T13:36:34Z
20260831,64,BV,55,2026-09-28T13:36:34Z
20260831,43,BV,5,2026-09-28T13:36:34Z
20260831,11,BV,1,2026-09-28T13:36:34Z
20260831,56,BV,11,2026-09-28T13:36:34Z
20260831,90,BV,2,2026-09-28T13:36:34Z
20260831,63,BV,2,2026-09-28T13:36:34Z
20260831,60,BV,1,2026-09-28T13:36:34Z
20260831,69,BV,5,2026-09-28T13:36:34Z
20260831,73,BV,1,2026-09-28T13:36:34Z
20260831,49,BV,4,2026-09-28T13:36:34Z
20260831,41,BV,7,2026-09-28T13:36:34Z
20260831,14,BV,1,2026-09-28T13:36:34Z
20260831,70,BV,94,2026-09-28T13:36:34Z
20260831,13,BV,1,2026-09-28T13:36:34Z
20260831,00,BV,1,2026-09-28T13:36:34Z
20260831,86,BV,9,2026-09-28T13:36:34Z
20260831,66,BV,2,2026-09-28T13:36:34Z
20260831,93,BV,4,2026-09-28T13:36:34Z
20260831,10,BV,1,2026-09-28T13:36:34Z
20260831,30,BV,1,2026-09-28T13:36:34Z
20260831,62,BV,13,2026-09-28T13:36:34Z
20260831,47,BV,9,2026-09-28T13:36:34Z
20260831,78,BV,3,2026-09-28T13:36:34Z
20260831,77,BV,3,2026-09-28T13:36:34Z
20260831,81,BV,3,2026-09-28T13:36:34Z
20260831,88,BV,2,2026-09-28T13:36:34Z
20260831,55,BV,1,2026-09-28T13:36:34Z
20260831,58,BV,3,2026-09-28T13:36:34Z
20260831,85,BV,3,2026-09-28T13:36:34Z
20260831,72,BV,1,2026-09-28T13:36:34Z
20260831,25,BV,1,2026-09-28T13:36:34Z
20260831,96,BV,1,2026-09-28T13:36:34Z
20260831,23,BV,1,2026-09-28T13:36:34Z
20260901,93,BV,2,2026-09-28T13:36:34Z
20260901,16,BV,2,2026-09-28T13:36:34Z
20260901,72,BV,1,2026-09-28T13:36:34Z
20260901,01,BV,2,2026-09-28T13:36:34Z
20260901,47,BV,13,2026-09-28T13:36:34Z
20260901,41,BV,8,2026-09-28T13:36:34Z
20260901,73,BV,2,2026-09-28T13:36:34Z
20260901,79,BV,2,2026-09-28T13:36:34Z
20260901,25,BV,1,2026-09-28T13:36:34Z
20260901,62,BV,16,2026-09-28T13:36:34Z
20260901,96,BV,1,2026-09-28T13:36:34Z
20260901,43,BV,8,2026-09-28T13:36:34Z
20260901,28,BV,1,2026-09-28T13:36:34Z
20260901,90,BV,2,2026-09-28T13:36:34Z
20260901,65,BV,1,2026-09-28T13:36:34Z
20260901,86,BV,6,2026-09-28T13:36:34Z
20260901,82,BV,2,2026-09-28T13:36:34Z
20260901,70,BV,71,2026-09-28T13:36:34Z
20260901,56,BV,9,2026-09-28T13:36:34Z
20260901,78,BV,6,2026-09-28T13:36:34Z
20260901,80,BV,3,2026-09-28T13:36:34Z
20260901,11,BV,2,2026-09-28T13:36:34Z
20260901,77,BV,1,2026-09-28T13:36:34Z
20260901,81,BV,1,2026-09-28T13:36:34Z
20260901,95,BV,1,2026-09-28T13:36:34Z
20260901,42,BV,1,2026-09-28T13:36:34Z
20260901,74,BV,1,2026-09-28T13:36:34Z
20260901,52,BV,5,2026-09-28T13:36:34Z
20260901,33,BV,2,2026-09-28T13:36:34Z
20260901,64,BV,65,2026-09-28T13:36:34Z
20260901,58,BV,4,2026-09-28T13:36:34Z
20260901,26,BV,1,2026-09-28T13:36:34Z
20260901,49,BV,2,2026-09-28T13:36:34Z
20260901,88,BV,2,2026-09-28T13:36:34Z
20260901,69,BV,10,2026-09-28T13:36:34Z
20260901,85,BV,2,2026-09-28T13:36:34Z
20260901,46,BV,12,2026-09-28T13:36:34Z
20260901,63,BV,3,2026-09-28T13:36:34Z
20260901,66,BV,1,2026-09-28T13:36:34Z
20260901,68,BV,21,2026-09-28T13:36:34Z
20260901,32,BV,3,2026-09-28T13:36:34Z
20260901,71,BV,5,2026-09-28T13:36:34Z
20260902,93,BV,1,2026-09-28T13:36:34Z
20260902,06,BV,2,2026-09-28T13:36:34Z
20260902,49,BV,3,2026-09-28T13:36:34Z
20260902,41,BV,5,2026-09-28T13:36:34Z
20260902,81,BV,1,2026-09-28T13:36:34Z
20260902,96,BV,1,2026-09-28T13:36:34Z
20260902,10,BV,2,2026-09-28T13:36:34Z
20260902,35,BV,2,2026-09-28T13:36:34Z
20260902,47,BV,7,2026-09-28T13:36:34Z
20260902,62,BV,18,2026-09-28T13:36:34Z
20260902,70,BV,69,2026-09-28T13:36:34Z
20260902,46,BV,11,2026-09-28T13:36:34Z
20260902,73,BV,2,2026-09-28T13:36:34Z
20260902,26,BV,2,2026-09-28T13:36:34Z
20260902,71,BV,5,2026-09-28T13:36:34Z
20260902,64,BV,74,2026-09-28T13:36:34Z
20260902,86,BV,6,2026-09-28T13:36:34Z
20260902,56,BV,2,2026-09-28T13:36:34Z
20260902,72,BV,2,2026-09-28T13:36:34Z
20260902,78,BV,3,2026-09-28T13:36:34Z
20260902,01,BV,1,2026-09-28T13:36:34Z
20260902,53,BV,1,2026-09-28T13:36:34Z
20260902,16,BV,1,2026-09-28T13:36:34Z
20260902,55,BV,1,2026-09-28T13:36:34Z
20260902,95,BV,1,2026-09-28T13:36:34Z
20260902,58,BV,1,2026-09-28T13:36:34Z
20260902,68,BV,18,2026-09-28T13:36:34Z
20260902,85,BV,3,2026-09-28T13:36:34Z
20260902,66,BV,1,2026-09-28T13:36:34Z
20260902,74,BV,4,2026-09-28T13:36:34Z
20260902,69,BV,6,2026-09-28T13:36:34Z
20260902,43,BV,6,2026-09-28T13:36:34Z
20260902,52,BV,1,2026-09-28T13:36:34Z
20260903,16,BV,1,2026-09-28T13:36:34Z
20260903,58,BV,5,2026-09-28T13:36:34Z
20260903,41,BV,4,2026-09-28T13:36:34Z
20260903,47,BV,13,2026-09-28T13:36:34Z
20260903,86,BV,5,2026-09-28T13:36:34Z
20260903,75,BV,1,2026-09-28T13:36:34Z
20260903,70,BV,90,2026-09-28T13:36:34Z
20260903,72,BV,1,2026-09-28T13:36:34Z
20260903,74,BV,4,2026-09-28T13:36:34Z
20260903,52,BV,2,2026-09-28T13:36:34Z
20260903,90,BV,2,2026-09-28T13:36:34Z
20260903,73,BV,3,2026-09-28T13:36:34Z
20260903,62,BV,20,2026-09-28T13:36:34Z
20260903,71,BV,4,2026-09-28T13:36:34Z
20260903,64,BV,64,2026-09-28T13:36:34Z
20260903,25,BV,2,2026-09-28T13:36:34Z
20260903,35,BV,2,2026-09-28T13:36:34Z
20260903,85,BV,3,2026-09-28T13:36:34Z
20260903,32,BV,1,2026-09-28T13:36:34Z
20260903,55,BV,1,2026-09-28T13:36:34Z
20260903,95,BV,2,2026-09-28T13:36:34Z
20260903,78,BV,9,2026-09-28T13:36:34Z
20260903,82,BV,2,2026-09-28T13:36:34Z
20260903,10,BV,1,2026-09-28T13:36:34Z
20260903,93,BV,3,2026-09-28T13:36:34Z
20260903,46,BV,13,2026-09-28T13:36:34Z
20260903,66,BV,5,2026-09-28T13:36:34Z
20260903,96,BV,1,2026-09-28T13:36:34Z
20260903,63,BV,2,2026-09-28T13:36:34Z
20260903,53,BV,1,2026-09-28T13:36:34Z
20260903,33,BV,2,2026-09-28T13:36:34Z
20260903,59,BV,1,2026-09-28T13:36:34Z
20260903,56,BV,8,2026-09-28T13:36:34Z
20260903,68,BV,14,2026-09-28T13:36:34Z
20260903,88,BV,5,2026-09-28T13:36:34Z
20260903,43,BV,10,2026-09-28T13:36:34Z
20260903,77,BV,4,2026-09-28T13:36:34Z
20260903,69,BV,4,2026-09-28T13:36:34Z
20260904,41,BV,7,2026-09-28T13:36:34Z
20260904,03,BV,1,2026-09-28T13:36:34Z
20260904,74,BV,6,2026-09-28T13:36:34Z
20260904,68,BV,21,2026-09-28T13:36:34Z
20260904,63,BV,1,2026-09-28T13:36:34Z
20260904,46,BV,8,2026-09-28T13:36:34Z
20260904,28,BV,1,2026-09-28T13:36:34Z
20260904,49,BV,4,2026-09-28T13:36:34Z
20260904,35,BV,2,2026-09-28T13:36:34Z
20260904,43,BV,8,2026-09-28T13:36:34Z
20260904,81,BV,4,2026-09-28T13:36:34Z
20260904,73,BV,3,2026-09-28T13:36:34Z
20260904,62,BV,18,2026-09-28T13:36:34Z
20260904,70,BV,85,2026-09-28T13:36:34Z
20260904,61,BV,1,2026-09-28T13:36:34Z
20260904,88,BV,1,2026-09-28T13:36:34Z
20260904,75,BV,1,2026-09-28T13:36:34Z
20260904,69,BV,6,2026-09-28T13:36:34Z
20260904,42,BV,1,2026-09-28T13:36:34Z
20260904,77,BV,1,2026-09-28T13:36:34Z
20260904,64,BV,103,2026-09-28T13:36:34Z
20260904,72,BV,3,2026-09-28T13:36:34Z
20260904,33,BV,1,2026-09-28T13:36:34Z
20260904,58,BV,6,2026-09-28T13:36:34Z
20260904,01,BV,1,2026-09-28T13:36:34Z
20260904,85,BV,6,2026-09-28T13:36:34Z
20260904,39,BV,1,2026-09-28T13:36:34Z
20260904,82,BV,1,2026-09-28T13:36:34Z
20260904,56,BV,5,2026-09-28T13:36:34Z
20260904,64,NV,1,2026-09-28T13:36:34Z
20260904,47,BV,13,2026-09-28T13:36:34Z
20260904,71,BV,5,2026-09-28T13:36:34Z
20260904,93,BV,2,2026-09-28T13:36:34Z
20260904,32,BV,1,2026-09-28T13:36:34Z
20260904,27,BV,1,2026-09-28T13:36:34Z
20260904,78,BV,6,2026-09-28T13:36:34Z
20260904,66,BV,2,2026-09-28T13:36:34Z
20260904,52,BV,1,2026-09-28T13:36:34Z
20260904,86,BV,2,2026-09-28T13:36:34Z
20260905,64,BV,5,2026-09-28T13:36:34Z
20260905,22,BV,1,2026-09-28T13:36:34Z
20260905,70,BV,13,2026-09-28T13:36:34Z
20260907,49,BV,1,2026-09-28T13:36:34Z
20260907,95,BV,1,2026-09-28T13:36:34Z
20260907,80,BV,1,2026-09-28T13:36:34Z
20260907,73,BV,3,2026-09-28T13:36:34Z
20260907,93,BV,1,2026-09-28T13:36:34Z
20260907,41,BV,6,2026-09-28T13:36:34Z
20260907,30,BV,1,2026-09-28T13:36:34Z
20260907,28,BV,1,2026-09-28T13:36:34Z
20260907,64,BV,79,2026-09-28T13:36:34Z
20260907,56,BV,8,2026-09-28T13:36:34Z
20260907,90,BV,1,2026-09-28T13:36:34Z
20260907,43,BV,8,2026-09-28T13:36:34Z
20260907,86,BV,7,2026-09-28T13:36:34Z
20260907,70,BV,95,2026-09-28T13:36:34Z
20260907,82,BV,1,2026-09-28T13:36:34Z
20260907,68,BV,20,2026-09-28T13:36:34Z
20260907,01,BV,4,2026-09-28T13:36:34Z
20260907,96,BV,1,2026-09-28T13:36:34Z
20260907,78,BV,3,2026-09-28T13:36:34Z
20260907,31,BV,1,2026-09-28T13:36:34Z
20260907,71,BV,8,2026-09-28T13:36:34Z
20260907,66,BV,7,2026-09-28T13:36:34Z
20260907,20,BV,1,2026-09-28T13:36:34Z
20260907,85,BV,2,2026-09-28T13:36:34Z
20260907,69,BV,4,2026-09-28T13:36:34Z
20260907,55,BV,1,2026-09-28T13:36:34Z
20260907,42,BV,1,2026-09-28T13:36:34Z
20260907,47,BV,6,2026-09-28T13:36:34Z
20260907,32,BV,1,2026-09-28T13:36:34Z
20260907,88,BV,2,2026-09-28T13:36:34Z
20260907,81,BV,2,2026-09-28T13:36:34Z
20260907,59,BV,3,2026-09-28T13:36:34Z
20260907,52,BV,2,2026-09-28T13:36:34Z
20260907,39,BV,1,2026-09-28T13:36:34Z
20260907,46,BV,9,2026-09-28T13:36:34Z
20260907,38,BV,1,2026-09-28T13:36:34Z
20260907,58,BV,2,2026-09-28T13:36:34Z
20260907,62,BV,17,2026-09-28T13:36:34Z
20260907,33,BV,2,2026-09-28T13:36:34Z
20260908,69,BV,5,2026-09-28T13:36:34Z
20260908,60,BV,2,2026-09-28T13:36:34Z
20260908,85,BV,4,2026-09-28T13:36:34Z
20260908,38,BV,1,2026-09-28T13:36:34Z
20260908,49,BV,5,2026-09-28T13:36:34Z
20260908,33,BV,1,2026-09-28T13:36:34Z
20260908,61,BV,1,2026-09-28T13:36:34Z
20260908,46,BV,7,2026-09-28T13:36:34Z
20260908,56,BV,6,2026-09-28T13:36:34Z
20260908,47,BV,18,2026-09-28T13:36:34Z
20260908,41,BV,7,2026-09-28T13:36:34Z
20260908,01,BV,1,2026-09-28T13:36:34Z
20260908,66,BV,1,2026-09-28T13:36:34Z
20260908,35,BV,8,2026-09-28T13:36:34Z
20260908,72,BV,1,2026-09-28T13:36:34Z
20260908,78,BV,8,2026-09-28T13:36:34Z
20260908,64,BV,65,2026-09-28T13:36:34Z
20260908,73,BV,2,2026-09-28T13:36:34Z
20260908,81,BV,4,2026-09-28T13:36:34Z
20260908,62,BV,18,2026-09-28T13:36:34Z
20260908,58,BV,1,2026-09-28T13:36:34Z
20260908,52,BV,3,2026-09-28T13:36:34Z
20260908,74,BV,3,2026-09-28T13:36:34Z
20260908,63,BV,3,2026-09-28T13:36:34Z
20260908,68,BV,20,2026-09-28T13:36:34Z
20260908,25,BV,1,2026-09-28T13:36:34Z
20260908,71,BV,4,2026-09-28T13:36:34Z
20260908,70,BV,87,2026-09-28T13:36:34Z
20260908,50,BV,1,2026-09-28T13:36:34Z
20260908,42,BV,1,2026-09-28T13:36:34Z
20260908,77,BV,2,2026-09-28T13:36:34Z
20260908,43,BV,11,2026-09-28T13:36:34Z
20260908,96,BV,1,2026-09-28T13:36:34Z
20260908,86,BV,10,2026-09-28T13:36:34Z
20260908,10,BV,2,2026-09-28T13:36:34Z
20260908,88,BV,3,2026-09-28T13:36:34Z
20260908,79,BV,1,2026-09-28T13:36:34Z
20260909,90,BV,1,2026-09-28T13:36:34Z
20260909,47,BV,6,2026-09-28T13:36:34Z
20260909,85,BV,1,2026-09-28T13:36:34Z
20260909,82,BV,3,2026-09-28T13:36:34Z
20260909,69,BV,4,2026-09-28T13:36:34Z
20260909,33,BV,1,2026-09-28T13:36:34Z
20260909,52,BV,2,2026-09-28T13:36:34Z
20260909,62,BV,15,2026-09-28T13:36:34Z
20260909,59,BV,1,2026-09-28T13:36:34Z
20260909,46,BV,10,2026-09-28T13:36:34Z
20260909,66,BV,1,2026-09-28T13:36:34Z
20260909,95,BV,2,2026-09-28T13:36:34Z
20260909,32,BV,1,2026-09-28T13:36:34Z
20260909,71,BV,6,2026-09-28T13:36:34Z
20260909,73,BV,1,2026-09-28T13:36:34Z
20260909,93,BV,1,2026-09-28T13:36:34Z
20260909,10,BV,1,2026-09-28T13:36:34Z
20260909,68,BV,17,2026-09-28T13:36:34Z
20260909,49,BV,2,2026-09-28T13:36:34Z
20260909,38,BV,1,2026-09-28T13:36:34Z
20260909,72,BV,1,2026-09-28T13:36:34Z
20260909,79,BV,1,2026-09-28T13:36:34Z
20260909,81,BV,2,2026-09-28T13:36:34Z
20260909,80,BV,1,2026-09-28T13:36:34Z
20260909,88,BV,4,2026-09-28T13:36:34Z
20260909,87,BV,1,2026-09-28T13:36:34Z
20260909,43,BV,6,2026-09-28T13:36:34Z
20260909,64,BV,72,2026-09-28T13:36:34Z
20260909,58,BV,2,2026-09-28T13:36:34Z
20260909,86,BV,3,2026-09-28T13:36:34Z
20260909,74,BV,2,2026-09-28T13:36:34Z
20260909,77,BV,4,2026-09-28T13:36:34Z
20260909,41,BV,4,2026-09-28T13:36:34Z
20260909,56,BV,5,2026-09-28T13:36:34Z
20260909,70,BV,66,2026-09-28T13:36:34Z
20260909,55,BV,1,2026-09-28T13:36:34Z
20260909,78,BV,4,2026-09-28T13:36:34Z
20260910,56,BV,10,2026-09-28T13:36:34Z
20260910,33,BV,1,2026-09-28T13:36:34Z
20260910,96,BV,2,2026-09-28T13:36:34Z
20260910,90,BV,2,2026-09-28T13:36:34Z
20260910,31,BV,1,2026-09-28T13:36:34Z
20260910,52,BV,2,2026-09-28T13:36:34Z
20260910,47,BV,10,2026-09-28T13:36:34Z
20260910,50,BV,1,2026-09-28T13:36:34Z
20260910,46,BV,11,2026-09-28T13:36:34Z
20260910,81,BV,3,2026-09-28T13:36:34Z
20260910,78,BV,5,2026-09-28T13:36:34Z
20260910,10,BV,1,2026-09-28T13:36:34Z
20260910,70,BV,115,2026-09-28T13:36:34Z
20260910,58,BV,3,2026-09-28T13:36:34Z
20260910,66,BV,2,2026-09-28T13:36:34Z
20260910,42,BV,1,2026-09-28T13:36:34Z
20260910,49,BV,4,2026-09-28T13:36:34Z
20260910,60,BV,1,2026-09-28T13:36:34Z
20260910,74,BV,6,2026-09-28T13:36:34Z
20260910,87,BV,1,2026-09-28T13:36:34Z
20260910,95,BV,1,2026-09-28T13:36:34Z
20260910,68,BV,26,2026-09-28T13:36:34Z
20260910,22,BV,1,2026-09-28T13:36:34Z
20260910,64,BV,99,2026-09-28T13:36:34Z
20260910,59,BV,1,2026-09-28T13:36:34Z
20260910,43,BV,5,2026-09-28T13:36:34Z
20260910,41,BV,4,2026-09-28T13:36:34Z
20260910,63,BV,2,2026-09-28T13:36:34Z
20260910,35,BV,2,2026-09-28T13:36:34Z
20260910,38,BV,1,2026-09-28T13:36:34Z
20260910,85,BV,4,2026-09-28T13:36:34Z
20260910,82,BV,2,2026-09-28T13:36:34Z
20260910,86,BV,3,2026-09-28T13:36:34Z
20260910,01,BV,2,2026-09-28T13:36:34Z
20260910,53,BV,1,2026-09-28T13:36:34Z
20260910,93,BV,6,2026-09-28T13:36:34Z
20260910,69,BV,9,2026-09-28T13:36:34Z
20260910,77,BV,12,2026-09-28T13:36:34Z
20260910,71,BV,8,2026-09-28T13:36:34Z
20260910,88,BV,4,2026-09-28T13:36:34Z
20260910,62,BV,23,2026-09-28T13:36:34Z
20260911,73,BV,5,2026-09-28T13:36:34Z
20260911,41,BV,3,2026-09-28T13:36:34Z
20260911,87,BV,2,2026-09-28T13:36:34Z
20260911,95,BV,2,2026-09-28T13:36:34Z
20260911,88,BV,1,2026-09-28T13:36:34Z
20260911,72,BV,1,2026-09-28T13:36:34Z
20260911,93,BV,1,2026-09-28T13:36:34Z
20260911,90,BV,1,2026-09-28T13:36:34Z
20260911,33,BV,2,2026-09-28T13:36:34Z
20260911,58,BV,3,2026-09-28T13:36:34Z
20260911,42,BV,2,2026-09-28T13:36:34Z
20260911,39,BV,1,2026-09-28T13:36:34Z
20260911,96,BV,1,2026-09-28T13:36:34Z
20260911,63,BV,3,2026-09-28T13:36:34Z
20260911,74,BV,4,2026-09-28T13:36:34Z
20260911,35,BV,1,2026-09-28T13:36:34Z
20260911,78,BV,3,2026-09-28T13:36:34Z
20260911,38,BV,1,2026-09-28T13:36:34Z
20260911,53,BV,1,2026-09-28T13:36:34Z
20260911,81,BV,1,2026-09-28T13:36:34Z
20260911,82,BV,2,2026-09-28T13:36:34Z
20260911,43,BV,3,2026-09-28T13:36:34Z
20260911,52,BV,4,2026-09-28T13:36:34Z
20260911,77,BV,1,2026-09-28T13:36:34Z
20260911,86,BV,6,2026-09-28T13:36:34Z
20260911,69,BV,2,2026-09-28T13:36:34Z
20260911,56,BV,6,2026-09-28T13:36:34Z
20260911,47,BV,16,2026-09-28T13:36:34Z
20260911,62,BV,13,2026-09-28T13:36:34Z
20260911,71,BV,9,2026-09-28T13:36:34Z
20260911,49,BV,1,2026-09-28T13:36:34Z
20260911,60,BV,1,2026-09-28T13:36:34Z
20260911,80,BV,1,2026-09-28T13:36:34Z
20260911,46,BV,6,2026-09-28T13:36:34Z
20260911,70,BV,79,2026-09-28T13:36:34Z
20260911,64,BV,72,2026-09-28T13:36:34Z
20260911,68,BV,14,2026-09-28T13:36:34Z
20260911,01,BV,3,2026-09-28T13:36:34Z
20260912,70,BV,6,2026-09-28T13:36:34Z
20260912,64,BV,1,2026-09-28T13:36:34Z
20260912,62,BV,1,2026-09-28T13:36:34Z
20260913,68,BV,1,2026-09-28T13:36:34Z
20260913,93,BV,1,2026-09-28T13:36:34Z
20260913,64,BV,1,2026-09-28T13:36:34Z
20260914,80,BV,1,2026-09-28T13:36:34Z
20260914,82,BV,1,2026-09-28T13:36:34Z
20260914,58,BV,3,2026-09-28T13:36:34Z
20260914,70,BV,85,2026-09-28T13:36:34Z
20260914,68,BV,25,2026-09-28T13:36:34Z
20260914,56,BV,12,2026-09-28T13:36:34Z
20260914,10,BV,1,2026-09-28T13:36:34Z
20260914,91,BV,1,2026-09-28T13:36:34Z
20260914,79,BV,1,2026-09-28T13:36:34Z
20260914,49,BV,3,2026-09-28T13:36:34Z
20260914,52,BV,3,2026-09-28T13:36:34Z
20260914,31,BV,1,2026-09-28T13:36:34Z
20260914,74,BV,1,2026-09-28T13:36:34Z
20260914,90,BV,3,2026-09-28T13:36:34Z
20260914,46,BV,10,2026-09-28T13:36:34Z
20260914,96,BV,3,2026-09-28T13:36:34Z
20260914,66,BV,1,2026-09-28T13:36:34Z
20260914,71,BV,5,2026-09-28T13:36:34Z
20260914,93,BV,3,2026-09-28T13:36:34Z
20260914,01,BV,3,2026-09-28T13:36:34Z
20260914,09,BV,1,2026-09-28T13:36:34Z
20260914,50,BV,1,2026-09-28T13:36:34Z
20260914,81,BV,4,2026-09-28T13:36:34Z
20260914,63,BV,4,2026-09-28T13:36:34Z
20260914,77,BV,2,2026-09-28T13:36:34Z
20260914,86,BV,6,2026-09-28T13:36:34Z
20260914,43,BV,7,2026-09-28T13:36:34Z
20260914,28,BV,1,2026-09-28T13:36:34Z
20260914,64,BV,62,2026-09-28T13:36:34Z
20260914,41,BV,3,2026-09-28T13:36:34Z
20260914,62,BV,16,2026-09-28T13:36:34Z
20260914,73,BV,2,2026-09-28T13:36:34Z
20260914,69,BV,5,2026-09-28T13:36:34Z
20260914,47,BV,15,2026-09-28T13:36:34Z
20260914,88,BV,2,2026-09-28T13:36:34Z
20260914,78,BV,4,2026-09-28T13:36:34Z
20260915,47,BV,11,2026-09-28T13:36:34Z
20260915,63,BV,2,2026-09-28T13:36:34Z
20260915,38,BV,1,2026-09-28T13:36:34Z
20260915,77,BV,2,2026-09-28T13:36:34Z
20260915,28,BV,1,2026-09-28T13:36:34Z
20260915,68,BV,47,2026-09-28T13:36:34Z
20260915,71,BV,5,2026-09-28T13:36:34Z
20260915,82,BV,2,2026-09-28T13:36:34Z
20260915,70,BV,74,2026-09-28T13:36:34Z
20260915,95,BV,1,2026-09-28T13:36:34Z
20260915,22,BV,1,2026-09-28T13:36:34Z
20260915,58,BV,3,2026-09-28T13:36:34Z
20260915,81,BV,5,2026-09-28T13:36:34Z
20260915,73,BV,3,2026-09-28T13:36:34Z
20260915,96,BV,3,2026-09-28T13:36:34Z
20260915,72,BV,2,2026-09-28T13:36:34Z
20260915,74,BV,5,2026-09-28T13:36:34Z
20260915,62,BV,18,2026-09-28T13:36:34Z
20260915,66,BV,2,2026-09-28T13:36:34Z
20260915,56,BV,4,2026-09-28T13:36:34Z
20260915,64,BV,52,2026-09-28T13:36:34Z
20260915,78,BV,3,2026-09-28T13:36:34Z
20260915,52,BV,1,2026-09-28T13:36:34Z
20260915,93,BV,1,2026-09-28T13:36:34Z
20260915,10,BV,2,2026-09-28T13:36:34Z
20260915,41,BV,7,2026-09-28T13:36:34Z
20260915,86,BV,6,2026-09-28T13:36:34Z
20260915,49,BV,3,2026-09-28T13:36:34Z
20260915,69,BV,5,2026-09-28T13:36:34Z
20260915,43,BV,4,2026-09-28T13:36:34Z
20260915,85,BV,2,2026-09-28T13:36:34Z
20260915,88,BV,1,2026-09-28T13:36:34Z
20260915,80,BV,1,2026-09-28T13:36:34Z
20260915,79,BV,1,2026-09-28T13:36:34Z
20260915,33,BV,3,2026-09-28T13:36:34Z
20260915,01,BV,3,2026-09-28T13:36:34Z
20260915,46,BV,12,2026-09-28T13:36:34Z
20260915,90,BV,1,2026-09-28T13:36:34Z
20260916,78,BV,6,2026-09-28T13:36:34Z
20260916,53,BV,1,2026-09-28T13:36:34Z
20260916,96,BV,2,2026-09-28T13:36:34Z
20260916,70,BV,94,2026-09-28T13:36:34Z
20260916,62,BV,14,2026-09-28T13:36:34Z
20260916,68,BV,22,2026-09-28T13:36:34Z
20260916,13,BV,1,2026-09-28T13:36:34Z
20260916,93,BV,5,2026-09-28T13:36:34Z
20260916,85,BV,1,2026-09-28T13:36:34Z
20260916,52,BV,2,2026-09-28T13:36:34Z
20260916,64,BV,52,2026-09-28T13:36:34Z
20260916,58,BV,3,2026-09-28T13:36:34Z
20260916,43,BV,7,2026-09-28T13:36:34Z
20260916,71,BV,5,2026-09-28T13:36:34Z
20260916,49,BV,3,2026-09-28T13:36:34Z
20260916,63,BV,2,2026-09-28T13:36:34Z
20260916,46,BV,13,2026-09-28T13:36:34Z
20260916,41,BV,7,2026-09-28T13:36:34Z
20260916,35,BV,1,2026-09-28T13:36:34Z
20260916,95,BV,1,2026-09-28T13:36:34Z
20260916,42,BV,2,2026-09-28T13:36:34Z
20260916,47,BV,10,2026-09-28T13:36:34Z
20260916,73,BV,1,2026-09-28T13:36:34Z
20260916,82,BV,1,2026-09-28T13:36:34Z
20260916,31,BV,1,2026-09-28T13:36:34Z
20260916,18,BV,1,2026-09-28T13:36:34Z
20260916,86,BV,3,2026-09-28T13:36:34Z
20260916,90,BV,1,2026-09-28T13:36:34Z
20260916,55,BV,2,2026-09-28T13:36:34Z
20260916,77,BV,3,2026-09-28T13:36:34Z
20260916,66,BV,3,2026-09-28T13:36:34Z
20260916,56,BV,8,2026-09-28T13:36:34Z
20260916,69,BV,4,2026-09-28T13:36:34Z
20260916,81,BV,5,2026-09-28T13:36:34Z
20260916,60,BV,1,2026-09-28T13:36:34Z
20260916,32,BV,1,2026-09-28T13:36:34Z
20260917,47,BV,16,2026-09-28T13:36:34Z
20260917,82,BV,1,2026-09-28T13:36:34Z
20260917,90,BV,2,2026-09-28T13:36:34Z
20260917,46,BV,10,2026-09-28T13:36:34Z
20260917,77,BV,6,2026-09-28T13:36:34Z
20260917,80,BV,1,2026-09-28T13:36:34Z
20260917,14,BV,1,2026-09-28T13:36:34Z
20260917,78,BV,7,2026-09-28T13:36:34Z
20260917,56,BV,7,2026-09-28T13:36:34Z
20260917,41,BV,3,2026-09-28T13:36:34Z
20260917,70,BV,80,2026-09-28T13:36:34Z
20260917,74,BV,3,2026-09-28T13:36:34Z
20260917,96,BV,2,2026-09-28T13:36:34Z
20260917,20,BV,1,2026-09-28T13:36:34Z
20260917,72,BV,1,2026-09-28T13:36:34Z
20260917,52,BV,1,2026-09-28T13:36:34Z
20260917,73,BV,1,2026-09-28T13:36:34Z
20260917,69,BV,4,2026-09-28T13:36:34Z
20260917,60,BV,1,2026-09-28T13:36:34Z
20260917,62,BV,16,2026-09-28T13:36:34Z
20260917,32,BV,1,2026-09-28T13:36:34Z
20260917,59,BV,1,2026-09-28T13:36:34Z
20260917,88,BV,1,2026-09-28T13:36:34Z
20260917,49,BV,4,2026-09-28T13:36:34Z
20260917,71,BV,10,2026-09-28T13:36:34Z
20260917,85,BV,5,2026-09-28T13:36:34Z
20260917,43,BV,4,2026-09-28T13:36:34Z
20260917,86,BV,6,2026-09-28T13:36:34Z
20260917,81,BV,2,2026-09-28T13:36:34Z
20260917,63,BV,1,2026-09-28T13:36:34Z
20260917,66,BV,1,2026-09-28T13:36:34Z
20260917,33,BV,3,2026-09-28T13:36:34Z
20260917,64,BV,72,2026-09-28T13:36:34Z
20260917,93,BV,1,2026-09-28T13:36:34Z
20260917,79,BV,1,2026-09-28T13:36:34Z
20260917,01,BV,2,2026-09-28T13:36:34Z
20260917,68,BV,28,2026-09-28T13:36:34Z
20260918,55,BV,1,2026-09-28T13:36:34Z
20260918,10,BV,3,2026-09-28T13:36:34Z
20260918,58,BV,2,2026-09-28T13:36:34Z
20260918,86,BV,7,2026-09-28T13:36:34Z
20260918,28,BV,1,2026-09-28T13:36:34Z
20260918,73,BV,2,2026-09-28T13:36:34Z
20260918,88,BV,1,2026-09-28T13:36:34Z
20260918,46,BV,10,2026-09-28T13:36:34Z
20260918,53,BV,1,2026-09-28T13:36:34Z
20260918,80,BV,1,2026-09-28T13:36:34Z
20260918,77,BV,2,2026-09-28T13:36:34Z
20260918,68,BV,23,2026-09-28T13:36:34Z
20260918,81,BV,3,2026-09-28T13:36:34Z
20260918,74,BV,2,2026-09-28T13:36:34Z
20260918,66,BV,2,2026-09-28T13:36:34Z
20260918,78,BV,5,2026-09-28T13:36:34Z
20260918,62,BV,16,2026-09-28T13:36:34Z
20260918,64,BV,62,2026-09-28T13:36:34Z
20260918,32,BV,2,2026-09-28T13:36:34Z
20260918,33,BV,1,2026-09-28T13:36:34Z
20260918,43,BV,8,2026-09-28T13:36:34Z
20260918,96,BV,2,2026-09-28T13:36:34Z
20260918,85,BV,2,2026-09-28T13:36:34Z
20260918,42,BV,1,2026-09-28T13:36:34Z
20260918,63,BV,2,2026-09-28T13:36:34Z
20260918,35,BV,1,2026-09-28T13:36:34Z
20260918,71,BV,8,2026-09-28T13:36:34Z
20260918,72,BV,1,2026-09-28T13:36:34Z
20260918,82,BV,3,2026-09-28T13:36:34Z
20260918,56,BV,6,2026-09-28T13:36:34Z
20260918,79,BV,1,2026-09-28T13:36:34Z
20260918,70,BV,103,2026-09-28T13:36:34Z
20260918,52,BV,3,2026-09-28T13:36:34Z
20260918,47,BV,11,2026-09-28T13:36:34Z
20260918,41,BV,6,2026-09-28T13:36:34Z
20260918,69,BV,5,2026-09-28T13:36:34Z
20260918,93,BV,1,2026-09-28T13:36:34Z
20260919,70,BV,1,2026-09-28T13:36:34Z
20260921,27,BV,1,2026-09-28T13:36:34Z
20260921,33,BV,3,2026-09-28T13:36:34Z
20260921,73,BV,1,2026-09-28T13:36:34Z
20260921,50,BV,1,2026-09-28T13:36:34Z
20260921,58,BV,6,2026-09-28T13:36:34Z
20260921,59,BV,1,2026-09-28T13:36:34Z
20260921,55,BV,1,2026-09-28T13:36:34Z
20260921,69,BV,12,2026-09-28T13:36:34Z
20260921,78,BV,4,2026-09-28T13:36:34Z
20260921,28,BV,1,2026-09-28T13:36:34Z
20260921,70,BV,120,2026-09-28T13:36:34Z
20260921,35,BV,1,2026-09-28T13:36:34Z
20260921,80,BV,1,2026-09-28T13:36:34Z
20260921,96,BV,4,2026-09-28T13:36:34Z
20260921,47,BV,16,2026-09-28T13:36:34Z
20260921,88,BV,4,2026-09-28T13:36:34Z
20260921,49,BV,6,2026-09-28T13:36:34Z
20260921,63,BV,1,2026-09-28T13:36:34Z
20260921,74,BV,6,2026-09-28T13:36:34Z
20260921,46,BV,17,2026-09-28T13:36:34Z
20260921,60,BV,2,2026-09-28T13:36:34Z
20260921,66,BV,1,2026-09-28T13:36:34Z
20260921,56,BV,10,2026-09-28T13:36:34Z
20260921,77,BV,4,2026-09-28T13:36:34Z
20260921,90,BV,3,2026-09-28T13:36:34Z
20260921,25,BV,1,2026-09-28T13:36:34Z
20260921,64,BV,70,2026-09-28T13:36:34Z
20260921,93,BV,1,2026-09-28T13:36:34Z
20260921,85,BV,2,2026-09-28T13:36:34Z
20260921,71,BV,5,2026-09-28T13:36:34Z
20260921,82,BV,5,2026-09-28T13:36:34Z
20260921,81,BV,1,2026-09-28T13:36:34Z
20260921,86,BV,4,2026-09-28T13:36:34Z
20260921,79,BV,1,2026-09-28T13:36:34Z
20260921,41,BV,9,2026-09-28T13:36:34Z
20260921,62,BV,11,2026-09-28T13:36:34Z
20260921,68,BV,16,2026-09-28T13:36:34Z
20260921,43,BV,8,2026-09-28T13:36:34Z
20260922,41,BV,4,2026-09-28T13:36:34Z
20260922,16,BV,1,2026-09-28T13:36:34Z
20260922,10,BV,1,2026-09-28T13:36:34Z
20260922,72,BV,1,2026-09-28T13:36:34Z
20260922,88,BV,2,2026-09-28T13:36:34Z
20260922,42,BV,3,2026-09-28T13:36:34Z
20260922,26,BV,2,2026-09-28T13:36:34Z
20260922,46,BV,9,2026-09-28T13:36:34Z
20260922,90,BV,2,2026-09-28T13:36:34Z
20260922,01,BV,1,2026-09-28T13:36:34Z
20260922,66,BV,2,2026-09-28T13:36:34Z
20260922,20,BV,1,2026-09-28T13:36:34Z
20260922,56,BV,6,2026-09-28T13:36:34Z
20260922,59,BV,1,2026-09-28T13:36:34Z
20260922,47,BV,16,2026-09-28T13:36:34Z
20260922,62,BV,10,2026-09-28T13:36:34Z
20260922,81,BV,1,2026-09-28T13:36:34Z
20260922,70,BV,116,2026-09-28T13:36:34Z
20260922,68,BV,26,2026-09-28T13:36:34Z
20260922,52,BV,2,2026-09-28T13:36:34Z
20260922,69,BV,3,2026-09-28T13:36:34Z
20260922,49,BV,3,2026-09-28T13:36:34Z
20260922,58,BV,1,2026-09-28T13:36:34Z
20260922,25,BV,3,2026-09-28T13:36:34Z
20260922,82,BV,1,2026-09-28T13:36:34Z
20260922,85,BV,2,2026-09-28T13:36:34Z
20260922,86,BV,4,2026-09-28T13:36:34Z
20260922,77,BV,1,2026-09-28T13:36:34Z
20260922,64,BV,66,2026-09-28T13:36:34Z
20260922,33,BV,2,2026-09-28T13:36:34Z
20260922,87,BV,1,2026-09-28T13:36:34Z
20260922,79,BV,1,2026-09-28T13:36:34Z
20260922,13,BV,2,2026-09-28T13:36:34Z
20260922,78,BV,7,2026-09-28T13:36:34Z
20260922,93,BV,2,2026-09-28T13:36:34Z
20260922,43,BV,10,2026-09-28T13:36:34Z
20260922,63,BV,1,2026-09-28T13:36:34Z
20260922,71,BV,6,2026-09-28T13:36:34Z
20260922,73,BV,4,2026-09-28T13:36:34Z
20260922,74,BV,2,2026-09-28T13:36:34Z
20260923,78,BV,1,2026-09-28T13:36:34Z
20260923,58,BV,2,2026-09-28T13:36:34Z
20260923,74,BV,1,2026-09-28T13:36:34Z
20260923,66,BV,3,2026-09-28T13:36:34Z
20260923,73,BV,2,2026-09-28T13:36:34Z
20260923,93,BV,1,2026-09-28T13:36:34Z
20260923,68,BV,12,2026-09-28T13:36:34Z
20260923,41,BV,2,2026-09-28T13:36:34Z
20260923,47,BV,2,2026-09-28T13:36:34Z
20260923,82,BV,1,2026-09-28T13:36:34Z
20260923,70,BV,45,2026-09-28T13:36:34Z
20260923,63,BV,1,2026-09-28T13:36:34Z
20260923,49,BV,1,2026-09-28T13:36:34Z
20260923,77,BV,1,2026-09-28T13:36:34Z
20260923,86,BV,1,2026-09-28T13:36:34Z
20260923,64,BV,26,2026-09-28T13:36:34Z
20260923,01,BV,1,2026-09-28T13:36:34Z
20260923,43,BV,2,2026-09-28T13:36:34Z
20260923,00,BV,1,2026-09-28T13:36:34Z
20260923,85,BV,2,2026-09-28T13:36:34Z
20260923,46,BV,3,2026-09-28T13:36:34Z
20260923,96,BV,1,2026-09-28T13:36:34Z
20260923,69,BV,2,2026-09-28T13:36:34Z
20260923,55,BV,1,2026-09-28T13:36:34Z
20260923,56,BV,1,2026-09-28T13:36:34Z
20260923,62,BV,8,2026-09-28T13:36:34Z
