bron_bijgewerkt,OBJECTID,afname,opwek,voedingsgebied_id,voedingsgebied_naam,unieke_verzoeken_invoeding,unieke_verzoeken_afname,wachtrij_invoeding,wachtrij_afname,RNB,opgehaald_op
2026-09-28T00:23:29Z,1,0,0,0,0,,,,,,2026-09-28T13:36:34Z
2026-09-28T00:23:29Z,2,0,0,BBS,BBS Biesbosch,16,27,31.632,5.815,Enexis,2026-09-28T13:36:34Z
2026-09-28T00:23:29Z,3,0,0,BD,BD Breda,60,216,16.15,58.773,Enexis,2026-09-28T13:36:34Z
2026-09-28T00:23:29Z,4,0,0,BEEK,BEEK Beek,29,45,8.507,21.174,Enexis,2026-09-28T13:36:34Z
2026-09-28T00:23:29Z,5,0,0,BELF,BELF Belfeld,23,48,7.369,12.587,Enexis,2026-09-28T13:36:34Z
2026-09-28T00:23:29Z,6,0,0,BGMR,BGMR Bargermeer,58,38,70.235,20.319,Enexis,2026-09-28T13:36:34Z
2026-09-28T00:23:29Z,7,0,0,BL,BL Beilen,35,29,70.898,18.173,Enexis,2026-09-28T13:36:34Z
2026-09-28T00:23:29Z,8,0,0,BLER,BLER Blerick,48,115,14.932,43.12,Enexis,2026-09-28T13:36:34Z
2026-09-28T00:23:29Z,9,0,0,BOEK,BOEK Boekend,43,68,43.792,84.414,Enexis,2026-09-28T13:36:34Z
2026-09-28T00:23:29Z,10,0,0,BORN,BORN Born,28,47,19.197,72.723,Enexis,2026-09-28T13:36:34Z
2026-09-28T00:23:29Z,11,0,0,BOSP,BOSP Boschpoort,10,17,1.957,9.439,Enexis,2026-09-28T13:36:34Z
2026-09-28T00:23:29Z,12,0,0,BOZ,BOZ Bergen op Zoom,46,75,44.7,62.183,Enexis,2026-09-28T13:36:34Z
2026-09-28T00:23:29Z,13,0,0,BT,BT Best,52,138,17.616,44.925,Enexis,2026-09-28T13:36:34Z
2026-09-28T00:23:29Z,14,0,0,BXT,BXT Boxtel,13,46,9.778,24.602,Enexis,2026-09-28T13:36:34Z
2026-09-28T00:23:29Z,15,0,0,CALF,CALF Californië,2,9,8.9,0.434,Enexis,2026-09-28T13:36:34Z
2026-09-28T00:23:29Z,16,0,0,CU,CU Cuijk,7,19,4.69,20.241,Enexis,2026-09-28T13:36:34Z
2026-09-28T00:23:29Z,17,0,0,CVD,CVD Coevorden,12,39,81.247,21.829,Enexis,2026-09-28T13:36:34Z
2026-09-28T00:23:29Z,18,0,0,DDV,DDV Dedemsvaart,14,27,5.419,12.235,Enexis,2026-09-28T13:36:34Z
2026-09-28T00:23:29Z,19,0,0,De Lier,De Lier,0,0,0,0,Westland,2026-09-28T13:36:34Z
2026-09-28T00:23:29Z,20,0,0,DTO,DTO Dinteloord,13,25,53.742,60.382,Enexis,2026-09-28T13:36:34Z
2026-09-28T00:23:29Z,21,0,0,DVTP,DVTP Deventer Platvoet,25,21,4.344,6.104,Enexis,2026-09-28T13:36:34Z
2026-09-28T00:23:29Z,22,0,0,EHAVM,EHAVM Eemshaven-Midden 20 kV,4,8,6.215,11.362,Enexis,2026-09-28T13:36:34Z
2026-09-28T00:23:29Z,23,0,0,EHVN,EHVN Eindhoven Noord,38,163,35.716,98.347,Enexis,2026-09-28T13:36:34Z
2026-09-28T00:23:29Z,24,0,0,EHVO,EHVO Eindhoven Oost,48,151,8.143,56.999,Enexis,2026-09-28T13:36:34Z
2026-09-28T00:23:29Z,25,0,0,EHVZ,EHVZ Eindhoven Zuid,26,75,5.213,26.136,Enexis,2026-09-28T13:36:34Z
2026-09-28T00:23:29Z,26,0,0,ERD,ERD Eerde,109,183,97.523,83.022,Enexis,2026-09-28T13:36:34Z
2026-09-28T00:23:29Z,27,0,0,ESDM,ESDM Enschede Marssteden,22,32,10.6,16.558,Enexis,2026-09-28T13:36:34Z
2026-09-28T00:23:29Z,28,0,0,ETN,ETN Etten Leur,105,149,43.998,54.141,Enexis,2026-09-28T13:36:34Z
2026-09-28T00:23:29Z,29,0,0,GENN,GENN Gennep,28,21,11.963,4.398,Enexis,2026-09-28T13:36:34Z
2026-09-28T00:23:29Z,30,0,0,GNBH,GNBH Groningen Bornholmstraat,35,70,9.652,15.527,Enexis,2026-09-28T13:36:34Z
2026-09-28T00:23:29Z,31,0,0,GNHK,GNHK Groningen v. Heemskerckstraat,21,36,6.006,60.038,Enexis,2026-09-28T13:36:34Z
2026-09-28T00:23:29Z,32,0,0,GT,GT Geertruidenberg,87,118,86.057,58.445,Enexis,2026-09-28T13:36:34Z
2026-09-28T00:23:29Z,33,0,0,HELD,HELD Helden,45,87,45.764,40.181,Enexis,2026-09-28T13:36:34Z
2026-09-28T00:23:29Z,34,0,0,HGV,HGV-Hoogeveen,31,45,9.167,42.039,"Enexis, Rendo",2026-09-28T13:36:34Z
2026-09-28T00:23:29Z,35,0,0,HMO,HMO Helmond Oost,53,69,24.629,29.75,Enexis,2026-09-28T13:36:34Z
2026-09-28T00:23:29Z,36,0,0,HRST,HRST Horst,105,90,78.712,64.625,Enexis,2026-09-28T13:36:34Z
2026-09-28T00:23:29Z,37,0,0,HTN,HTN s-Hertogenbosch Noord,110,299,53.755,81.393,Enexis,2026-09-28T13:36:34Z
2026-09-28T00:23:29Z,38,0,0,HTW,HTW s-Hertogenbosch West,29,78,14.829,31.61,Enexis,2026-09-28T13:36:34Z
2026-09-28T00:23:29Z,39,0,0,HUSK,HUSK Huskensweg,27,50,5.039,11.888,Enexis,2026-09-28T13:36:34Z
2026-09-28T00:23:29Z,40,0,0,KZVZ,KZVZ Klazienaveen ZWET,15,4,10.659,0.445,Enexis,2026-09-28T13:36:34Z
2026-09-28T00:23:29Z,41,0,0,LIMM,LIMM Limmel,32,95,17.185,62.793,Enexis,2026-09-28T13:36:34Z
2026-09-28T00:23:29Z,42,0,0,LS,LS Losser,8,10,30.668,1.477,Enexis,2026-09-28T13:36:34Z
2026-09-28T00:23:29Z,43,0,0,LUTT,LUTT Lutterade,26,73,4.23,15.67,Enexis,2026-09-28T13:36:34Z
2026-09-28T00:23:29Z,44,0,0,MDK,MDK Moerdijk,79,115,105.374,155.416,Enexis,2026-09-28T13:36:34Z
2026-09-28T00:23:29Z,45,0,0,MLBK,MLBK Maalbroek,24,28,12.664,11.741,Enexis,2026-09-28T13:36:34Z
2026-09-28T00:23:29Z,46,0,0,MRUM,MRUM Merum,14,19,6.822,31.814,Enexis,2026-09-28T13:36:34Z
2026-09-28T00:23:29Z,47,0,0,MSBT,MSBT Maasbracht,59,73,58.527,20.961,Enexis,2026-09-28T13:36:34Z
2026-09-28T00:23:29Z,48,0,0,MSKZ,MSKZ Musselkanaal-Zandberg,25,8,125.341,10.127,Enexis,2026-09-28T13:36:34Z
2026-09-28T00:23:29Z,49,0,0,ODZ,ODZ Oldenzaal,36,56,7.3119999999999994,11.178,"Coteq, Enexis",2026-09-28T13:36:34Z
2026-09-28T00:23:29Z,50,0,0,OS BERGUM CENTRALE 10-2i,OS BERGUM CENTRALE 10-2i,26,14,4.586,3.2908,Liander,2026-09-28T13:36:34Z
2026-09-28T00:23:29Z,51,0,0,OS BERGUM KOUMARWEI 20-1i,OS BERGUM KOUMARWEI 20-1i,,,,,Liander,2026-09-28T13:36:34Z
2026-09-28T00:23:29Z,52,0,0,OS DOETINCHEM 150kV TenneT,OS DOETINCHEM 150kV TenneT,104,161,44.496,53.76474,Liander,2026-09-28T13:36:34Z
2026-09-28T00:23:29Z,53,0,0,OS DOETINCHEM 20-6i,OS DOETINCHEM 20-6i,38,72,13.359,23.76588,Liander,2026-09-28T13:36:34Z
2026-09-28T00:23:29Z,54,0,0,OS DOETINCHEM 20-7i,OS DOETINCHEM 20-7i,14,13,15.054,15.14394,Liander,2026-09-28T13:36:34Z
2026-09-28T00:23:29Z,55,0,0,OS EIBERGEN 10-3i,OS EIBERGEN 10-3i,9,11,2.542,10.31004,Liander,2026-09-28T13:36:34Z
2026-09-28T00:23:29Z,56,0,0,OS ELST 10-1i,OS ELST 10-1i,21,35,4.049,6.34554,Liander,2026-09-28T13:36:34Z
2026-09-28T00:23:29Z,57,0,0,OS HARSELAAR 10-1i,OS HARSELAAR 10-1i,41,48,9.113,6.89074,Liander,2026-09-28T13:36:34Z
2026-09-28T00:23:29Z,58,0,0,OS HERBAYUM 20KV 20-2i,OS HERBAYUM 20KV 20-2i,,,,,Liander,2026-09-28T13:36:34Z
2026-09-28T00:23:29Z,59,0,0,OS IJBURG 20-2i,OS IJBURG 20-2i,,6,,3.044,Liander,2026-09-28T13:36:34Z
2026-09-28T00:23:29Z,60,0,0,OS KARPERWEG 10-3i,OS KARPERWEG 10-3i,,7,,0.78858,Liander,2026-09-28T13:36:34Z
2026-09-28T00:23:29Z,61,0,0,OS KARPERWEG 10-4i,OS KARPERWEG 10-4i,,11,,2.24142,Liander,2026-09-28T13:36:34Z
2026-09-28T00:23:29Z,62,0,0,OS LELYSTAD 10-1i,OS LELYSTAD 10-1i,19,30,14.481,10.27282,Liander,2026-09-28T13:36:34Z
2026-09-28T00:23:29Z,63,0,0,OS TIEL 20-4i,OS TIEL 20-4i,9,9,69.242,18.00782,Liander,2026-09-28T13:36:34Z
2026-09-28T00:23:29Z,64,0,0,OS WATERGRAAFSMEER 10-2i,OS WATERGRAAFSMEER 10-2i,,20,,9.08524,Liander,2026-09-28T13:36:34Z
2026-09-28T00:23:29Z,65,0,0,OS ZEEWOLDE 20KV 20-7i,OS ZEEWOLDE 20KV 20-7i,49,53,36.983,37.23848,Liander,2026-09-28T13:36:34Z
2026-09-28T00:23:29Z,66,0,0,OS ZEEWOLDE 20KV 20-8i,OS ZEEWOLDE 20KV 20-8i,,4,,4.68316,Liander,2026-09-28T13:36:34Z
2026-09-28T00:23:29Z,67,0,0,OS ZORGVLIED 20-3i,OS ZORGVLIED 20-3i,,11,,7.23632,Liander,2026-09-28T13:36:34Z
2026-09-28T00:23:29Z,68,0,0,OS ZORGVLIED 20-4i,OS ZORGVLIED 20-4i,,44,,16.39352,Liander,2026-09-28T13:36:34Z
2026-09-28T00:23:29Z,69,0,0,OS ZUTPHEN 10-2i,OS ZUTPHEN 10-2i,23,30,15.717,3.18976,Liander,2026-09-28T13:36:34Z
2026-09-28T00:23:29Z,70,0,0,OS ZUTPHEN 20-3i,OS ZUTPHEN 20-3i,15,17,74.042,62.9526,Liander,2026-09-28T13:36:34Z
2026-09-28T00:23:29Z,71,0,0,OTD,OTD Oosteind,58,111,27.197,88.739,Enexis,2026-09-28T13:36:34Z
2026-09-28T00:23:29Z,72,0,0,PCH,PCH Princenhage,37,58,34.705,25.316,Enexis,2026-09-28T13:36:34Z
2026-09-28T00:23:29Z,73,0,0,RMND,RMND Roermond,8,21,1.309,1.831,Enexis,2026-09-28T13:36:34Z
2026-09-28T00:23:29Z,74,0,0,RSD,RSD Roosendaal,83,178,37.73,95.164,Enexis,2026-09-28T13:36:34Z
2026-09-28T00:23:29Z,75,0,0,SBRN,SBRN Schoonbron,18,39,17.516,5.835,Enexis,2026-09-28T13:36:34Z
2026-09-28T00:23:29Z,76,0,0,SW,SW-Steenwijk,25,17,38.67,8.289,"Enexis, Rendo",2026-09-28T13:36:34Z
2026-09-28T00:23:29Z,77,0,0,SW,SW Steenwijk,25,17,38.67,8.289,"Enexis, Rendo",2026-09-28T13:36:34Z
2026-09-28T00:23:29Z,78,0,0,TBC,TBC Tilburg Centrum,17,55,2.184,16.895,Enexis,2026-09-28T13:36:34Z
2026-09-28T00:23:29Z,79,0,0,TBN,TBN Tilburg Noord,102,170,37.948,62.215,Enexis,2026-09-28T13:36:34Z
2026-09-28T00:23:29Z,80,0,0,TBW,TBW Tilburg West,43,79,35.151,27.431,Enexis,2026-09-28T13:36:34Z
2026-09-28T00:23:29Z,81,0,0,TBZ,TBZ Tilburg Zuid,99,149,22.959,44.867,Enexis,2026-09-28T13:36:34Z
2026-09-28T00:23:29Z,82,0,0,TERW,TERW Terwinselen,51,120,44.899,57.98,Enexis,2026-09-28T13:36:34Z
2026-09-28T00:23:29Z,83,0,0,TH060_23,Rotterdam Centrum ,0,0,0,0,Stedin,2026-09-28T13:36:34Z
2026-09-28T00:23:29Z,84,0,0,TH061_23,Franklinstraat ,0,0,0,0,Stedin,2026-09-28T13:36:34Z
2026-09-28T00:23:29Z,85,0,0,TH086_13,Middelharnis ,0,31,0,40.767,Stedin,2026-09-28T13:36:34Z
2026-09-28T00:23:29Z,86,0,0,TRBK,TRBK Treebeek,20,44,45.319,13.513,Enexis,2026-09-28T13:36:34Z
2026-09-28T00:23:29Z,87,0,0,TS040_10,Breukelen ,7,18,1.078,3.021,Stedin,2026-09-28T13:36:34Z
2026-09-28T00:23:29Z,88,0,0,TS049_10,Leusden ,8,20,1.952,4.749,Stedin,2026-09-28T13:36:34Z
2026-09-28T00:23:29Z,89,0,0,TS064_10,Driebergen ,0,0,0,0,Stedin,2026-09-28T13:36:34Z
2026-09-28T00:23:29Z,90,0,0,TS077_10,Utrecht Leidseveer ,10,28,0.479,6.846,Stedin,2026-09-28T13:36:34Z
2026-09-28T00:23:29Z,91,0,0,TT010_10,Grindweg ,0,0,0,0,Stedin,2026-09-28T13:36:34Z
2026-09-28T00:23:29Z,92,0,0,TT013_10,Schiedam Oost ,0,0,0,0,Stedin,2026-09-28T13:36:34Z
2026-09-28T00:23:29Z,93,0,0,TT029_10,Maassluis 1 ,0,0,0,0,Stedin,2026-09-28T13:36:34Z
2026-09-28T00:23:29Z,94,0,0,TT030_10,Maassluis 2 ,0,0,0,0,Stedin,2026-09-28T13:36:34Z
2026-09-28T00:23:29Z,95,0,0,TT034_10,Schiedam Noord ,0,0,0,0,Stedin,2026-09-28T13:36:34Z
2026-09-28T00:23:29Z,96,0,0,TT054_10,Hengelolaan ,0,0,0,0,Stedin,2026-09-28T13:36:34Z
2026-09-28T00:23:29Z,97,0,0,TT059_10,Nieuwe Schoolstraat ,0,0,0,0,Stedin,2026-09-28T13:36:34Z
2026-09-28T00:23:29Z,98,0,0,TT062_10,Treubstraat ,0,0,0,0,Stedin,2026-09-28T13:36:34Z
2026-09-28T00:23:29Z,99,0,0,TT065_10,Vleerstraat,0,0,0,0,Stedin,2026-09-28T13:36:34Z
2026-09-28T00:23:29Z,100,0,0,TT103_10,Pijnacker 2 ,0,0,0,0,Stedin,2026-09-28T13:36:34Z
2026-09-28T00:23:29Z,101,0,0,TT107_10,Bleiswijk 2 ,0,0,0,0,Stedin,2026-09-28T13:36:34Z
2026-09-28T00:23:29Z,102,0,0,TT120_10,Pijnacker 4 ,1,4,,1.634,Stedin,2026-09-28T13:36:34Z
2026-09-28T00:23:29Z,103,0,0,TT146_23,Yangtzekanaal,0,0,0,0,Stedin,2026-09-28T13:36:34Z
2026-09-28T00:23:29Z,104,0,0,TT219_10_A,Sas van Gent ,0,0,0,0,Stedin,2026-09-28T13:36:34Z
2026-09-28T00:23:29Z,105,0,0,VENR,VENR Venray,128,169,345.1,72.873,Enexis,2026-09-28T13:36:34Z
2026-09-28T00:23:29Z,106,0,0,VVL10,VVL10 Vierverlaten,39,70,18.921,43.503,Enexis,2026-09-28T13:36:34Z
2026-09-28T00:23:29Z,107,0,0,WDT,WDT Woensdrecht,21,55,7.007,23.84,Enexis,2026-09-28T13:36:34Z
2026-09-28T00:23:29Z,108,0,0,Westerlee,Westerlee,171,0,104,0,Westland,2026-09-28T13:36:34Z
2026-09-28T00:23:29Z,109,0,0,WRTH,WRTH Weertheide,24,28,15.688,10.869,Enexis,2026-09-28T13:36:34Z
2026-09-28T00:23:29Z,110,0,0,WVV,WVV Wittevrouwenveld,21,33,2.823,9.856,Enexis,2026-09-28T13:36:34Z
2026-09-28T00:23:29Z,111,0,0,WW,WW Waalwijk,122,165,75.203,66.195,Enexis,2026-09-28T13:36:34Z
2026-09-28T00:23:29Z,112,0,1,CM24,Pijnacker - De Boezem,0,0,0,0,Stedin,2026-09-28T13:36:34Z
2026-09-28T00:23:29Z,113,0,1,EHAVO,EHAVO Eemshaven-Oost 20 kV,1,2,0.13,0.124,Enexis,2026-09-28T13:36:34Z
2026-09-28T00:23:29Z,114,0,1,OS HEERENVEEN 10-1i,OS HEERENVEEN 10-1i,7,15,14.604,8.46452,Liander,2026-09-28T13:36:34Z
2026-09-28T00:23:29Z,115,0,1,OS MARNEZIJL 20-3i,OS MARNEZIJL 20-3i,6,,0.919,,Liander,2026-09-28T13:36:34Z
2026-09-28T00:23:29Z,116,0,1,OS MIDDENMEER 20-5i,OS MIDDENMEER 20-5i,,,,,Liander,2026-09-28T13:36:34Z
2026-09-28T00:23:29Z,117,0,1,OS OOSTERHOUT 20-2i,OS OOSTERHOUT 20-2i,22,20,89.28,104.53618,Liander,2026-09-28T13:36:34Z
2026-09-28T00:23:29Z,118,0,1,OS ZALTBOMMEL 20-4i,OS ZALTBOMMEL 20-4i,12,17,20.347,33.88092,Liander,2026-09-28T13:36:34Z
2026-09-28T00:23:29Z,119,0,1,OS ZEEWOLDE 10-1i,OS ZEEWOLDE 10-1i,22,31,5.076,8.83002,Liander,2026-09-28T13:36:34Z
2026-09-28T00:23:29Z,120,0,1,OS ZEEWOLDE 20KV 20-7i,OS ZEEWOLDE 20KV 20-7i,49,53,36.983,37.23848,Liander,2026-09-28T13:36:34Z
2026-09-28T00:23:29Z,121,0,1,OS ZEEWOLDE 20KV 20-9i,OS ZEEWOLDE 20KV 20-9i,12,24,45.69,69.36878,Liander,2026-09-28T13:36:34Z
2026-09-28T00:23:29Z,122,0,1,OS ZUIDBROEK 20-1i,OS ZUIDBROEK 20-1i,34,54,9.615,25.65926,Liander,2026-09-28T13:36:34Z
2026-09-28T00:23:29Z,123,0,2,BELF,BELF Belfeld,23,48,7.369,12.587,Enexis,2026-09-28T13:36:34Z
2026-09-28T00:23:29Z,124,0,2,BGMR,BGMR Bargermeer,58,38,70.235,20.319,Enexis,2026-09-28T13:36:34Z
2026-09-28T00:23:29Z,125,0,2,BLER,BLER Blerick,48,115,14.932,43.12,Enexis,2026-09-28T13:36:34Z
2026-09-28T00:23:29Z,126,0,2,BOZ,BOZ Bergen op Zoom,46,75,44.7,62.183,Enexis,2026-09-28T13:36:34Z
2026-09-28T00:23:29Z,127,0,2,ERD,ERD Eerde,109,183,97.523,83.022,Enexis,2026-09-28T13:36:34Z
2026-09-28T00:23:29Z,128,0,2,HTW,HTW s-Hertogenbosch West,29,78,14.829,31.61,Enexis,2026-09-28T13:36:34Z
2026-09-28T00:23:29Z,129,0,2,MSBT,MSBT Maasbracht,59,73,58.527,20.961,Enexis,2026-09-28T13:36:34Z
2026-09-28T00:23:29Z,130,0,2,OS DRUTEN 10-1i,OS DRUTEN 10-1i,34,41,50.584,7.17234,Liander,2026-09-28T13:36:34Z
2026-09-28T00:23:29Z,131,0,2,OS EIBERGEN 10-3i,OS EIBERGEN 10-3i,9,11,2.542,10.31004,Liander,2026-09-28T13:36:34Z
2026-09-28T00:23:29Z,132,0,2,OS ELST 10-1i,OS ELST 10-1i,21,35,4.049,6.34554,Liander,2026-09-28T13:36:34Z
2026-09-28T00:23:29Z,133,0,2,OS MARNEZIJL 20-3i,OS MARNEZIJL 20-3i,6,,0.919,,Liander,2026-09-28T13:36:34Z
2026-09-28T00:23:29Z,134,0,2,OS MIDDENMEER 20-2i,OS MIDDENMEER 20-2i,40,31,18.267,14.717,Liander,2026-09-28T13:36:34Z
2026-09-28T00:23:29Z,135,0,2,OS OOSTERWOLDE 10-1i,OS OOSTERWOLDE 10-1i,32,12,5.482,5.45336,Liander,2026-09-28T13:36:34Z
2026-09-28T00:23:29Z,136,0,2,OS ULFT 10-1i,OS ULFT 10-1i,25,29,17.273,5.81404,Liander,2026-09-28T13:36:34Z
2026-09-28T00:23:29Z,137,0,2,OS ULFT 20-3i,OS ULFT 20-3i,16,22,128.298,76.6546,Liander,2026-09-28T13:36:34Z
2026-09-28T00:23:29Z,138,0,2,OS ZEEWOLDE 10-1i,OS ZEEWOLDE 10-1i,22,31,5.076,8.83002,Liander,2026-09-28T13:36:34Z
2026-09-28T00:23:29Z,139,0,2,OS ZEEWOLDE 20KV 20-8i,OS ZEEWOLDE 20KV 20-8i,,4,,4.68316,Liander,2026-09-28T13:36:34Z
2026-09-28T00:23:29Z,140,0,2,OS ZUTPHEN 10-1i,OS ZUTPHEN 10-1i,13,45,4.949,13.50524,Liander,2026-09-28T13:36:34Z
2026-09-28T00:23:29Z,141,0,2,OS ZUTPHEN 20-3i,OS ZUTPHEN 20-3i,15,17,74.042,62.9526,Liander,2026-09-28T13:36:34Z
2026-09-28T00:23:29Z,142,0,2,TERW,TERW Terwinselen,51,120,44.899,57.98,Enexis,2026-09-28T13:36:34Z
2026-09-28T00:23:29Z,143,0,2,VENR,VENR Venray,128,169,345.1,72.873,Enexis,2026-09-28T13:36:34Z
2026-09-28T00:23:29Z,144,0,2,Westerlee,Westerlee,171,0,104,0,Westland,2026-09-28T13:36:34Z
2026-09-28T00:23:29Z,145,0,2,WEW,WEW Weiwerd,44,19,63.121,13.744,Enexis,2026-09-28T13:36:34Z
2026-09-28T00:23:29Z,146,0,3,ARI,ARI Aarle Rixtel,59,95,69.839,48.797,Enexis,2026-09-28T13:36:34Z
2026-09-28T00:23:29Z,147,0,3,CM00,Noordring (Schouwen-Duiveland en Tholen),10,20,17.094,14.677,Stedin,2026-09-28T13:36:34Z
2026-09-28T00:23:29Z,148,0,3,CM39,Nieuwegein,46,91,13.433,48.756,Stedin,2026-09-28T13:36:34Z
2026-09-28T00:23:29Z,149,0,3,EHAVO,EHAVO Eemshaven-Oost 20 kV,1,2,0.13,0.124,Enexis,2026-09-28T13:36:34Z
2026-09-28T00:23:29Z,150,0,3,HGV,HGV-Hoogeveen,31,45,9.167,42.039,"Enexis, Rendo",2026-09-28T13:36:34Z
2026-09-28T00:23:29Z,151,0,3,HPS,HPS Haps,81,112,96.22,54.583,Enexis,2026-09-28T13:36:34Z
2026-09-28T00:23:29Z,152,0,3,KELP,KELP Kelpen,18,27,2.732,9.204,Enexis,2026-09-28T13:36:34Z
2026-09-28T00:23:29Z,153,0,3,MSBT,MSBT Maasbracht,59,73,58.527,20.961,Enexis,2026-09-28T13:36:34Z
2026-09-28T00:23:29Z,154,0,3,RSD,RSD Roosendaal,83,178,37.73,95.164,Enexis,2026-09-28T13:36:34Z
2026-09-28T00:23:29Z,155,0,3,UD,UD Uden,113,171,54.016,61.561,Enexis,2026-09-28T13:36:34Z
2026-09-28T00:23:29Z,156,0,3,VLH,VLH Vollenhove,3,10,0.144,11.43,Enexis,2026-09-28T13:36:34Z
2026-09-28T00:23:29Z,157,0,3,WEW,WEW Weiwerd,44,19,63.121,13.744,Enexis,2026-09-28T13:36:34Z
2026-09-28T00:23:29Z,158,0,3,WW,WW Waalwijk,122,165,75.203,66.195,Enexis,2026-09-28T13:36:34Z
2026-09-28T00:23:29Z,159,1,0,AMLM,AMLM Almelo Mosterdpot,44,43,14.518,10.844000000000001,"Coteq, Enexis",2026-09-28T13:36:34Z
2026-09-28T00:23:29Z,160,1,0,DVTP,DVTP Deventer Platvoet,25,21,4.344,6.104,Enexis,2026-09-28T13:36:34Z
2026-09-28T00:23:29Z,161,1,0,EHAVM,EHAVM Eemshaven-Midden 20 kV,4,8,6.215,11.362,Enexis,2026-09-28T13:36:34Z
2026-09-28T00:23:29Z,162,1,0,ESDH,ESDH Enschede van Heekstraat,20,43,1.862,10.785,Enexis,2026-09-28T13:36:34Z
2026-09-28T00:23:29Z,163,1,0,GO,GO Goor,21,37,48.431000000000004,4.486,"Coteq, Enexis",2026-09-28T13:36:34Z
2026-09-28T00:23:29Z,164,1,0,HBG,HBG Haaksbergen,16,30,3.861,9.26,Enexis,2026-09-28T13:36:34Z
2026-09-28T00:23:29Z,165,1,0,HDB,HDB Hardenberg,41,60,28.368,11.864,Enexis,2026-09-28T13:36:34Z
2026-09-28T00:23:29Z,166,1,0,HRST,HRST Horst,105,90,78.712,64.625,Enexis,2026-09-28T13:36:34Z
2026-09-28T00:23:29Z,167,1,0,KWD,KWD Kropswolde,50,49,25.45,38.953,Enexis,2026-09-28T13:36:34Z
2026-09-28T00:23:29Z,168,1,0,NVD,NVD Nijverdal,21,34,2.493,6.592,Enexis,2026-09-28T13:36:34Z
2026-09-28T00:23:29Z,169,1,0,OS BIJLMER ZUID 10-1i,OS BIJLMER ZUID 10-1i,,32,,24.81888,Liander,2026-09-28T13:36:34Z
2026-09-28T00:23:29Z,170,1,0,OS DOETINCHEM 10-3i,OS DOETINCHEM 10-3i,25,35,4.882,4.49354,Liander,2026-09-28T13:36:34Z
2026-09-28T00:23:29Z,171,1,0,OS EDE 10-1i,OS EDE 10-1i,21,28,1.769,3.93687,Liander,2026-09-28T13:36:34Z
2026-09-28T00:23:29Z,172,1,0,OS ELST 10-2i,OS ELST 10-2i,17,37,1.476,7.91256,Liander,2026-09-28T13:36:34Z
2026-09-28T00:23:29Z,173,1,0,OS FREDERIKSPLEIN 10-1i,OS FREDERIKSPLEIN 10-1i,,12,,1.24286,Liander,2026-09-28T13:36:34Z
2026-09-28T00:23:29Z,174,1,0,OS HARDERWIJK 10-1i,OS HARDERWIJK 10-1i,36,60,6.503,13.31828,Liander,2026-09-28T13:36:34Z
2026-09-28T00:23:29Z,175,1,0,OS HARDERWIJK 10-2i,OS HARDERWIJK 10-2i,38,56,8.328,9.79177,Liander,2026-09-28T13:36:34Z
2026-09-28T00:23:29Z,176,1,0,OS HARSELAAR 10-1i,OS HARSELAAR 10-1i,41,48,9.113,6.89074,Liander,2026-09-28T13:36:34Z
2026-09-28T00:23:29Z,177,1,0,OS HOOGTE KADIJK 10-1i,OS HOOGTE KADIJK 10-1i,,9,,1.28032,Liander,2026-09-28T13:36:34Z
2026-09-28T00:23:29Z,178,1,0,OS HOOGTE KADIJK 10-2i,OS HOOGTE KADIJK 10-2i,,4,,1.535,Liander,2026-09-28T13:36:34Z
2026-09-28T00:23:29Z,179,1,0,OS IJMUIDEN 50-1i,OS IJMUIDEN 50-1i,8,30,2.141,17.72764,Liander,2026-09-28T13:36:34Z
2026-09-28T00:23:29Z,180,1,0,OS OUDEHASKE 20-4i,OS OUDEHASKE 20-4i,8,10,5.23,7.14486,Liander,2026-09-28T13:36:34Z
2026-09-28T00:23:29Z,181,1,0,OS OUDEHASKE 20-5i,OS OUDEHASKE 20-5i,,,,,Liander,2026-09-28T13:36:34Z
2026-09-28T00:23:29Z,182,1,0,OS RENKUM 10-1i,OS RENKUM 10-1i,30,30,17.176,14.1149,Liander,2026-09-28T13:36:34Z
2026-09-28T00:23:29Z,183,1,0,OS ROZENBURG 10-1i,OS ROZENBURG 10-1i,,15,,9.09282,Liander,2026-09-28T13:36:34Z
2026-09-28T00:23:29Z,184,1,0,OS ROZENBURG 10-2i,OS ROZENBURG 10-2i,,,,,Liander,2026-09-28T13:36:34Z
2026-09-28T00:23:29Z,185,1,0,OS SCHENKENSCHANS 10-9i,OS SCHENKENSCHANS 10-9i,9,8,1.491,1.5145,Liander,2026-09-28T13:36:34Z
2026-09-28T00:23:29Z,186,1,0,OS UILENBURG 50-1i,OS UILENBURG 50-1i,,7,,3.52802,Liander,2026-09-28T13:36:34Z
2026-09-28T00:23:29Z,187,1,0,OS VELSEN 10-1i,OS VELSEN 10-1i,13,37,5.755,31.10356,Liander,2026-09-28T13:36:34Z
2026-09-28T00:23:29Z,188,1,0,OS VENSERWEG 10-11i,OS VENSERWEG 10-11i,,13,,14.07658,Liander,2026-09-28T13:36:34Z
2026-09-28T00:23:29Z,189,1,0,OS VENSERWEG 10-12i,OS VENSERWEG 10-12i,,16,,5.00698,Liander,2026-09-28T13:36:34Z
2026-09-28T00:23:29Z,190,1,0,OS WAARDERPOLDER 10-1i,OS WAARDERPOLDER 10-1i,,24,,4.46814,Liander,2026-09-28T13:36:34Z
2026-09-28T00:23:29Z,191,1,0,OS WAARDERPOLDER 10-2i,OS WAARDERPOLDER 10-2i,,45,,21.83792,Liander,2026-09-28T13:36:34Z
2026-09-28T00:23:29Z,192,1,0,OS ZOETERWOUDE 10-2i,OS ZOETERWOUDE 10-2i,,7,,2.15608,Liander,2026-09-28T13:36:34Z
2026-09-28T00:23:29Z,193,1,0,TBG,TBG Tubbergen,22,18,2.675,2.348,Enexis,2026-09-28T13:36:34Z
2026-09-28T00:23:29Z,194,1,0,TH021_10,Botlek ,0,0,0,0,Stedin,2026-09-28T13:36:34Z
2026-09-28T00:23:29Z,195,1,0,TS043_10,Bunschoten ,8,12,1.161,4.081,Stedin,2026-09-28T13:36:34Z
2026-09-28T00:23:29Z,196,1,0,TS045_10,Soest de Zoom ,8,14,1.702,7.668,Stedin,2026-09-28T13:36:34Z
2026-09-28T00:23:29Z,197,1,0,TS054_10,Jutphaas ,4,8,0.643,0.912,Stedin,2026-09-28T13:36:34Z
2026-09-28T00:23:29Z,198,1,0,TS056_10,Amersfoort 4 ,8,14,5.461,5.986,Stedin,2026-09-28T13:36:34Z
2026-09-28T00:23:29Z,199,1,0,TS062_10,Amersfoort 3 ,9,15,0.747,5.644,Stedin,2026-09-28T13:36:34Z
2026-09-28T00:23:29Z,200,1,0,TS066_10,Soest 2 ,12,23,2.857,7.476,Stedin,2026-09-28T13:36:34Z
2026-09-28T00:23:29Z,201,1,0,TS069_10,Vinkeveen ,4,11,0.512,3.377,Stedin,2026-09-28T13:36:34Z
2026-09-28T00:23:29Z,202,1,0,TS071_10,Amersfoort 5 ,0,0,0,0,Stedin,2026-09-28T13:36:34Z
2026-09-28T00:23:29Z,203,1,0,TS084_10,Baarn ,0,0,0,0,Stedin,2026-09-28T13:36:34Z
2026-09-28T00:23:29Z,204,1,0,TT002_10,Vlaggemanstraat ,0,0,0,0,Stedin,2026-09-28T13:36:34Z
2026-09-28T00:23:29Z,205,1,0,TT011_10,Hoogvliet ,0,10,0,5.205,Stedin,2026-09-28T13:36:34Z
2026-09-28T00:23:29Z,206,1,0,TT014_10,Vlaardingen Oost ,0,0,0,0,Stedin,2026-09-28T13:36:34Z
2026-09-28T00:23:29Z,207,1,0,TT018_10,Spaanse Polder Keens. ,0,0,0,0,Stedin,2026-09-28T13:36:34Z
2026-09-28T00:23:29Z,208,1,0,TT019_10,Van Alkemadestraat ,0,0,0,0,Stedin,2026-09-28T13:36:34Z
2026-09-28T00:23:29Z,209,1,0,TT028_10,Delft 3 ,0,0,0,0,Stedin,2026-09-28T13:36:34Z
2026-09-28T00:23:29Z,210,1,0,TT068_23,Leidschenveen ,0,0,0,0,Stedin,2026-09-28T13:36:34Z
2026-09-28T00:23:29Z,211,1,0,TT071_10,Bloemendaal ,0,0,0,0,Stedin,2026-09-28T13:36:34Z
2026-09-28T00:23:29Z,212,1,0,TT075_10,Kortenoord ,0,0,0,0,Stedin,2026-09-28T13:36:34Z
2026-09-28T00:23:29Z,213,1,0,TT076_10,Krimpenerwaard ,0,0,0,0,Stedin,2026-09-28T13:36:34Z
2026-09-28T00:23:29Z,214,1,0,TT079_10,Zoetermeer 17 ,0,0,0,0,Stedin,2026-09-28T13:36:34Z
2026-09-28T00:23:29Z,215,1,0,TT085_13,Leerdam ,0,0,0,0,Stedin,2026-09-28T13:36:34Z
2026-09-28T00:23:29Z,216,1,0,TT088_13,Papendrecht ,0,0,0,0,Stedin,2026-09-28T13:36:34Z
2026-09-28T00:23:29Z,217,1,0,TT091_13,Stellendam ,0,11,0,4.276,Stedin,2026-09-28T13:36:34Z
2026-09-28T00:23:29Z,218,1,0,TT110_10,Delft 2 ,0,0,0,0,Stedin,2026-09-28T13:36:34Z
2026-09-28T00:23:29Z,219,1,0,TT119_23,Delft 11 Technopolis ,0,0,0,0,Stedin,2026-09-28T13:36:34Z
2026-09-28T00:23:29Z,220,1,0,TT224_10_A,Terneuzen Zuid,0,13,0,11.881,Stedin,2026-09-28T13:36:34Z
2026-09-28T00:23:29Z,221,1,0,TZ018_10,Delft 4 ,0,0,0,0,Stedin,2026-09-28T13:36:34Z
2026-09-28T00:23:29Z,222,1,0,ZLH,ZLH Zwolle Hessenweg,35,44,131.74,45.975,Enexis,2026-09-28T13:36:34Z
2026-09-28T00:23:29Z,223,1,0,ZS,ZS Zwartsluis,36,28,20.172,9.633,Enexis,2026-09-28T13:36:34Z
2026-09-28T00:23:29Z,224,1,1,118065277_23,Carnissebaan,0,0,0,0,Stedin,2026-09-28T13:36:34Z
2026-09-28T00:23:29Z,225,1,1,AMLM,AMLM - Almelo Mosterdpot,44,43,14.518,10.844000000000001,"Coteq, Enexis",2026-09-28T13:36:34Z
2026-09-28T00:23:29Z,226,1,1,BL,BL Beilen,35,29,70.898,18.173,Enexis,2026-09-28T13:36:34Z
2026-09-28T00:23:29Z,227,1,1,CM18,Vlissingen-Oost Havens 9350-9990,0,3,0,79.71,Stedin,2026-09-28T13:36:34Z
2026-09-28T00:23:29Z,228,1,1,CM24,Pijnacker - De Boezem,0,0,0,0,Stedin,2026-09-28T13:36:34Z
2026-09-28T00:23:29Z,229,1,1,EHAVO,EHAVO Eemshaven-Oost 20 kV,1,2,0.13,0.124,Enexis,2026-09-28T13:36:34Z
2026-09-28T00:23:29Z,230,1,1,Emmeloord inst. 2+3,Emmeloord inst. 2+3,39,51,9.241,16.73662,Liander,2026-09-28T13:36:34Z
2026-09-28T00:23:29Z,231,1,1,GO,GO - Goor,21,37,48.431000000000004,4.486,"Coteq, Enexis",2026-09-28T13:36:34Z
2026-09-28T00:23:29Z,232,1,1,NVD,NVD Nijverdal,21,34,2.493,6.592,Enexis,2026-09-28T13:36:34Z
2026-09-28T00:23:29Z,233,1,1,OL,OL Olst,8,8,52.754,3.024,Enexis,2026-09-28T13:36:34Z
2026-09-28T00:23:29Z,234,1,1,OS DRONTEN 10-1i,OS DRONTEN 10-1i,64,80,13.242,9.4823,Liander,2026-09-28T13:36:34Z
2026-09-28T00:23:29Z,235,1,1,OS EDE 10-2i,OS EDE 10-2i,57,81,16.33,22.71492,Liander,2026-09-28T13:36:34Z
2026-09-28T00:23:29Z,236,1,1,OS EERBEEK 10-1i + 10-2i,OS EERBEEK 10-1i + 10-2i,29,35,23.942,25.01092,Liander,2026-09-28T13:36:34Z
2026-09-28T00:23:29Z,237,1,1,OS HARDERWIJK 10-1i,OS HARDERWIJK 10-1i,36,60,6.503,13.31828,Liander,2026-09-28T13:36:34Z
2026-09-28T00:23:29Z,238,1,1,OS HARDERWIJK 10-2i,OS HARDERWIJK 10-2i,38,56,8.328,9.79177,Liander,2026-09-28T13:36:34Z
2026-09-28T00:23:29Z,239,1,1,OS HARSELAAR 10-1i,OS HARSELAAR 10-1i,41,48,9.113,6.89074,Liander,2026-09-28T13:36:34Z
2026-09-28T00:23:29Z,240,1,1,OS MARNEZIJL 10-2i,OS MARNEZIJL 10-2i,9,7,1.31,0.542,Liander,2026-09-28T13:36:34Z
2026-09-28T00:23:29Z,241,1,1,OS MARNEZIJL 20-3i,OS MARNEZIJL 20-3i,6,,0.919,,Liander,2026-09-28T13:36:34Z
2026-09-28T00:23:29Z,242,1,1,OS NIEUWKOOP 10-1i,OS NIEUWKOOP 10-1i,,11,,5.93632,Liander,2026-09-28T13:36:34Z
2026-09-28T00:23:29Z,243,1,1,OS PAMPUS 10-1i,OS PAMPUS 10-1i,33,62,7.087,19.73866,Liander,2026-09-28T13:36:34Z
2026-09-28T00:23:29Z,244,1,1,OS RAUWERD 10-1i,OS RAUWERD 10-1i,12,5,3.392,0.9216,Liander,2026-09-28T13:36:34Z
2026-09-28T00:23:29Z,245,1,1,OS VAASSEN 10-1i,OS VAASSEN 10-1i,26,30,3.293,6.5569,Liander,2026-09-28T13:36:34Z
2026-09-28T00:23:29Z,246,1,1,OS WAARDERPOLDER 10-2i,OS WAARDERPOLDER 10-2i,,45,,21.83792,Liander,2026-09-28T13:36:34Z
2026-09-28T00:23:29Z,247,1,1,OS WINTERSWIJK 10-1i,OS WINTERSWIJK 10-1i,35,50,13.969,9.22076,Liander,2026-09-28T13:36:34Z
2026-09-28T00:23:29Z,248,1,1,OS WOLVEGA 10-2i,OS WOLVEGA 10-2i,24,15,7.514,5.30082,Liander,2026-09-28T13:36:34Z
2026-09-28T00:23:29Z,249,1,1,OS ZALTBOMMEL 10-2i,OS ZALTBOMMEL 10-2i,25,25,7.027,11.95474,Liander,2026-09-28T13:36:34Z
2026-09-28T00:23:29Z,250,1,1,OS ZALTBOMMEL 20-4i,OS ZALTBOMMEL 20-4i,12,17,20.347,33.88092,Liander,2026-09-28T13:36:34Z
2026-09-28T00:23:29Z,251,1,1,OS ZALTBOMMEL 20-5i,OS ZALTBOMMEL 20-5i,43,39,63.83,38.8444,Liander,2026-09-28T13:36:34Z
2026-09-28T00:23:29Z,252,1,1,OS ZEEWOLDE 10-1i,OS ZEEWOLDE 10-1i,22,31,5.076,8.83002,Liander,2026-09-28T13:36:34Z
2026-09-28T00:23:29Z,253,1,1,OS ZEVENAAR 10-1i,OS ZEVENAAR 10-1i,31,54,9.252,6.16508,Liander,2026-09-28T13:36:34Z
2026-09-28T00:23:29Z,254,1,1,OS ZEVENHUIZEN 10-1i,OS ZEVENHUIZEN 10-1i,,7,,5.57522,Liander,2026-09-28T13:36:34Z
2026-09-28T00:23:29Z,255,1,1,OS ZUIDBROEK 20-1i,OS ZUIDBROEK 20-1i,34,54,9.615,25.65926,Liander,2026-09-28T13:36:34Z
2026-09-28T00:23:29Z,256,1,1,OS ZUTPHEN 10-2i,OS ZUTPHEN 10-2i,23,30,15.717,3.18976,Liander,2026-09-28T13:36:34Z
2026-09-28T00:23:29Z,257,1,1,TH003_13,Langeland Zuid ,0,0,0,0,Stedin,2026-09-28T13:36:34Z
2026-09-28T00:23:29Z,258,1,1,TH009_10,Waaiersluis ,0,0,0,0,Stedin,2026-09-28T13:36:34Z
2026-09-28T00:23:29Z,259,1,1,TH010_10,Delft 1 ,0,0,0,0,Stedin,2026-09-28T13:36:34Z
2026-09-28T00:23:29Z,260,1,1,TH011_23,Zoetermeer 9 ,0,0,0,0,Stedin,2026-09-28T13:36:34Z
2026-09-28T00:23:29Z,261,1,1,TH021_23,Botlek ,0,0,0,0,Stedin,2026-09-28T13:36:34Z
2026-09-28T00:23:29Z,262,1,1,TH027_10,Europoort ,0,0,0,0,Stedin,2026-09-28T13:36:34Z
2026-09-28T00:23:29Z,263,1,1,TH027_23,Europoort ,0,0,0,0,Stedin,2026-09-28T13:36:34Z
2026-09-28T00:23:29Z,264,1,1,TH029_10,Gerbrandyweg ,0,17,0,90.544,Stedin,2026-09-28T13:36:34Z
2026-09-28T00:23:29Z,265,1,1,TH039_23,Ommoord ,0,6,0,4.226,Stedin,2026-09-28T13:36:34Z
2026-09-28T00:23:29Z,266,1,1,TH039_25,Ommoord ,0,0,0,0,Stedin,2026-09-28T13:36:34Z
2026-09-28T00:23:29Z,267,1,1,TH053_23,Waalhaven ,0,0,0,0,Stedin,2026-09-28T13:36:34Z
2026-09-28T00:23:29Z,268,1,1,TH056_25,Oudeland ,0,7,0,48.311,Stedin,2026-09-28T13:36:34Z
2026-09-28T00:23:29Z,269,1,1,TH058_23,Maasvlakte ,0,0,0,0,Stedin,2026-09-28T13:36:34Z
2026-09-28T00:23:29Z,270,1,1,TH058_25_1,Maasvlakte s1 ,0,0,0,0,Stedin,2026-09-28T13:36:34Z
2026-09-28T00:23:29Z,271,1,1,TH064_23,Ypenburg ,0,0,0,0,Stedin,2026-09-28T13:36:34Z
2026-09-28T00:23:29Z,272,1,1,TH201_10_A,Goes de Poel,0,13,0,38.15,Stedin,2026-09-28T13:36:34Z
2026-09-28T00:23:29Z,273,1,1,TH201_10_B,Goes de Poel,0,13,0,38.149,Stedin,2026-09-28T13:36:34Z
2026-09-28T00:23:29Z,274,1,1,TH202_10,Vlissingen ,0,13,0,4.082,Stedin,2026-09-28T13:36:34Z
2026-09-28T00:23:29Z,275,1,1,TH203_10_A,Westdorpe,0,18,0,71.139,Stedin,2026-09-28T13:36:34Z
2026-09-28T00:23:29Z,276,1,1,TH209_10,Kruiningen ,0,0,0,0,Stedin,2026-09-28T13:36:34Z
2026-09-28T00:23:29Z,277,1,1,TH210_10,Oostburg ,0,22,0,11.555,Stedin,2026-09-28T13:36:34Z
2026-09-28T00:23:29Z,278,1,1,TH212_10_AB,Middelburg,0,17,0,6.76,Stedin,2026-09-28T13:36:34Z
2026-09-28T00:23:29Z,279,1,1,TH212_10_C,Middelburg,,,,,Stedin,2026-09-28T13:36:34Z
2026-09-28T00:23:29Z,280,1,1,TH215_10_A,Borssele,0,18,0,68.591,Stedin,2026-09-28T13:36:34Z
2026-09-28T00:23:29Z,281,1,1,TH230_10,Willem-Annapolder ,0,8,0,16.795,Stedin,2026-09-28T13:36:34Z
2026-09-28T00:23:29Z,282,1,1,TS004_10,Heemstede ,0,0,0,0,Stedin,2026-09-28T13:36:34Z
2026-09-28T00:23:29Z,283,1,1,TS044_10,Zeist West ,2,6,,1.388,Stedin,2026-09-28T13:36:34Z
2026-09-28T00:23:29Z,284,1,1,TS046_10,Doorn ,0,0,0,0,Stedin,2026-09-28T13:36:34Z
2026-09-28T00:23:29Z,285,1,1,TS051_10,Vreeswijk ,0,0,0,0,Stedin,2026-09-28T13:36:34Z
2026-09-28T00:23:29Z,286,1,1,TS052_10,Lopik ,0,0,0,0,Stedin,2026-09-28T13:36:34Z
2026-09-28T00:23:29Z,287,1,1,TS058_10,Veenendaal 1 ,0,0,0,0,Stedin,2026-09-28T13:36:34Z
2026-09-28T00:23:29Z,288,1,1,TS059_10,Veenendaal 2 ,14,24,3.872,6.324,Stedin,2026-09-28T13:36:34Z
2026-09-28T00:23:29Z,289,1,1,TS060_10,Amersfoort 1 ,5,14,0.498,2.858,Stedin,2026-09-28T13:36:34Z
2026-09-28T00:23:29Z,290,1,1,TS061_10,Amersfoort 2 ,4,13,0.723,3.253,Stedin,2026-09-28T13:36:34Z
2026-09-28T00:23:29Z,291,1,1,TS067_10,Nieuwegein ,0,0,0,0,Stedin,2026-09-28T13:36:34Z
2026-09-28T00:23:29Z,292,1,1,TS068_10,IJsselstein ,6,12,0.539,4.762,Stedin,2026-09-28T13:36:34Z
2026-09-28T00:23:29Z,293,1,1,TS070_10,Mijdrecht ,0,0,0,0,Stedin,2026-09-28T13:36:34Z
2026-09-28T00:23:29Z,294,1,1,TS072_10,Houten ,0,0,0,0,Stedin,2026-09-28T13:36:34Z
2026-09-28T00:23:29Z,295,1,1,TS073_10,Zeist ,7,13,2.939,7.309,Stedin,2026-09-28T13:36:34Z
2026-09-28T00:23:29Z,296,1,1,TS080_10,U. Sorbonnelaan ,0,0,0,0,Stedin,2026-09-28T13:36:34Z
2026-09-28T00:23:29Z,297,1,1,TS081_10,Utrecht Zuid ,4,20,3.295,6.964,Stedin,2026-09-28T13:36:34Z
2026-09-28T00:23:29Z,298,1,1,TS085_10,Utrecht Kernweg ,0,0,0,0,Stedin,2026-09-28T13:36:34Z
2026-09-28T00:23:29Z,299,1,1,TT004_10,Vierhavensstraat ,0,0,0,0,Stedin,2026-09-28T13:36:34Z
2026-09-28T00:23:29Z,300,1,1,TT005_10,Putselaan ,0,0,0,0,Stedin,2026-09-28T13:36:34Z
2026-09-28T00:23:29Z,301,1,1,TT008_10,Gruttostraat ,0,0,0,0,Stedin,2026-09-28T13:36:34Z
2026-09-28T00:23:29Z,302,1,1,TT015_10,Vlaardingen West ,0,0,0,0,Stedin,2026-09-28T13:36:34Z
2026-09-28T00:23:29Z,303,1,1,TT020_10,Schiedam West ,0,0,0,0,Stedin,2026-09-28T13:36:34Z
2026-09-28T00:23:29Z,304,1,1,TT022_10,Koedood ,0,0,0,0,Stedin,2026-09-28T13:36:34Z
2026-09-28T00:23:29Z,305,1,1,TT024_10,Hoofdweg ,0,0,0,0,Stedin,2026-09-28T13:36:34Z
2026-09-28T00:23:29Z,306,1,1,TT024_25,Hoofdweg ,0,0,0,0,Stedin,2026-09-28T13:36:34Z
2026-09-28T00:23:29Z,307,1,1,TT025_10,Schiebroek Enckev.ln ,0,0,0,0,Stedin,2026-09-28T13:36:34Z
2026-09-28T00:23:29Z,308,1,1,TT026_10,IJsselmonde ,0,0,0,0,Stedin,2026-09-28T13:36:34Z
2026-09-28T00:23:29Z,309,1,1,TT032_13,Capelle Noord ,0,0,0,0,Stedin,2026-09-28T13:36:34Z
2026-09-28T00:23:29Z,310,1,1,TT033_10,Boomgaardshoek ,0,5,0,0.335,Stedin,2026-09-28T13:36:34Z
2026-09-28T00:23:29Z,311,1,1,TT035_10,ROCA Capelseweg ,0,0,0,0,Stedin,2026-09-28T13:36:34Z
2026-09-28T00:23:29Z,312,1,1,TT037_10,Delft 6 ,0,0,0,0,Stedin,2026-09-28T13:36:34Z
2026-09-28T00:23:29Z,313,1,1,TT038_10,Delft 7 ,0,0,0,0,Stedin,2026-09-28T13:36:34Z
2026-09-28T00:23:29Z,314,1,1,TT039_10,Delft 10 ,0,0,0,0,Stedin,2026-09-28T13:36:34Z
2026-09-28T00:23:29Z,315,1,1,TT041_10,Dr. Zamenhofstraat ,0,0,0,0,Stedin,2026-09-28T13:36:34Z
2026-09-28T00:23:29Z,316,1,1,TT041_23,Dr. Zamenhofstraat ,0,0,0,0,Stedin,2026-09-28T13:36:34Z
2026-09-28T00:23:29Z,317,1,1,TT042_10,Zoetermeer 1 ,0,0,0,0,Stedin,2026-09-28T13:36:34Z
2026-09-28T00:23:29Z,318,1,1,TT043_10,Zoetermeer 2 ,0,0,0,0,Stedin,2026-09-28T13:36:34Z
2026-09-28T00:23:29Z,319,1,1,TT044_10,Zoetermeer 3 ,0,0,0,0,Stedin,2026-09-28T13:36:34Z
2026-09-28T00:23:29Z,320,1,1,TT045_10,Zoetermeer 4 ,0,0,0,0,Stedin,2026-09-28T13:36:34Z
2026-09-28T00:23:29Z,321,1,1,TT046_10,Zoetermeer 7 ,0,0,0,0,Stedin,2026-09-28T13:36:34Z
2026-09-28T00:23:29Z,322,1,1,TT047_10,Zoetermeer 8 ,0,0,0,0,Stedin,2026-09-28T13:36:34Z
2026-09-28T00:23:29Z,323,1,1,TT048_10,Zoetermeer 12 ,0,0,0,0,Stedin,2026-09-28T13:36:34Z
2026-09-28T00:23:29Z,324,1,1,TT049_10,Zoetermeer 13 ,0,0,0,0,Stedin,2026-09-28T13:36:34Z
2026-09-28T00:23:29Z,325,1,1,TT050_10,Anna van Buerenstraat ,0,0,0,0,Stedin,2026-09-28T13:36:34Z
2026-09-28T00:23:29Z,326,1,1,TT052_10,Boutensstraat ,0,0,0,0,Stedin,2026-09-28T13:36:34Z
2026-09-28T00:23:29Z,327,1,1,TT054_25,Hengelolaan ,0,0,0,0,Stedin,2026-09-28T13:36:34Z
2026-09-28T00:23:29Z,328,1,1,TT056_10,Jan Wapstraat ,0,0,0,0,Stedin,2026-09-28T13:36:34Z
2026-09-28T00:23:29Z,329,1,1,TT057_10,Laagveen ,0,0,0,0,Stedin,2026-09-28T13:36:34Z
2026-09-28T00:23:29Z,330,1,1,TT058_10,Noordsingel ,0,0,0,0,Stedin,2026-09-28T13:36:34Z
2026-09-28T00:23:29Z,331,1,1,TT063_10,van Diepenburchstraat ,0,0,0,0,Stedin,2026-09-28T13:36:34Z
2026-09-28T00:23:29Z,332,1,1,TT066_10,Wegastraat ,0,0,0,0,Stedin,2026-09-28T13:36:34Z
2026-09-28T00:23:29Z,333,1,1,TT068_10,Leidschenveen ,0,0,0,0,Stedin,2026-09-28T13:36:34Z
2026-09-28T00:23:29Z,334,1,1,TT069_10,Zoetermeer 14 ,0,0,0,0,Stedin,2026-09-28T13:36:34Z
2026-09-28T00:23:29Z,335,1,1,TT070_10,Zoetermeer 15 ,0,0,0,0,Stedin,2026-09-28T13:36:34Z
2026-09-28T00:23:29Z,336,1,1,TT072_10,Bolwerk ,0,0,0,0,Stedin,2026-09-28T13:36:34Z
2026-09-28T00:23:29Z,337,1,1,TT073_10,Broekvelden ,0,0,0,0,Stedin,2026-09-28T13:36:34Z
2026-09-28T00:23:29Z,338,1,1,TT078_10,Zoetermeer 16 ,0,0,0,0,Stedin,2026-09-28T13:36:34Z
2026-09-28T00:23:29Z,339,1,1,TT082_13,Hardinxveld ,0,0,0,0,Stedin,2026-09-28T13:36:34Z
2026-09-28T00:23:29Z,340,1,1,TT102_10,Pijnacker 1 ,0,0,0,0,Stedin,2026-09-28T13:36:34Z
2026-09-28T00:23:29Z,341,1,1,TT104_10,Berkel 1 ,0,0,0,0,Stedin,2026-09-28T13:36:34Z
2026-09-28T00:23:29Z,342,1,1,TT105_10,Berkel 2 ,0,0,0,0,Stedin,2026-09-28T13:36:34Z
2026-09-28T00:23:29Z,343,1,1,TT108_10,Nootdorp 1 ,0,0,0,0,Stedin,2026-09-28T13:36:34Z
2026-09-28T00:23:29Z,344,1,1,TT113_10,Zoetermeer 19 ,0,0,0,0,Stedin,2026-09-28T13:36:34Z
2026-09-28T00:23:29Z,345,1,1,TT114_10,Bergschenhoek ,0,0,0,0,Stedin,2026-09-28T13:36:34Z
2026-09-28T00:23:29Z,346,1,1,TT115_10,Pijnacker 3 ,0,0,0,0,Stedin,2026-09-28T13:36:34Z
2026-09-28T00:23:29Z,347,1,1,TT133_23,Nootdorp 2 ,0,0,0,0,Stedin,2026-09-28T13:36:34Z
2026-09-28T00:23:29Z,348,1,1,TT134_23,Rotterdam Airport ,0,0,0,0,Stedin,2026-09-28T13:36:34Z
2026-09-28T00:23:29Z,349,1,1,TT143_13,Slikkerveer ,0,0,0,0,Stedin,2026-09-28T13:36:34Z
2026-09-28T00:23:29Z,350,1,1,TT220_10,Cambron ,0,14,0,7.579,Stedin,2026-09-28T13:36:34Z
2026-09-28T00:23:29Z,351,1,1,TT228_10,Goes Evertsenstraat ,0,16,0,1.487,Stedin,2026-09-28T13:36:34Z
2026-09-28T00:23:29Z,352,1,1,TZ001_23,Putselaan ,0,0,0,0,Stedin,2026-09-28T13:36:34Z
2026-09-28T00:23:29Z,353,1,1,TZ020_25,Zoetermeer 10 ,0,0,0,0,Stedin,2026-09-28T13:36:34Z
2026-09-28T00:23:29Z,354,1,1,VH,VH Vroomshoop,42,49,36.802,19.565,Enexis,2026-09-28T13:36:34Z
2026-09-28T00:23:29Z,355,1,1,WS,WS Winschoten,13,8,1.195,3.418,Enexis,2026-09-28T13:36:34Z
2026-09-28T00:23:29Z,356,1,2,CM08,Waddinxveen,9,13,4.475,3.937,Stedin,2026-09-28T13:36:34Z
2026-09-28T00:23:29Z,357,1,2,MEE,MEE Meeden,16,18,9.121,13.913,Enexis,2026-09-28T13:36:34Z
2026-09-28T00:23:29Z,358,1,2,OS BORCULO 20-3i,OS BORCULO 20-3i,21,33,43.674,54.7073,Liander,2026-09-28T13:36:34Z
2026-09-28T00:23:29Z,359,1,2,OS DRONTEN 10-1i,OS DRONTEN 10-1i,64,80,13.242,9.4823,Liander,2026-09-28T13:36:34Z
2026-09-28T00:23:29Z,360,1,2,OS EERBEEK 10-1i + 10-2i,OS EERBEEK 10-1i + 10-2i,29,35,23.942,25.01092,Liander,2026-09-28T13:36:34Z
2026-09-28T00:23:29Z,361,1,2,OS ELST 10-2i,OS ELST 10-2i,17,37,1.476,7.91256,Liander,2026-09-28T13:36:34Z
2026-09-28T00:23:29Z,362,1,2,OS HARDERWIJK 10-2i,OS HARDERWIJK 10-2i,38,56,8.328,9.79177,Liander,2026-09-28T13:36:34Z
2026-09-28T00:23:29Z,363,1,2,OS HERBAYUM 20KV 20-1i,OS HERBAYUM 20KV 20-1i,16,6,25.765,3.90804,Liander,2026-09-28T13:36:34Z
2026-09-28T00:23:29Z,364,1,2,OS LEEUWARDEN 10-1i,OS LEEUWARDEN 10-1i,41,21,11.547,9.76808,Liander,2026-09-28T13:36:34Z
2026-09-28T00:23:29Z,365,1,2,OS ROZENBURG 10-1i,OS ROZENBURG 10-1i,,15,,9.09282,Liander,2026-09-28T13:36:34Z
2026-09-28T00:23:29Z,366,1,2,OS SCHENKENSCHANS 10-2i,OS SCHENKENSCHANS 10-2i,11,,2.122,,Liander,2026-09-28T13:36:34Z
2026-09-28T00:23:29Z,367,1,2,OS VAASSEN 10-1i,OS VAASSEN 10-1i,26,30,3.293,6.5569,Liander,2026-09-28T13:36:34Z
2026-09-28T00:23:29Z,368,1,2,OS WINTERSWIJK 10-1i,OS WINTERSWIJK 10-1i,35,50,13.969,9.22076,Liander,2026-09-28T13:36:34Z
2026-09-28T00:23:29Z,369,1,2,OS WOLVEGA 10-2i,OS WOLVEGA 10-2i,24,15,7.514,5.30082,Liander,2026-09-28T13:36:34Z
2026-09-28T00:23:29Z,370,1,2,OS ZALTBOMMEL 10-2i,OS ZALTBOMMEL 10-2i,25,25,7.027,11.95474,Liander,2026-09-28T13:36:34Z
2026-09-28T00:23:29Z,371,1,2,OS ZALTBOMMEL 20-4i,OS ZALTBOMMEL 20-4i,12,17,20.347,33.88092,Liander,2026-09-28T13:36:34Z
2026-09-28T00:23:29Z,372,1,2,OS ZALTBOMMEL 20-5i,OS ZALTBOMMEL 20-5i,43,39,63.83,38.8444,Liander,2026-09-28T13:36:34Z
2026-09-28T00:23:29Z,373,1,2,OS ZEEWOLDE 10-1i,OS ZEEWOLDE 10-1i,22,31,5.076,8.83002,Liander,2026-09-28T13:36:34Z
2026-09-28T00:23:29Z,374,1,2,OS ZEVENAAR 10-1i,OS ZEVENAAR 10-1i,31,54,9.252,6.16508,Liander,2026-09-28T13:36:34Z
2026-09-28T00:23:29Z,375,1,2,OS ZUTPHEN 10-2i,OS ZUTPHEN 10-2i,23,30,15.717,3.18976,Liander,2026-09-28T13:36:34Z
2026-09-28T00:23:29Z,376,1,2,VDM,VDM Veendam,36,22,62.368,7.225,Enexis,2026-09-28T13:36:34Z
2026-09-28T00:23:29Z,377,1,2,VH,VH Vroomshoop,42,49,36.802,19.565,Enexis,2026-09-28T13:36:34Z
2026-09-28T00:23:29Z,378,1,2,WS,WS Winschoten,13,8,1.195,3.418,Enexis,2026-09-28T13:36:34Z
2026-09-28T00:23:29Z,379,1,3,CM00,Noordring (Schouwen-Duiveland en Tholen),10,20,17.094,14.677,Stedin,2026-09-28T13:36:34Z
2026-09-28T00:23:29Z,380,1,3,CM07,Zuidplas,1,7,,3.831,Stedin,2026-09-28T13:36:34Z
2026-09-28T00:23:29Z,381,1,3,CM20,Bleiswijk - Bergschenhoek,10,6,3.866,1.078,Stedin,2026-09-28T13:36:34Z
2026-09-28T00:23:29Z,382,1,3,CM23,Berkel en Rodenrijs - Noordeinde ,2,2,,,Stedin,2026-09-28T13:36:34Z
2026-09-28T00:23:29Z,383,1,3,CM32,Waddinxveen - Piet Stuurmanweg,3,0,3.665,0,Stedin,2026-09-28T13:36:34Z
2026-09-28T00:23:29Z,384,1,3,CM33,Waddinxveen - Doelwijk,3,0,1.518,0,Stedin,2026-09-28T13:36:34Z
2026-09-28T00:23:29Z,385,1,3,CM39,Nieuwegein,46,91,13.433,48.756,Stedin,2026-09-28T13:36:34Z
2026-09-28T00:23:29Z,386,1,3,CM40,Wijk bij Duurstede,8,8,1.209,1.555,Stedin,2026-09-28T13:36:34Z
2026-09-28T00:23:29Z,387,1,3,CM41,Houten-Oost,2,2,,,Stedin,2026-09-28T13:36:34Z
2026-09-28T00:23:29Z,388,1,3,GO,GO Goor,21,37,48.431000000000004,4.486,"Coteq, Enexis",2026-09-28T13:36:34Z
2026-09-28T00:23:29Z,389,1,3,HDB,HDB Hardenberg,41,60,28.368,11.864,Enexis,2026-09-28T13:36:34Z
2026-09-28T00:23:29Z,390,1,3,MEE,MEE Meeden,16,18,9.121,13.913,Enexis,2026-09-28T13:36:34Z
2026-09-28T00:23:29Z,391,1,3,MZ,MZ Maarheeze,39,99,124.678,57.755,Enexis,2026-09-28T13:36:34Z
2026-09-28T00:23:29Z,392,1,3,OS HERBAYUM 20KV 20-1i,OS HERBAYUM 20KV 20-1i,16,6,25.765,3.90804,Liander,2026-09-28T13:36:34Z
2026-09-28T00:23:29Z,393,1,3,TBZ,TBZ Tilburg Zuid,99,149,22.959,44.867,Enexis,2026-09-28T13:36:34Z
2026-09-28T00:23:29Z,394,1,3,VH,VH Vroomshoop,42,49,36.802,19.565,Enexis,2026-09-28T13:36:34Z
2026-09-28T00:23:29Z,395,1,3,WS,WS Winschoten,13,8,1.195,3.418,Enexis,2026-09-28T13:36:34Z
2026-09-28T00:23:29Z,396,2,0,BGMR,BGMR Bargermeer,58,38,70.235,20.319,Enexis,2026-09-28T13:36:34Z
2026-09-28T00:23:29Z,397,2,0,BL,BL Beilen,35,29,70.898,18.173,Enexis,2026-09-28T13:36:34Z
2026-09-28T00:23:29Z,398,2,0,BLER,BLER Blerick,48,115,14.932,43.12,Enexis,2026-09-28T13:36:34Z
2026-09-28T00:23:29Z,399,2,0,CM71,Terneuzen Braakman- en Buitenhaven,0,5,0,37.217,Stedin,2026-09-28T13:36:34Z
2026-09-28T00:23:29Z,400,2,0,CM77,Botlek-Zuid Havengebied Rotterdam,0,18,0,24.208,Stedin,2026-09-28T13:36:34Z
2026-09-28T00:23:29Z,401,2,0,EHVZ,EHVZ Eindhoven Zuid,26,75,5.213,26.136,Enexis,2026-09-28T13:36:34Z
2026-09-28T00:23:29Z,402,2,0,EMW,EMW Emmen Weerdinge,17,9,27.326,5.138,Enexis,2026-09-28T13:36:34Z
2026-09-28T00:23:29Z,403,2,0,GNBS,GNBS Groningen Bloemsingel,5,7,0.187,0.321,Enexis,2026-09-28T13:36:34Z
2026-09-28T00:23:29Z,404,2,0,GNHK,GNHK Groningen v. Heemskerckstraat,21,36,6.006,60.038,Enexis,2026-09-28T13:36:34Z
2026-09-28T00:23:29Z,405,2,0,GNHU,GNHU Groningen Hunze,14,6,2.692,2.082,Enexis,2026-09-28T13:36:34Z
2026-09-28T00:23:29Z,406,2,0,HDB,HDB Hardenberg,41,60,28.368,11.864,Enexis,2026-09-28T13:36:34Z
2026-09-28T00:23:29Z,407,2,0,HEER,HEER Heer,14,45,3.473,13.136,Enexis,2026-09-28T13:36:34Z
2026-09-28T00:23:29Z,408,2,0,MAK,MAK Marsdijk,27,61,6.972,18.555,Enexis,2026-09-28T13:36:34Z
2026-09-28T00:23:29Z,409,2,0,MEE,MEE Meeden,16,18,9.121,13.913,Enexis,2026-09-28T13:36:34Z
2026-09-28T00:23:29Z,410,2,0,OS ARNHEM 10-1i,OS ARNHEM 10-1i,28,73,6.347,17.9604,Liander,2026-09-28T13:36:34Z
2026-09-28T00:23:29Z,411,2,0,OS BIJLMER ZUID 10-1i,OS BIJLMER ZUID 10-1i,,32,,24.81888,Liander,2026-09-28T13:36:34Z
2026-09-28T00:23:29Z,412,2,0,OS EIBERGEN 10-3i,OS EIBERGEN 10-3i,9,11,2.542,10.31004,Liander,2026-09-28T13:36:34Z
2026-09-28T00:23:29Z,413,2,0,OS ELST 10-2i,OS ELST 10-2i,17,37,1.476,7.91256,Liander,2026-09-28T13:36:34Z
2026-09-28T00:23:29Z,414,2,0,OS HARDERWIJK 10-1i,OS HARDERWIJK 10-1i,36,60,6.503,13.31828,Liander,2026-09-28T13:36:34Z
2026-09-28T00:23:29Z,415,2,0,OS HOOGTE KADIJK 10-1i,OS HOOGTE KADIJK 10-1i,,9,,1.28032,Liander,2026-09-28T13:36:34Z
2026-09-28T00:23:29Z,416,2,0,OS HOOGTE KADIJK 10-2i,OS HOOGTE KADIJK 10-2i,,4,,1.535,Liander,2026-09-28T13:36:34Z
2026-09-28T00:23:29Z,417,2,0,OS IJMUIDEN 50-1i,OS IJMUIDEN 50-1i,8,30,2.141,17.72764,Liander,2026-09-28T13:36:34Z
2026-09-28T00:23:29Z,418,2,0,OS KARPERWEG 10-4i,OS KARPERWEG 10-4i,,11,,2.24142,Liander,2026-09-28T13:36:34Z
2026-09-28T00:23:29Z,419,2,0,OS SINT ANNAMOLEN 10-1i,OS SINT ANNAMOLEN 10-1i,5,10,0.71,3.40474,Liander,2026-09-28T13:36:34Z
2026-09-28T00:23:29Z,420,2,0,OS VENSERWEG 10-11i,OS VENSERWEG 10-11i,,13,,14.07658,Liander,2026-09-28T13:36:34Z
2026-09-28T00:23:29Z,421,2,0,OS VENSERWEG 10-12i,OS VENSERWEG 10-12i,,16,,5.00698,Liander,2026-09-28T13:36:34Z
2026-09-28T00:23:29Z,422,2,0,OS WATERGRAAFSMEER 10-2i,OS WATERGRAAFSMEER 10-2i,,20,,9.08524,Liander,2026-09-28T13:36:34Z
2026-09-28T00:23:29Z,423,2,0,OS WINSELINGSEWEG 10-1i,OS WINSELINGSEWEG 10-1i,16,50,3.224,10.73114,Liander,2026-09-28T13:36:34Z
2026-09-28T00:23:29Z,424,2,0,OS WINSELINGSEWEG 10-2i,OS WINSELINGSEWEG 10-2i,9,13,1.291,4.82492,Liander,2026-09-28T13:36:34Z
2026-09-28T00:23:29Z,425,2,0,OS WINSELINGSEWEG 10-3i,OS WINSELINGSEWEG 10-3i,7,23,0.855,13.56142,Liander,2026-09-28T13:36:34Z
2026-09-28T00:23:29Z,426,2,0,OS ZORGVLIED 20-4i,OS ZORGVLIED 20-4i,,44,,16.39352,Liander,2026-09-28T13:36:34Z
2026-09-28T00:23:29Z,427,2,0,OS ZUILICHEM 20-1i,OS ZUILICHEM 20-1i,22,24,63.645,59.86088,Liander,2026-09-28T13:36:34Z
2026-09-28T00:23:29Z,428,2,0,VVL10,VVL10 Vierverlaten,39,70,18.921,43.503,Enexis,2026-09-28T13:36:34Z
2026-09-28T00:23:29Z,429,2,0,ZLH,ZLH Zwolle Hessenweg,35,44,131.74,45.975,Enexis,2026-09-28T13:36:34Z
2026-09-28T00:23:29Z,430,2,1,CM71,Terneuzen Braakman- en Buitenhaven,0,5,0,37.217,Stedin,2026-09-28T13:36:34Z
2026-09-28T00:23:29Z,431,2,1,CM74,Europoort Havengebied Rotterdam en omliggende gemeenten,0,23,0,132.173,Stedin,2026-09-28T13:36:34Z
2026-09-28T00:23:29Z,432,2,1,CM77,Botlek-Zuid Havengebied Rotterdam,0,18,0,24.208,Stedin,2026-09-28T13:36:34Z
2026-09-28T00:23:29Z,433,2,1,CM80,Reimerswaal West,0,17,0,11.41,Stedin,2026-09-28T13:36:34Z
2026-09-28T00:23:29Z,434,2,1,CM84,"Hellevoetsluis, Westvoorne Zuid en buitengebieden",0,17,0,15.644,Stedin,2026-09-28T13:36:34Z
2026-09-28T00:23:29Z,435,2,1,CM85,"Rotterdamse Haven, Voorne aan Zee en omliggende gemeenten",0,9,0,5.291,Stedin,2026-09-28T13:36:34Z
2026-09-28T00:23:29Z,436,2,1,Emmeloord inst. 2+3,Emmeloord inst. 2+3,39,51,9.241,16.73662,Liander,2026-09-28T13:36:34Z
2026-09-28T00:23:29Z,437,2,1,OS EERBEEK 10-1i + 10-2i,OS EERBEEK 10-1i + 10-2i,29,35,23.942,25.01092,Liander,2026-09-28T13:36:34Z
2026-09-28T00:23:29Z,438,2,1,OS LUTTELGEEST 20-1i,OS LUTTELGEEST 20-1i,,,,,Liander,2026-09-28T13:36:34Z
2026-09-28T00:23:29Z,439,2,1,OS PAMPUS 10-1i,OS PAMPUS 10-1i,33,62,7.087,19.73866,Liander,2026-09-28T13:36:34Z
2026-09-28T00:23:29Z,440,2,1,OS SINT ANNAMOLEN 10-1i,OS SINT ANNAMOLEN 10-1i,5,10,0.71,3.40474,Liander,2026-09-28T13:36:34Z
2026-09-28T00:23:29Z,441,2,1,OS WAGENINGEN 10-1i,OS WAGENINGEN 10-1i,11,37,2.832,9.16328,Liander,2026-09-28T13:36:34Z
2026-09-28T00:23:29Z,442,2,1,OS WINSELINGSEWEG 10-1i,OS WINSELINGSEWEG 10-1i,16,50,3.224,10.73114,Liander,2026-09-28T13:36:34Z
2026-09-28T00:23:29Z,443,2,1,OS WINTERSWIJK 10-1i,OS WINTERSWIJK 10-1i,35,50,13.969,9.22076,Liander,2026-09-28T13:36:34Z
2026-09-28T00:23:29Z,444,2,2,BGMR,BGMR Bargermeer,58,38,70.235,20.319,Enexis,2026-09-28T13:36:34Z
2026-09-28T00:23:29Z,445,2,2,BL,BL Beilen,35,29,70.898,18.173,Enexis,2026-09-28T13:36:34Z
2026-09-28T00:23:29Z,446,2,2,BLER,BLER Blerick,48,115,14.932,43.12,Enexis,2026-09-28T13:36:34Z
2026-09-28T00:23:29Z,447,2,2,BUGG,BUGG Buggenum,42,54,78.758,76.924,Enexis,2026-09-28T13:36:34Z
2026-09-28T00:23:29Z,448,2,2,GLTK,GLTK Gasselte Kraanlanden,22,14,4.822,2.303,Enexis,2026-09-28T13:36:34Z
2026-09-28T00:23:29Z,449,2,2,KWD,KWD Kropswolde,50,49,25.45,38.953,Enexis,2026-09-28T13:36:34Z
2026-09-28T00:23:29Z,450,2,2,MSBT,MSBT Maasbracht,59,73,58.527,20.961,Enexis,2026-09-28T13:36:34Z
2026-09-28T00:23:29Z,451,2,2,ODZ,ODZ - Oldenzaal,36,56,7.3119999999999994,11.178,"Coteq, Enexis",2026-09-28T13:36:34Z
2026-09-28T00:23:29Z,452,2,2,OS BORCULO 20-3i,OS BORCULO 20-3i,21,33,43.674,54.7073,Liander,2026-09-28T13:36:34Z
2026-09-28T00:23:29Z,453,2,2,OS DOETINCHEM 150kV TenneT,OS DOETINCHEM 150kV TenneT,104,161,44.496,53.76474,Liander,2026-09-28T13:36:34Z
2026-09-28T00:23:29Z,454,2,2,OS DRONTEN 10-1i,OS DRONTEN 10-1i,64,80,13.242,9.4823,Liander,2026-09-28T13:36:34Z
2026-09-28T00:23:29Z,455,2,2,OS DRUTEN 10-1i,OS DRUTEN 10-1i,34,41,50.584,7.17234,Liander,2026-09-28T13:36:34Z
2026-09-28T00:23:29Z,456,2,2,OS EERBEEK 10-1i + 10-2i,OS EERBEEK 10-1i + 10-2i,29,35,23.942,25.01092,Liander,2026-09-28T13:36:34Z
2026-09-28T00:23:29Z,457,2,2,OS ELST 10-1i,OS ELST 10-1i,21,35,4.049,6.34554,Liander,2026-09-28T13:36:34Z
2026-09-28T00:23:29Z,458,2,2,OS HARDERWIJK 10-2i,OS HARDERWIJK 10-2i,38,56,8.328,9.79177,Liander,2026-09-28T13:36:34Z
2026-09-28T00:23:29Z,459,2,2,OS HARSELAAR 10-1i,OS HARSELAAR 10-1i,41,48,9.113,6.89074,Liander,2026-09-28T13:36:34Z
2026-09-28T00:23:29Z,460,2,2,OS HEERENVEEN 10-1i,OS HEERENVEEN 10-1i,7,15,14.604,8.46452,Liander,2026-09-28T13:36:34Z
2026-09-28T00:23:29Z,461,2,2,OS HERBAYUM 10-2i,OS HERBAYUM 10-2i,5,,1.511,,Liander,2026-09-28T13:36:34Z
2026-09-28T00:23:29Z,462,2,2,OS HERBAYUM 20KV 20-1i,OS HERBAYUM 20KV 20-1i,16,6,25.765,3.90804,Liander,2026-09-28T13:36:34Z
2026-09-28T00:23:29Z,463,2,2,OS LEEUWARDEN 10-1i,OS LEEUWARDEN 10-1i,41,21,11.547,9.76808,Liander,2026-09-28T13:36:34Z
2026-09-28T00:23:29Z,464,2,2,OS OOSTERHOUT 20-1i,OS OOSTERHOUT 20-1i,34,40,81.228,67.35002,Liander,2026-09-28T13:36:34Z
2026-09-28T00:23:29Z,465,2,2,OS OOSTERWOLDE 10-1i,OS OOSTERWOLDE 10-1i,32,12,5.482,5.45336,Liander,2026-09-28T13:36:34Z
2026-09-28T00:23:29Z,466,2,2,OS RENKUM 10-1i,OS RENKUM 10-1i,30,30,17.176,14.1149,Liander,2026-09-28T13:36:34Z
2026-09-28T00:23:29Z,467,2,2,OS ROZENBURG 10-1i,OS ROZENBURG 10-1i,,15,,9.09282,Liander,2026-09-28T13:36:34Z
2026-09-28T00:23:29Z,468,2,2,OS TEERSDIJK 10-2i,OS TEERSDIJK 10-2i,25,50,5.844,24.15944,Liander,2026-09-28T13:36:34Z
2026-09-28T00:23:29Z,469,2,2,OS TIEL 10-2i,OS TIEL 10-2i,35,49,23.334,35.80582,Liander,2026-09-28T13:36:34Z
2026-09-28T00:23:29Z,470,2,2,OS ULFT 20-3i,OS ULFT 20-3i,16,22,128.298,76.6546,Liander,2026-09-28T13:36:34Z
2026-09-28T00:23:29Z,471,2,2,OS WINSELINGSEWEG 10-3i,OS WINSELINGSEWEG 10-3i,7,23,0.855,13.56142,Liander,2026-09-28T13:36:34Z
2026-09-28T00:23:29Z,472,2,2,OS WINTERSWIJK 10-1i,OS WINTERSWIJK 10-1i,35,50,13.969,9.22076,Liander,2026-09-28T13:36:34Z
2026-09-28T00:23:29Z,473,2,2,OS WOLVEGA 10-2i,OS WOLVEGA 10-2i,24,15,7.514,5.30082,Liander,2026-09-28T13:36:34Z
2026-09-28T00:23:29Z,474,2,2,OS ZALTBOMMEL 20-5i,OS ZALTBOMMEL 20-5i,43,39,63.83,38.8444,Liander,2026-09-28T13:36:34Z
2026-09-28T00:23:29Z,475,2,2,OS ZEEWOLDE 20KV 20-7i,OS ZEEWOLDE 20KV 20-7i,49,53,36.983,37.23848,Liander,2026-09-28T13:36:34Z
2026-09-28T00:23:29Z,476,2,2,OS ZEVENAAR 10-1i,OS ZEVENAAR 10-1i,31,54,9.252,6.16508,Liander,2026-09-28T13:36:34Z
2026-09-28T00:23:29Z,477,2,2,OS ZOETERWOUDE 10-2i,OS ZOETERWOUDE 10-2i,,7,,2.15608,Liander,2026-09-28T13:36:34Z
2026-09-28T00:23:29Z,478,2,2,OS ZUTPHEN 10-2i,OS ZUTPHEN 10-2i,23,30,15.717,3.18976,Liander,2026-09-28T13:36:34Z
2026-09-28T00:23:29Z,479,2,2,VDM,VDM Veendam,36,22,62.368,7.225,Enexis,2026-09-28T13:36:34Z
2026-09-28T00:23:29Z,480,2,2,WEW,WEW Weiwerd,44,19,63.121,13.744,Enexis,2026-09-28T13:36:34Z
2026-09-28T00:23:29Z,481,2,2,WS,WS Winschoten,13,8,1.195,3.418,Enexis,2026-09-28T13:36:34Z
2026-09-28T00:23:29Z,482,2,2,WSMR,WSMR Winsum Ranum,23,40,5.386,12.218,Enexis,2026-09-28T13:36:34Z
2026-09-28T00:23:29Z,483,2,3,CM44,Rilland ,4,9,3.499,2.547,Stedin,2026-09-28T13:36:34Z
2026-09-28T00:23:29Z,484,2,3,CM73,Schouwen en Zierikzee,7,18,3.214,10.073,Stedin,2026-09-28T13:36:34Z
2026-09-28T00:23:29Z,485,2,3,CM79,"Staart van Zuid-Beveland, oostelijk Tholen en St. Philipsland",1,5,,155.601,Stedin,2026-09-28T13:36:34Z
2026-09-28T00:23:29Z,486,2,3,GLTK,GLTK Gasselte Kraanlanden,22,14,4.822,2.303,Enexis,2026-09-28T13:36:34Z
2026-09-28T00:23:29Z,487,2,3,HDB,HDB Hardenberg,41,60,28.368,11.864,Enexis,2026-09-28T13:36:34Z
2026-09-28T00:23:29Z,488,2,3,MSBT,MSBT Maasbracht,59,73,58.527,20.961,Enexis,2026-09-28T13:36:34Z
2026-09-28T00:23:29Z,489,2,3,OS OOSTERHOUT 20-1i,OS OOSTERHOUT 20-1i,34,40,81.228,67.35002,Liander,2026-09-28T13:36:34Z
2026-09-28T00:23:29Z,490,2,3,WEW,WEW Weiwerd,44,19,63.121,13.744,Enexis,2026-09-28T13:36:34Z
2026-09-28T00:23:29Z,491,2,3,WSMR,WSMR Winsum Ranum,23,40,5.386,12.218,Enexis,2026-09-28T13:36:34Z
2026-09-28T00:23:29Z,492,3,0,AMLU,AMLU Almelo Urenco,33,17,34.262,6.514,"Coteq, Enexis",2026-09-28T13:36:34Z
2026-09-28T00:23:29Z,493,3,0,Amstelveen,Amstelveen,,30,,5.91594,Liander,2026-09-28T13:36:34Z
2026-09-28T00:23:29Z,494,3,0,BD,BD Breda,60,216,16.15,58.773,Enexis,2026-09-28T13:36:34Z
2026-09-28T00:23:29Z,495,3,0,Bijlmer Noord 10kV totaal,Bijlmer Noord 10kV totaal,,28,,16.83806,Liander,2026-09-28T13:36:34Z
2026-09-28T00:23:29Z,496,3,0,BL,BL Beilen,35,29,70.898,18.173,Enexis,2026-09-28T13:36:34Z
2026-09-28T00:23:29Z,497,3,0,BT,BT Best,52,138,17.616,44.925,Enexis,2026-09-28T13:36:34Z
2026-09-28T00:23:29Z,498,3,0,BUGG,BUGG Buggenum,42,54,78.758,76.924,Enexis,2026-09-28T13:36:34Z
2026-09-28T00:23:29Z,499,3,0,CM09,Woerden,0,21,0,8.771,Stedin,2026-09-28T13:36:34Z
2026-09-28T00:23:29Z,500,3,0,CM10,Oudenrijn,10,30,74.859,6.009,Stedin,2026-09-28T13:36:34Z
2026-09-28T00:23:29Z,501,3,0,CM11,Amersfoort 5,16,32,3.54,10.374,Stedin,2026-09-28T13:36:34Z
2026-09-28T00:23:29Z,502,3,0,CM12,Bilthoven,9,21,0.957,6.759,Stedin,2026-09-28T13:36:34Z
2026-09-28T00:23:29Z,503,3,0,CM13,Mijdrecht,15,18,1.566,5.92,Stedin,2026-09-28T13:36:34Z
2026-09-28T00:23:29Z,504,3,0,CM14,Maarssenbroek,9,20,1.589,7.861,Stedin,2026-09-28T13:36:34Z
2026-09-28T00:23:29Z,505,3,0,CM15,Baarn,14,15,1.631,1.772,Stedin,2026-09-28T13:36:34Z
2026-09-28T00:23:29Z,506,3,0,CM22,"Alblasserwaard-Oost, Vijfheerenlanden en West Betuwe-Noordwest ('Arkel')",0,23,0,57.205,Stedin,2026-09-28T13:36:34Z
2026-09-28T00:23:29Z,507,3,0,CM26,"Den Haag Centrum-Noordwest, Scheveningen, Duindorp",0,56,0,33.605,Stedin,2026-09-28T13:36:34Z
2026-09-28T00:23:29Z,508,3,0,CM28,Waarder en Driebruggen,0,7,0,3.244,Stedin,2026-09-28T13:36:34Z
2026-09-28T00:23:29Z,509,3,0,CM31,"Gouda-Noord, Bodegraven-Reeuwijk",0,20,0,7.034,Stedin,2026-09-28T13:36:34Z
2026-09-28T00:23:29Z,510,3,0,CM37,Driebergen,14,20,2.817,8.161,Stedin,2026-09-28T13:36:34Z
2026-09-28T00:23:29Z,511,3,0,CM38,Veenendaal,18,30,3.411,8.981,Stedin,2026-09-28T13:36:34Z
2026-09-28T00:23:29Z,512,3,0,CM48,Langeland,0,6,0,0.665,Stedin,2026-09-28T13:36:34Z
2026-09-28T00:23:29Z,513,3,0,CM49,Appelstraat,0,9,0,0.452,Stedin,2026-09-28T13:36:34Z
2026-09-28T00:23:29Z,514,3,0,CM50,Cartesiusstraat,0,0,0,0,Stedin,2026-09-28T13:36:34Z
2026-09-28T00:23:29Z,515,3,0,CM51,Hengelolaan,0,4,0,0.291,Stedin,2026-09-28T13:36:34Z
2026-09-28T00:23:29Z,516,3,0,CM52,Jan Wapstraat,0,4,0,1.596,Stedin,2026-09-28T13:36:34Z
2026-09-28T00:23:29Z,517,3,0,CM53,Laagveen,0,8,0,2.163,Stedin,2026-09-28T13:36:34Z
2026-09-28T00:23:29Z,518,3,0,CM54,Televisiestraat,0,4,0,4.03,Stedin,2026-09-28T13:36:34Z
2026-09-28T00:23:29Z,519,3,0,CM56,Noordsingel,0,12,0,4.168,Stedin,2026-09-28T13:36:34Z
2026-09-28T00:23:29Z,520,3,0,CM59,Utrecht Merwede Kanaal,5,17,0.591,3.226,Stedin,2026-09-28T13:36:34Z
2026-09-28T00:23:29Z,521,3,0,CM60,Utrecht Lage Weide,21,49,20.411,28.073,Stedin,2026-09-28T13:36:34Z
2026-09-28T00:23:29Z,522,3,0,CM63,Gedeelte Drechtsteden en centraal Molenlanden,0,43,0,28.927,Stedin,2026-09-28T13:36:34Z
2026-09-28T00:23:29Z,523,3,0,CM66,Albasserdam Molenlanden West (Zwarte Paard),0,4,0,1.745,Stedin,2026-09-28T13:36:34Z
2026-09-28T00:23:29Z,524,3,0,CM76,Spijkenisse en buitengebied,0,20,0,4.178,Stedin,2026-09-28T13:36:34Z
2026-09-28T00:23:29Z,525,3,0,DVTB,DVTB Deventer Bergweide,45,54,9.03,12.501,Enexis,2026-09-28T13:36:34Z
2026-09-28T00:23:29Z,526,3,0,EHVN,EHVN Eindhoven Noord,38,163,35.716,98.347,Enexis,2026-09-28T13:36:34Z
2026-09-28T00:23:29Z,527,3,0,EHVO,EHVO Eindhoven Oost,48,151,8.143,56.999,Enexis,2026-09-28T13:36:34Z
2026-09-28T00:23:29Z,528,3,0,EHVW,EHVW Eindhoven West,70,129,47.222,59.21,Enexis,2026-09-28T13:36:34Z
2026-09-28T00:23:29Z,529,3,0,ESDH,ESDH Enschede van Heekstraat,20,43,1.862,10.785,Enexis,2026-09-28T13:36:34Z
2026-09-28T00:23:29Z,530,3,0,ESDV,ESDV Enschede Vechtstraat,17,20,2.89,5.87,Enexis,2026-09-28T13:36:34Z
2026-09-28T00:23:29Z,531,3,0,HGLB,HGLB Hengelo Bolderhoek,17,48,25.43,14.122,Enexis,2026-09-28T13:36:34Z
2026-09-28T00:23:29Z,532,3,0,HGLW,HGLW Hengelo Weideweg,44,58,4.916,32.717,Enexis,2026-09-28T13:36:34Z
2026-09-28T00:23:29Z,533,3,0,Hilversum Noorderbegraafplaats 10 kV 1 + 2,Hilversum Noorderbegraafplaats 10 kV 1 + 2,,4,,0.20824,Liander,2026-09-28T13:36:34Z
2026-09-28T00:23:29Z,534,3,0,HMZ,HMZ Helmond Zuid,117,172,34.498,54.424,Enexis,2026-09-28T13:36:34Z
2026-09-28T00:23:29Z,535,3,0,HTN,HTN s-Hertogenbosch Noord,110,299,53.755,81.393,Enexis,2026-09-28T13:36:34Z
2026-09-28T00:23:29Z,536,3,0,ISM,ISM IJsselmuiden,26,17,52.235,21.482,Enexis,2026-09-28T13:36:34Z
2026-09-28T00:23:29Z,537,3,0,KP,KP Kampen,35,34,7.822,13.408,Enexis,2026-09-28T13:36:34Z
2026-09-28T00:23:29Z,538,3,0,KWD,KWD Kropswolde,50,49,25.45,38.953,Enexis,2026-09-28T13:36:34Z
2026-09-28T00:23:29Z,539,3,0,LIMM,LIMM Limmel,32,95,17.185,62.793,Enexis,2026-09-28T13:36:34Z
2026-09-28T00:23:29Z,540,3,0,LUTT,LUTT Lutterade,26,73,4.23,15.67,Enexis,2026-09-28T13:36:34Z
2026-09-28T00:23:29Z,541,3,0,MAK,MAK Marsdijk,27,61,6.972,18.555,Enexis,2026-09-28T13:36:34Z
2026-09-28T00:23:29Z,542,3,0,MDK,MDK Moerdijk,79,115,105.374,155.416,Enexis,2026-09-28T13:36:34Z
2026-09-28T00:23:29Z,543,3,0,MP,MP Meppel,63,84,40.389,26.669,Enexis,2026-09-28T13:36:34Z
2026-09-28T00:23:29Z,544,3,0,OS,OS Oss,57,151,12.698,45.01,Enexis,2026-09-28T13:36:34Z
2026-09-28T00:23:29Z,545,3,0,OS AALSMEER BLOEMENVEILING 10-1i,OS AALSMEER BLOEMENVEILING 10-1i,8,38,4.306,21.94178,Liander,2026-09-28T13:36:34Z
2026-09-28T00:23:29Z,546,3,0,OS AALSMEER BLOEMENVEILING 10-2i,OS AALSMEER BLOEMENVEILING 10-2i,4,13,2.7,16.33014,Liander,2026-09-28T13:36:34Z
2026-09-28T00:23:29Z,547,3,0,OS ALMERE 10-1i,OS ALMERE 10-1i,34,43,8.065,8.73844,Liander,2026-09-28T13:36:34Z
2026-09-28T00:23:29Z,548,3,0,OS ALPHEN CENTRUM 10-1i,OS ALPHEN CENTRUM 10-1i,,8,,3.7997,Liander,2026-09-28T13:36:34Z
2026-09-28T00:23:29Z,549,3,0,OS ALPHEN CENTRUM 10-2i,OS ALPHEN CENTRUM 10-2i,,9,,3.73438,Liander,2026-09-28T13:36:34Z
2026-09-28T00:23:29Z,550,3,0,OS AMSTELVEEN BOLWERK 50-1i,OS AMSTELVEEN BOLWERK 50-1i,,31,,4.89618,Liander,2026-09-28T13:36:34Z
2026-09-28T00:23:29Z,551,3,0,OS APELDOORN 10-1i,OS APELDOORN 10-1i,22,43,5.425,9.78472,Liander,2026-09-28T13:36:34Z
2026-09-28T00:23:29Z,552,3,0,OS APELDOORN 10-2i,OS APELDOORN 10-2i,20,58,2.589,13.15614,Liander,2026-09-28T13:36:34Z
2026-09-28T00:23:29Z,553,3,0,OS ARNHEM 10-1i,OS ARNHEM 10-1i,28,73,6.347,17.9604,Liander,2026-09-28T13:36:34Z
2026-09-28T00:23:29Z,554,3,0,OS BASISWEG 10-1i,OS BASISWEG 10-1i,,34,,20.66296,Liander,2026-09-28T13:36:34Z
2026-09-28T00:23:29Z,555,3,0,OS BASISWEG 10-2i,OS BASISWEG 10-2i,,,,,Liander,2026-09-28T13:36:34Z
2026-09-28T00:23:29Z,556,3,0,OS BIJLMER NOORD 20-4i,OS BIJLMER NOORD 20-4i,,48,,58.23202,Liander,2026-09-28T13:36:34Z
2026-09-28T00:23:29Z,557,3,0,OS BIJLMER ZUID 10-1i,OS BIJLMER ZUID 10-1i,,32,,24.81888,Liander,2026-09-28T13:36:34Z
2026-09-28T00:23:29Z,558,3,0,OS CRAILO 10-1i,OS CRAILO 10-1i,,6,,0.2183,Liander,2026-09-28T13:36:34Z
2026-09-28T00:23:29Z,559,3,0,OS DOETINCHEM 10-3i,OS DOETINCHEM 10-3i,25,35,4.882,4.49354,Liander,2026-09-28T13:36:34Z
2026-09-28T00:23:29Z,560,3,0,OS DOETINCHEM 10-5i,OS DOETINCHEM 10-5i,27,41,11.201,10.36138,Liander,2026-09-28T13:36:34Z
2026-09-28T00:23:29Z,561,3,0,OS DOETINCHEM 150kV TenneT,OS DOETINCHEM 150kV TenneT,104,161,44.496,53.76474,Liander,2026-09-28T13:36:34Z
2026-09-28T00:23:29Z,562,3,0,OS DUKENBURG 10-1i,OS DUKENBURG 10-1i,11,21,1.529,5.27092,Liander,2026-09-28T13:36:34Z
2026-09-28T00:23:29Z,563,3,0,OS EDAM 10-1i,OS EDAM 10-1i,,11,,6.21366,Liander,2026-09-28T13:36:34Z
2026-09-28T00:23:29Z,564,3,0,OS EDAM 10-2i,OS EDAM 10-2i,9,23,1.383,5.6609,Liander,2026-09-28T13:36:34Z
2026-09-28T00:23:29Z,565,3,0,OS ELST 10-1i,OS ELST 10-1i,21,35,4.049,6.34554,Liander,2026-09-28T13:36:34Z
2026-09-28T00:23:29Z,566,3,0,OS ELST 10-2i,OS ELST 10-2i,17,37,1.476,7.91256,Liander,2026-09-28T13:36:34Z
2026-09-28T00:23:29Z,567,3,0,OS FRANKENENG 10-1i,OS FRANKENENG 10-1i,19,53,6.754,11.78977,Liander,2026-09-28T13:36:34Z
2026-09-28T00:23:29Z,568,3,0,OS FREDERIKSPLEIN 10-1i,OS FREDERIKSPLEIN 10-1i,,12,,1.24286,Liander,2026-09-28T13:36:34Z
2026-09-28T00:23:29Z,569,3,0,OS HAARLEMMERMEER 10-1i,OS HAARLEMMERMEER 10-1i,,18,,5.24006,Liander,2026-09-28T13:36:34Z
2026-09-28T00:23:29Z,570,3,0,OS HARDERWIJK 10-1i,OS HARDERWIJK 10-1i,36,60,6.503,13.31828,Liander,2026-09-28T13:36:34Z
2026-09-28T00:23:29Z,571,3,0,OS HARDERWIJK 10-2i,OS HARDERWIJK 10-2i,38,56,8.328,9.79177,Liander,2026-09-28T13:36:34Z
2026-09-28T00:23:29Z,572,3,0,OS HARSELAAR 10-1i,OS HARSELAAR 10-1i,41,48,9.113,6.89074,Liander,2026-09-28T13:36:34Z
2026-09-28T00:23:29Z,573,3,0,OS HARSELAAR 20-3i,OS HARSELAAR 20-3i,49,83,64.86,78.18831,Liander,2026-09-28T13:36:34Z
2026-09-28T00:23:29Z,574,3,0,OS HILVERSUM JONKERWEG 10-1i,OS HILVERSUM JONKERWEG 10-1i,,27,,4.16758,Liander,2026-09-28T13:36:34Z
2026-09-28T00:23:29Z,575,3,0,OS HILVERSUM RAAFSTRAAT 10-1i,OS HILVERSUM RAAFSTRAAT 10-1i,,20,,4.0981,Liander,2026-09-28T13:36:34Z
2026-09-28T00:23:29Z,576,3,0,OS HUIZEN 10-1i,OS HUIZEN 10-1i,,23,,3.14324,Liander,2026-09-28T13:36:34Z
2026-09-28T00:23:29Z,577,3,0,OS IJPOLDER 10-4i,OS IJPOLDER 10-4i,,14,,15.79238,Liander,2026-09-28T13:36:34Z
2026-09-28T00:23:29Z,578,3,0,OS KARPERWEG 10-3i,OS KARPERWEG 10-3i,,7,,0.78858,Liander,2026-09-28T13:36:34Z
2026-09-28T00:23:29Z,579,3,0,OS KARPERWEG 10-4i,OS KARPERWEG 10-4i,,11,,2.24142,Liander,2026-09-28T13:36:34Z
2026-09-28T00:23:29Z,580,3,0,OS KATTENBERG (D 219) 10-1i,OS KATTENBERG (D 219) 10-1i,18,33,2.525,8.55962,Liander,2026-09-28T13:36:34Z
2026-09-28T00:23:29Z,581,3,0,OS KATWIJK 10-2i,OS KATWIJK 10-2i,,8,,6.97412,Liander,2026-09-28T13:36:34Z
2026-09-28T00:23:29Z,582,3,0,OS KATWIJK 10-3i,OS KATWIJK 10-3i,,7,,1.29132,Liander,2026-09-28T13:36:34Z
2026-09-28T00:23:29Z,583,3,0,OS KROMMENIE 50-1i,OS KROMMENIE 50-1i,,24,,6.97844,Liander,2026-09-28T13:36:34Z
2026-09-28T00:23:29Z,584,3,0,OS LEEUWARDEN 10-4i,OS LEEUWARDEN 10-4i,24,39,6.301,16.19312,Liander,2026-09-28T13:36:34Z
2026-09-28T00:23:29Z,585,3,0,OS LEIDEN NOORD 10-1i,OS LEIDEN NOORD 10-1i,,37,,14.46872,Liander,2026-09-28T13:36:34Z
2026-09-28T00:23:29Z,586,3,0,OS LEIDERDORP 10-1i,OS LEIDERDORP 10-1i,,11,,2.21394,Liander,2026-09-28T13:36:34Z
2026-09-28T00:23:29Z,587,3,0,OS LISSE 10-1i,OS LISSE 10-1i,,12,,2.968,Liander,2026-09-28T13:36:34Z
2026-09-28T00:23:29Z,588,3,0,OS LISSE 10-2i,OS LISSE 10-2i,,,,,Liander,2026-09-28T13:36:34Z
2026-09-28T00:23:29Z,589,3,0,OS MARNIXSTRAAT 10-1i,OS MARNIXSTRAAT 10-1i,,5,,0.15396,Liander,2026-09-28T13:36:34Z
2026-09-28T00:23:29Z,590,3,0,OS MARNIXSTRAAT 10-2i,OS MARNIXSTRAAT 10-2i,,,,,Liander,2026-09-28T13:36:34Z
2026-09-28T00:23:29Z,591,3,0,OS NAARDEN 50-1i,OS NAARDEN 50-1i,4,23,0.55,4.78252,Liander,2026-09-28T13:36:34Z
2026-09-28T00:23:29Z,592,3,0,OS NIEUWE MEER 10-1i,OS NIEUWE MEER 10-1i,,13,,8.30136,Liander,2026-09-28T13:36:34Z
2026-09-28T00:23:29Z,593,3,0,OS NIJKERK 10-1i,OS NIJKERK 10-1i,22,38,4.657,7.02188,Liander,2026-09-28T13:36:34Z
2026-09-28T00:23:29Z,594,3,0,OS NOORD PAPAVERWEG 10-1i,OS NOORD PAPAVERWEG 10-1i,,86,,27.17668,Liander,2026-09-28T13:36:34Z
2026-09-28T00:23:29Z,595,3,0,OS NOORDWIJK 10-1i,OS NOORDWIJK 10-1i,,15,,1.88282,Liander,2026-09-28T13:36:34Z
2026-09-28T00:23:29Z,596,3,0,OS NUNSPEET 10-1i,OS NUNSPEET 10-1i,5,19,2.878,5.77746,Liander,2026-09-28T13:36:34Z
2026-09-28T00:23:29Z,597,3,0,OS OOSTERBEEK 10-1i,OS OOSTERBEEK 10-1i,12,17,2.943,6.8158,Liander,2026-09-28T13:36:34Z
2026-09-28T00:23:29Z,598,3,0,OS OUDEHASKE 20-4i,OS OUDEHASKE 20-4i,8,10,5.23,7.14486,Liander,2026-09-28T13:36:34Z
2026-09-28T00:23:29Z,599,3,0,OS OVERVEEN 10-1i,OS OVERVEEN 10-1i,,14,,1.34074,Liander,2026-09-28T13:36:34Z
2026-09-28T00:23:29Z,600,3,0,OS OVERVEEN 10-2i,OS OVERVEEN 10-2i,,12,,2.04946,Liander,2026-09-28T13:36:34Z
2026-09-28T00:23:29Z,601,3,0,OS PRESIKHAAF 10-1i,OS PRESIKHAAF 10-1i,17,30,3.694,3.69852,Liander,2026-09-28T13:36:34Z
2026-09-28T00:23:29Z,602,3,0,OS PRESIKHAAF 10-2i,OS PRESIKHAAF 10-2i,24,42,5.836,9.45768,Liander,2026-09-28T13:36:34Z
2026-09-28T00:23:29Z,603,3,0,OS PURMEREND KWADIJKERKOOGWEG 50-1i,OS PURMEREND KWADIJKERKOOGWEG 50-1i,7,31,2.313,4.72184,Liander,2026-09-28T13:36:34Z
2026-09-28T00:23:29Z,604,3,0,OS PURMEREND SCHAEPMANSTRAAT 50-1i,OS PURMEREND SCHAEPMANSTRAAT 50-1i,8,35,2.925,8.57674,Liander,2026-09-28T13:36:34Z
2026-09-28T00:23:29Z,605,3,0,OS RENKUM 10-1i,OS RENKUM 10-1i,30,30,17.176,14.1149,Liander,2026-09-28T13:36:34Z
2026-09-28T00:23:29Z,606,3,0,OS RHIJNSPOOR 10-1i,OS RHIJNSPOOR 10-1i,,22,,4.01518,Liander,2026-09-28T13:36:34Z
2026-09-28T00:23:29Z,607,3,0,OS RIJKSUNIVERSITEIT LEIDEN 10-1i,OS RIJKSUNIVERSITEIT LEIDEN 10-1i,,5,,1.07124,Liander,2026-09-28T13:36:34Z
2026-09-28T00:23:29Z,608,3,0,OS RIJKSUNIVERSITEIT LEIDEN 10-2i,OS RIJKSUNIVERSITEIT LEIDEN 10-2i,,9,,6.87532,Liander,2026-09-28T13:36:34Z
2026-09-28T00:23:29Z,609,3,0,OS RIJNSBURG 10-1i,OS RIJNSBURG 10-1i,,12,,5.9058,Liander,2026-09-28T13:36:34Z
2026-09-28T00:23:29Z,610,3,0,OS ROZENBURG 10-2i,OS ROZENBURG 10-2i,,,,,Liander,2026-09-28T13:36:34Z
2026-09-28T00:23:29Z,611,3,0,OS SASSENHEIM 10-1i,OS SASSENHEIM 10-1i,,,,,Liander,2026-09-28T13:36:34Z
2026-09-28T00:23:29Z,612,3,0,OS SCHALKWIJK 10-1i,OS SCHALKWIJK 10-1i,,14,,2.51366,Liander,2026-09-28T13:36:34Z
2026-09-28T00:23:29Z,613,3,0,OS SCHIPLUIDENLAAN 10-1i,OS SCHIPLUIDENLAAN 10-1i,,17,,8.23044,Liander,2026-09-28T13:36:34Z
2026-09-28T00:23:29Z,614,3,0,OS SEXTANTWEG 10-1i,OS SEXTANTWEG 10-1i,,7,,20.20052,Liander,2026-09-28T13:36:34Z
2026-09-28T00:23:29Z,615,3,0,OS SLOTERMEER 10-1i,OS SLOTERMEER 10-1i,,14,,1.2563,Liander,2026-09-28T13:36:34Z
2026-09-28T00:23:29Z,616,3,0,OS UILENBURG 50-1i,OS UILENBURG 50-1i,,7,,3.52802,Liander,2026-09-28T13:36:34Z
2026-09-28T00:23:29Z,617,3,0,OS UITHOORN 50-1i,OS UITHOORN 50-1i,,17,,6.94302,Liander,2026-09-28T13:36:34Z
2026-09-28T00:23:29Z,618,3,0,OS VELSEN 10-1i,OS VELSEN 10-1i,13,37,5.755,31.10356,Liander,2026-09-28T13:36:34Z
2026-09-28T00:23:29Z,619,3,0,OS VENSERWEG 10-11i,OS VENSERWEG 10-11i,,13,,14.07658,Liander,2026-09-28T13:36:34Z
2026-09-28T00:23:29Z,620,3,0,OS VENSERWEG 10-12i,OS VENSERWEG 10-12i,,16,,5.00698,Liander,2026-09-28T13:36:34Z
2026-09-28T00:23:29Z,621,3,0,OS VIJFHUIZEN 20-3i,OS VIJFHUIZEN 20-3i,,48,,5.2463,Liander,2026-09-28T13:36:34Z
2026-09-28T00:23:29Z,622,3,0,OS VLIEGENBOS 10-1i,OS VLIEGENBOS 10-1i,,25,,7.8893,Liander,2026-09-28T13:36:34Z
2026-09-28T00:23:29Z,623,3,0,OS WAARDERPOLDER 10-1i,OS WAARDERPOLDER 10-1i,,24,,4.46814,Liander,2026-09-28T13:36:34Z
2026-09-28T00:23:29Z,624,3,0,OS WAARDERPOLDER 10-2i,OS WAARDERPOLDER 10-2i,,45,,21.83792,Liander,2026-09-28T13:36:34Z
2026-09-28T00:23:29Z,625,3,0,OS WASSENAAR 10-1i,OS WASSENAAR 10-1i,,9,,4.14668,Liander,2026-09-28T13:36:34Z
2026-09-28T00:23:29Z,626,3,0,OS WATERGRAAFSMEER 10-2i,OS WATERGRAAFSMEER 10-2i,,20,,9.08524,Liander,2026-09-28T13:36:34Z
2026-09-28T00:23:29Z,627,3,0,OS WEESP 10-1i,OS WEESP 10-1i,,13,,1.58372,Liander,2026-09-28T13:36:34Z
2026-09-28T00:23:29Z,628,3,0,OS WEESP 10-2i,OS WEESP 10-2i,,8,,4.68384,Liander,2026-09-28T13:36:34Z
2026-09-28T00:23:29Z,629,3,0,OS WEESP 10-9i,OS WEESP 10-9i,,4,,0.40616,Liander,2026-09-28T13:36:34Z
2026-09-28T00:23:29Z,630,3,0,OS WESTHAVEN 10-1i,OS WESTHAVEN 10-1i,,5,,1.03394,Liander,2026-09-28T13:36:34Z
2026-09-28T00:23:29Z,631,3,0,OS WESTHAVEN 10-2i,OS WESTHAVEN 10-2i,,,,,Liander,2026-09-28T13:36:34Z
2026-09-28T00:23:29Z,632,3,0,OS WESTZAANSTRAAT 10-1i,OS WESTZAANSTRAAT 10-1i,,27,,9.19248,Liander,2026-09-28T13:36:34Z
2026-09-28T00:23:29Z,633,3,0,OS WINSELINGSEWEG 10-1i,OS WINSELINGSEWEG 10-1i,16,50,3.224,10.73114,Liander,2026-09-28T13:36:34Z
2026-09-28T00:23:29Z,634,3,0,OS WINSELINGSEWEG 10-3i,OS WINSELINGSEWEG 10-3i,7,23,0.855,13.56142,Liander,2026-09-28T13:36:34Z
2026-09-28T00:23:29Z,635,3,0,OS WORMERVEER 50-1i,OS WORMERVEER 50-1i,,7,,2.20514,Liander,2026-09-28T13:36:34Z
2026-09-28T00:23:29Z,636,3,0,OS ZAANDAM NOORD 50-1i,OS ZAANDAM NOORD 50-1i,,15,,1.99594,Liander,2026-09-28T13:36:34Z
2026-09-28T00:23:29Z,637,3,0,OS ZAANDAM WEST 10-1i,OS ZAANDAM WEST 10-1i,,34,,37.47864,Liander,2026-09-28T13:36:34Z
2026-09-28T00:23:29Z,638,3,0,OS ZAANDIJK 50-1i,OS ZAANDIJK 50-1i,,9,,7.08726,Liander,2026-09-28T13:36:34Z
2026-09-28T00:23:29Z,639,3,0,OS ZEEWOLDE 20KV 20-7i,OS ZEEWOLDE 20KV 20-7i,49,53,36.983,37.23848,Liander,2026-09-28T13:36:34Z
2026-09-28T00:23:29Z,640,3,0,OS ZEVENAAR 10-3i,OS ZEVENAAR 10-3i,47,64,25.986,39.23432,Liander,2026-09-28T13:36:34Z
2026-09-28T00:23:29Z,641,3,0,OS ZORGVLIED 20-4i,OS ZORGVLIED 20-4i,,44,,16.39352,Liander,2026-09-28T13:36:34Z
2026-09-28T00:23:29Z,642,3,0,OS ZUILICHEM 20-1i,OS ZUILICHEM 20-1i,22,24,63.645,59.86088,Liander,2026-09-28T13:36:34Z
2026-09-28T00:23:29Z,643,3,0,Schiphol Oost,Schiphol Oost,8,42,1.782,8.66168,Liander,2026-09-28T13:36:34Z
2026-09-28T00:23:29Z,644,3,0,WSMR,WSMR Winsum Ranum,23,40,5.386,12.218,Enexis,2026-09-28T13:36:34Z
2026-09-28T00:23:29Z,645,3,0,ZLF,ZLF Zwolle Frankhuisweg,26,52,10.08,25.478,Enexis,2026-09-28T13:36:34Z
2026-09-28T00:23:29Z,646,3,0,ZLW,ZLW Zwolle Weteringkade,50,87,29.246,28.829,Enexis,2026-09-28T13:36:34Z
2026-09-28T00:23:29Z,647,3,1,CM09,Woerden,0,21,0,8.771,Stedin,2026-09-28T13:36:34Z
2026-09-28T00:23:29Z,648,3,1,CM10,Oudenrijn,10,30,74.859,6.009,Stedin,2026-09-28T13:36:34Z
2026-09-28T00:23:29Z,649,3,1,CM11,Amersfoort 5,16,32,3.54,10.374,Stedin,2026-09-28T13:36:34Z
2026-09-28T00:23:29Z,650,3,1,CM12,Bilthoven,9,21,0.957,6.759,Stedin,2026-09-28T13:36:34Z
2026-09-28T00:23:29Z,651,3,1,CM13,Mijdrecht,15,18,1.566,5.92,Stedin,2026-09-28T13:36:34Z
2026-09-28T00:23:29Z,652,3,1,CM14,Maarssenbroek,9,20,1.589,7.861,Stedin,2026-09-28T13:36:34Z
2026-09-28T00:23:29Z,653,3,1,CM22,"Alblasserwaard-Oost, Vijfheerenlanden en West Betuwe-Noordwest ('Arkel')",0,23,0,57.205,Stedin,2026-09-28T13:36:34Z
2026-09-28T00:23:29Z,654,3,1,CM26,"Den Haag Centrum-Noordwest, Scheveningen, Duindorp",0,56,0,33.605,Stedin,2026-09-28T13:36:34Z
2026-09-28T00:23:29Z,655,3,1,CM28,Waarder en Driebruggen,0,7,0,3.244,Stedin,2026-09-28T13:36:34Z
2026-09-28T00:23:29Z,656,3,1,CM31,"Gouda-Noord, Bodegraven-Reeuwijk",0,20,0,7.034,Stedin,2026-09-28T13:36:34Z
2026-09-28T00:23:29Z,657,3,1,CM36,Doorn,3,7,0.158,2.365,Stedin,2026-09-28T13:36:34Z
2026-09-28T00:23:29Z,658,3,1,CM37,Driebergen,14,20,2.817,8.161,Stedin,2026-09-28T13:36:34Z
2026-09-28T00:23:29Z,659,3,1,CM38,Veenendaal,18,30,3.411,8.981,Stedin,2026-09-28T13:36:34Z
2026-09-28T00:23:29Z,660,3,1,CM47,Zuidwijk,0,32,0,13.222,Stedin,2026-09-28T13:36:34Z
2026-09-28T00:23:29Z,661,3,1,CM48,Langeland,0,6,0,0.665,Stedin,2026-09-28T13:36:34Z
2026-09-28T00:23:29Z,662,3,1,CM49,Appelstraat,0,9,0,0.452,Stedin,2026-09-28T13:36:34Z
2026-09-28T00:23:29Z,663,3,1,CM50,Cartesiusstraat,0,0,0,0,Stedin,2026-09-28T13:36:34Z
2026-09-28T00:23:29Z,664,3,1,CM51,Hengelolaan,0,4,0,0.291,Stedin,2026-09-28T13:36:34Z
2026-09-28T00:23:29Z,665,3,1,CM52,Jan Wapstraat,0,4,0,1.596,Stedin,2026-09-28T13:36:34Z
2026-09-28T00:23:29Z,666,3,1,CM53,Laagveen,0,8,0,2.163,Stedin,2026-09-28T13:36:34Z
2026-09-28T00:23:29Z,667,3,1,CM54,Televisiestraat,0,4,0,4.03,Stedin,2026-09-28T13:36:34Z
2026-09-28T00:23:29Z,668,3,1,CM55,Boutenstraat,0,4,0,0.831,Stedin,2026-09-28T13:36:34Z
2026-09-28T00:23:29Z,669,3,1,CM56,Noordsingel,0,12,0,4.168,Stedin,2026-09-28T13:36:34Z
2026-09-28T00:23:29Z,670,3,1,CM57,Montfoort,11,17,1.584,12.19,Stedin,2026-09-28T13:36:34Z
2026-09-28T00:23:29Z,671,3,1,CM58,Lopik,6,6,5.475,2.526,Stedin,2026-09-28T13:36:34Z
2026-09-28T00:23:29Z,672,3,1,CM59,Utrecht Merwede Kanaal,5,17,0.591,3.226,Stedin,2026-09-28T13:36:34Z
2026-09-28T00:23:29Z,673,3,1,CM60,Utrecht Lage Weide,21,49,20.411,28.073,Stedin,2026-09-28T13:36:34Z
2026-09-28T00:23:29Z,674,3,1,CM63,Gedeelte Drechtsteden en centraal Molenlanden,0,43,0,28.927,Stedin,2026-09-28T13:36:34Z
2026-09-28T00:23:29Z,675,3,1,CM66,Albasserdam Molenlanden West (Zwarte Paard),0,4,0,1.745,Stedin,2026-09-28T13:36:34Z
2026-09-28T00:23:29Z,676,3,1,CM76,Spijkenisse en buitengebied,0,20,0,4.178,Stedin,2026-09-28T13:36:34Z
2026-09-28T00:23:29Z,677,3,1,GNBH,GNBH Groningen Bornholmstraat,35,70,9.652,15.527,Enexis,2026-09-28T13:36:34Z
2026-09-28T00:23:29Z,678,3,1,OS AALSMEER BLOEMENVEILING 10-1i,OS AALSMEER BLOEMENVEILING 10-1i,8,38,4.306,21.94178,Liander,2026-09-28T13:36:34Z
2026-09-28T00:23:29Z,679,3,1,OS ALPHEN CENTRUM 10-1i,OS ALPHEN CENTRUM 10-1i,,8,,3.7997,Liander,2026-09-28T13:36:34Z
2026-09-28T00:23:29Z,680,3,1,OS BASISWEG 10-1i,OS BASISWEG 10-1i,,34,,20.66296,Liander,2026-09-28T13:36:34Z
2026-09-28T00:23:29Z,681,3,1,OS BEVERWIJK 50-1i,OS BEVERWIJK 50-1i,4,20,1.771,16.938,Liander,2026-09-28T13:36:34Z
2026-09-28T00:23:29Z,682,3,1,OS DE VAART 10-1i,OS DE VAART 10-1i,45,52,18.798,16.41654,Liander,2026-09-28T13:36:34Z
2026-09-28T00:23:29Z,683,3,1,OS DE VAART 10-3i,OS DE VAART 10-3i,7,12,12.535,19.26854,Liander,2026-09-28T13:36:34Z
2026-09-28T00:23:29Z,684,3,1,OS DE WEEL 20-1i,OS DE WEEL 20-1i,82,91,53.9,75.76334,Liander,2026-09-28T13:36:34Z
2026-09-28T00:23:29Z,685,3,1,OS DOETINCHEM 10-5i,OS DOETINCHEM 10-5i,27,41,11.201,10.36138,Liander,2026-09-28T13:36:34Z
2026-09-28T00:23:29Z,686,3,1,OS DRACHTEN 10-2i,OS DRACHTEN 10-2i,24,12,8.761,4.89982,Liander,2026-09-28T13:36:34Z
2026-09-28T00:23:29Z,687,3,1,OS DRONTEN 10-1i,OS DRONTEN 10-1i,64,80,13.242,9.4823,Liander,2026-09-28T13:36:34Z
2026-09-28T00:23:29Z,688,3,1,OS EDE 10-2i,OS EDE 10-2i,57,81,16.33,22.71492,Liander,2026-09-28T13:36:34Z
2026-09-28T00:23:29Z,689,3,1,OS FRANKENENG 10-1i,OS FRANKENENG 10-1i,19,53,6.754,11.78977,Liander,2026-09-28T13:36:34Z
2026-09-28T00:23:29Z,690,3,1,OS HAARLEMMERMEER 20-2i,OS HAARLEMMERMEER 20-2i,,,,,Liander,2026-09-28T13:36:34Z
2026-09-28T00:23:29Z,691,3,1,OS HARDERWIJK 10-1i,OS HARDERWIJK 10-1i,36,60,6.503,13.31828,Liander,2026-09-28T13:36:34Z
2026-09-28T00:23:29Z,692,3,1,OS HARDERWIJK 10-2i,OS HARDERWIJK 10-2i,38,56,8.328,9.79177,Liander,2026-09-28T13:36:34Z
2026-09-28T00:23:29Z,693,3,1,OS HARSELAAR 10-1i,OS HARSELAAR 10-1i,41,48,9.113,6.89074,Liander,2026-09-28T13:36:34Z
2026-09-28T00:23:29Z,694,3,1,OS HATTEM 10-1i,OS HATTEM 10-1i,40,43,10.5,35.2154,Liander,2026-09-28T13:36:34Z
2026-09-28T00:23:29Z,695,3,1,OS HILLEGOM 10-1i,OS HILLEGOM 10-1i,4,15,0.607,3.2706,Liander,2026-09-28T13:36:34Z
2026-09-28T00:23:29Z,696,3,1,OS HOOFDDORP 10-1i,OS HOOFDDORP 10-1i,11,44,12.162,28.33278,Liander,2026-09-28T13:36:34Z
2026-09-28T00:23:29Z,697,3,1,OS HOOFDDORP 10-2i,OS HOOFDDORP 10-2i,14,53,20.467,28.86886,Liander,2026-09-28T13:36:34Z
2026-09-28T00:23:29Z,698,3,1,OS LEIDERDORP 10-1i,OS LEIDERDORP 10-1i,,11,,2.21394,Liander,2026-09-28T13:36:34Z
2026-09-28T00:23:29Z,699,3,1,OS LEIMUIDEN 10-2i,OS LEIMUIDEN 10-2i,5,15,3.615,3.54348,Liander,2026-09-28T13:36:34Z
2026-09-28T00:23:29Z,700,3,1,OS LOCHEM 10-1i,OS LOCHEM 10-1i,18,27,10.022,19.64034,Liander,2026-09-28T13:36:34Z
2026-09-28T00:23:29Z,701,3,1,OS NIEUW VENNEP 10-1i,OS NIEUW VENNEP 10-1i,,28,,7.87706,Liander,2026-09-28T13:36:34Z
2026-09-28T00:23:29Z,702,3,1,OS NIEUWKOOP 10-1i,OS NIEUWKOOP 10-1i,,11,,5.93632,Liander,2026-09-28T13:36:34Z
2026-09-28T00:23:29Z,703,3,1,OS NIJKERK 10-2i,OS NIJKERK 10-2i,22,21,3.083,2.63522,Liander,2026-09-28T13:36:34Z
2026-09-28T00:23:29Z,704,3,1,OS OUDEHASKE 10-1i,OS OUDEHASKE 10-1i,11,10,31.811,25.07456,Liander,2026-09-28T13:36:34Z
2026-09-28T00:23:29Z,705,3,1,OS OUDEHASKE 10-2i,OS OUDEHASKE 10-2i,5,,12.429,,Liander,2026-09-28T13:36:34Z
2026-09-28T00:23:29Z,706,3,1,OS PAMPUS 10-1i,OS PAMPUS 10-1i,33,62,7.087,19.73866,Liander,2026-09-28T13:36:34Z
2026-09-28T00:23:29Z,707,3,1,OS RAUWERD 10-1i,OS RAUWERD 10-1i,12,5,3.392,0.9216,Liander,2026-09-28T13:36:34Z
2026-09-28T00:23:29Z,708,3,1,OS RHIJNSPOOR 10-1i,OS RHIJNSPOOR 10-1i,,22,,4.01518,Liander,2026-09-28T13:36:34Z
2026-09-28T00:23:29Z,709,3,1,OS RUIGOORD 10-1i,OS RUIGOORD 10-1i,,13,,18.96458,Liander,2026-09-28T13:36:34Z
2026-09-28T00:23:29Z,710,3,1,OS SASSENHEIM 10-2i,OS SASSENHEIM 10-2i,,28,,7.88172,Liander,2026-09-28T13:36:34Z
2026-09-28T00:23:29Z,711,3,1,OS SNEEK 10-1i,OS SNEEK 10-1i,33,34,6.001,12.90824,Liander,2026-09-28T13:36:34Z
2026-09-28T00:23:29Z,712,3,1,OS VAASSEN 10-1i,OS VAASSEN 10-1i,26,30,3.293,6.5569,Liander,2026-09-28T13:36:34Z
2026-09-28T00:23:29Z,713,3,1,OS VIJFHUIZEN 20-3i,OS VIJFHUIZEN 20-3i,,48,,5.2463,Liander,2026-09-28T13:36:34Z
2026-09-28T00:23:29Z,714,3,1,OS WINSELINGSEWEG 10-1i,OS WINSELINGSEWEG 10-1i,16,50,3.224,10.73114,Liander,2026-09-28T13:36:34Z
2026-09-28T00:23:29Z,715,3,1,OS WINTERSWIJK 10-1i,OS WINTERSWIJK 10-1i,35,50,13.969,9.22076,Liander,2026-09-28T13:36:34Z
2026-09-28T00:23:29Z,716,3,1,OS WOUDHUIS 10-1i,OS WOUDHUIS 10-1i,13,25,2.927,15.23806,Liander,2026-09-28T13:36:34Z
2026-09-28T00:23:29Z,717,3,1,OS WOUDHUIS 10-2i,OS WOUDHUIS 10-2i,21,26,3.06,4.17148,Liander,2026-09-28T13:36:34Z
2026-09-28T00:23:29Z,718,3,1,OS ZAANDAM NOORD 50-1i,OS ZAANDAM NOORD 50-1i,,15,,1.99594,Liander,2026-09-28T13:36:34Z
2026-09-28T00:23:29Z,719,3,1,OS ZAANDAM WEST 10-1i,OS ZAANDAM WEST 10-1i,,34,,37.47864,Liander,2026-09-28T13:36:34Z
2026-09-28T00:23:29Z,720,3,1,OS ZALTBOMMEL 10-1i,OS ZALTBOMMEL 10-1i,42,76,10.161,19.08204,Liander,2026-09-28T13:36:34Z
2026-09-28T00:23:29Z,721,3,1,OS ZEVENAAR 10-1i,OS ZEVENAAR 10-1i,31,54,9.252,6.16508,Liander,2026-09-28T13:36:34Z
2026-09-28T00:23:29Z,722,3,1,OS ZEVENAAR 10-3i,OS ZEVENAAR 10-3i,47,64,25.986,39.23432,Liander,2026-09-28T13:36:34Z
2026-09-28T00:23:29Z,723,3,1,OS ZUIDERVELD 10-1i,OS ZUIDERVELD 10-1i,40,84,10.992,22.04022,Liander,2026-09-28T13:36:34Z
2026-09-28T00:23:29Z,724,3,2,Amstelveen,Amstelveen,,30,,5.91594,Liander,2026-09-28T13:36:34Z
2026-09-28T00:23:29Z,725,3,2,EHVW,EHVW Eindhoven West,70,129,47.222,59.21,Enexis,2026-09-28T13:36:34Z
2026-09-28T00:23:29Z,726,3,2,Emmeloord inst. 2+3,Emmeloord inst. 2+3,39,51,9.241,16.73662,Liander,2026-09-28T13:36:34Z
2026-09-28T00:23:29Z,727,3,2,HTN,HTN s-Hertogenbosch Noord,110,299,53.755,81.393,Enexis,2026-09-28T13:36:34Z
2026-09-28T00:23:29Z,728,3,2,Lemmer 10kV,Lemmer 10kV,30,25,7.922,8.66866,Liander,2026-09-28T13:36:34Z
2026-09-28T00:23:29Z,729,3,2,Medemblik Transformator 1,Medemblik Transformator 1,,6,,1.50192,Liander,2026-09-28T13:36:34Z
2026-09-28T00:23:29Z,730,3,2,MEE,MEE Meeden,16,18,9.121,13.913,Enexis,2026-09-28T13:36:34Z
2026-09-28T00:23:29Z,731,3,2,NEDW,NEDW Nederweert,82,78,39.157,20.68,Enexis,2026-09-28T13:36:34Z
2026-09-28T00:23:29Z,732,3,2,OS,OS Oss,57,151,12.698,45.01,Enexis,2026-09-28T13:36:34Z
2026-09-28T00:23:29Z,733,3,2,OS 'S-GRAVELAND 10-1i,OS 'S-GRAVELAND 10-1i,,4,,3.40048,Liander,2026-09-28T13:36:34Z
2026-09-28T00:23:29Z,734,3,2,OS AALSMEER BLOEMENVEILING 10-1i,OS AALSMEER BLOEMENVEILING 10-1i,8,38,4.306,21.94178,Liander,2026-09-28T13:36:34Z
2026-09-28T00:23:29Z,735,3,2,OS AALSMEER BLOEMENVEILING 10-2i,OS AALSMEER BLOEMENVEILING 10-2i,4,13,2.7,16.33014,Liander,2026-09-28T13:36:34Z
2026-09-28T00:23:29Z,736,3,2,OS ALKMAAR 10-1i,OS ALKMAAR 10-1i,11,23,1.056,6.92924,Liander,2026-09-28T13:36:34Z
2026-09-28T00:23:29Z,737,3,2,OS ALMERE 10-1i,OS ALMERE 10-1i,34,43,8.065,8.73844,Liander,2026-09-28T13:36:34Z
2026-09-28T00:23:29Z,738,3,2,OS ALPHEN CENTRUM 10-1i,OS ALPHEN CENTRUM 10-1i,,8,,3.7997,Liander,2026-09-28T13:36:34Z
2026-09-28T00:23:29Z,739,3,2,OS ALPHEN WEST 10-1i,OS ALPHEN WEST 10-1i,7,30,39.368,68.97476,Liander,2026-09-28T13:36:34Z
2026-09-28T00:23:29Z,740,3,2,OS AMSTELVEEN BOLWERK 50-1i,OS AMSTELVEEN BOLWERK 50-1i,,31,,4.89618,Liander,2026-09-28T13:36:34Z
2026-09-28T00:23:29Z,741,3,2,OS ANNA PAULOWNA 10-2i,OS ANNA PAULOWNA 10-2i,39,28,7.875,8.59574,Liander,2026-09-28T13:36:34Z
2026-09-28T00:23:29Z,742,3,2,OS APELDOORN 10-2i,OS APELDOORN 10-2i,20,58,2.589,13.15614,Liander,2026-09-28T13:36:34Z
2026-09-28T00:23:29Z,743,3,2,OS ARNHEM 10-1i,OS ARNHEM 10-1i,28,73,6.347,17.9604,Liander,2026-09-28T13:36:34Z
2026-09-28T00:23:29Z,744,3,2,OS BASISWEG 10-1i,OS BASISWEG 10-1i,,34,,20.66296,Liander,2026-09-28T13:36:34Z
2026-09-28T00:23:29Z,745,3,2,OS BERGUM CENTRALE 10-1i,OS BERGUM CENTRALE 10-1i,22,11,8.764,5.93448,Liander,2026-09-28T13:36:34Z
2026-09-28T00:23:29Z,746,3,2,OS BORCULO 20-3i,OS BORCULO 20-3i,21,33,43.674,54.7073,Liander,2026-09-28T13:36:34Z
2026-09-28T00:23:29Z,747,3,2,OS CULEMBORG 10-1i,OS CULEMBORG 10-1i,36,66,15.002,24.33347,Liander,2026-09-28T13:36:34Z
2026-09-28T00:23:29Z,748,3,2,OS CULEMBORG 10-2i,OS CULEMBORG 10-2i,,8,,0.90894,Liander,2026-09-28T13:36:34Z
2026-09-28T00:23:29Z,749,3,2,OS CULEMBORG 10-9i,OS CULEMBORG 10-9i,10,19,2.688,6.78826,Liander,2026-09-28T13:36:34Z
2026-09-28T00:23:29Z,750,3,2,OS DALE 10-1i,OS DALE 10-1i,41,69,10.704,9.4143,Liander,2026-09-28T13:36:34Z
2026-09-28T00:23:29Z,751,3,2,OS DE VAART 10-1i,OS DE VAART 10-1i,45,52,18.798,16.41654,Liander,2026-09-28T13:36:34Z
2026-09-28T00:23:29Z,752,3,2,OS DE VAART 10-3i,OS DE VAART 10-3i,7,12,12.535,19.26854,Liander,2026-09-28T13:36:34Z
2026-09-28T00:23:29Z,753,3,2,OS DE WEEL 20-1i,OS DE WEEL 20-1i,82,91,53.9,75.76334,Liander,2026-09-28T13:36:34Z
2026-09-28T00:23:29Z,754,3,2,OS DEN HELDER DE SCHOOTEN 10-2i,OS DEN HELDER DE SCHOOTEN 10-2i,23,28,3.606,12.31122,Liander,2026-09-28T13:36:34Z
2026-09-28T00:23:29Z,755,3,2,OS DEN HELDER VOGELWIJK 10-1i,OS DEN HELDER VOGELWIJK 10-1i,,11,,14.5656,Liander,2026-09-28T13:36:34Z
2026-09-28T00:23:29Z,756,3,2,OS DODEWAARD 10-1i,OS DODEWAARD 10-1i,36,26,13.773,4.28336,Liander,2026-09-28T13:36:34Z
2026-09-28T00:23:29Z,757,3,2,OS DODEWAARD 10-3i,OS DODEWAARD 10-3i,9,25,32.687,36.44674,Liander,2026-09-28T13:36:34Z
2026-09-28T00:23:29Z,758,3,2,OS DOETINCHEM 10-3i,OS DOETINCHEM 10-3i,25,35,4.882,4.49354,Liander,2026-09-28T13:36:34Z
2026-09-28T00:23:29Z,759,3,2,OS DOETINCHEM 10-5i,OS DOETINCHEM 10-5i,27,41,11.201,10.36138,Liander,2026-09-28T13:36:34Z
2026-09-28T00:23:29Z,760,3,2,OS DOETINCHEM 150kV TenneT,OS DOETINCHEM 150kV TenneT,104,161,44.496,53.76474,Liander,2026-09-28T13:36:34Z
2026-09-28T00:23:29Z,761,3,2,OS DOETINCHEM 20-7i,OS DOETINCHEM 20-7i,14,13,15.054,15.14394,Liander,2026-09-28T13:36:34Z
2026-09-28T00:23:29Z,762,3,2,OS DOKKUM 10-1i,OS DOKKUM 10-1i,,,,,Liander,2026-09-28T13:36:34Z
2026-09-28T00:23:29Z,763,3,2,OS DOKKUM 20kV 20-1i,OS DOKKUM 20kV 20-1i,16,20,21.587,33.94144,Liander,2026-09-28T13:36:34Z
2026-09-28T00:23:29Z,764,3,2,OS DRACHTEN 10-1i,OS DRACHTEN 10-1i,29,23,10.5,14.4183,Liander,2026-09-28T13:36:34Z
2026-09-28T00:23:29Z,765,3,2,OS DRACHTEN 10-2i,OS DRACHTEN 10-2i,24,12,8.761,4.89982,Liander,2026-09-28T13:36:34Z
2026-09-28T00:23:29Z,766,3,2,OS DRONTEN 10-1i,OS DRONTEN 10-1i,64,80,13.242,9.4823,Liander,2026-09-28T13:36:34Z
2026-09-28T00:23:29Z,767,3,2,OS DRUTEN 10-1i,OS DRUTEN 10-1i,34,41,50.584,7.17234,Liander,2026-09-28T13:36:34Z
2026-09-28T00:23:29Z,768,3,2,OS DUKENBURG 10-1i,OS DUKENBURG 10-1i,11,21,1.529,5.27092,Liander,2026-09-28T13:36:34Z
2026-09-28T00:23:29Z,769,3,2,OS EDAM 10-1i,OS EDAM 10-1i,,11,,6.21366,Liander,2026-09-28T13:36:34Z
2026-09-28T00:23:29Z,770,3,2,OS EDAM 10-2i,OS EDAM 10-2i,9,23,1.383,5.6609,Liander,2026-09-28T13:36:34Z
2026-09-28T00:23:29Z,771,3,2,OS EDE 10-2i,OS EDE 10-2i,57,81,16.33,22.71492,Liander,2026-09-28T13:36:34Z
2026-09-28T00:23:29Z,772,3,2,OS EERBEEK 10-1i + 10-2i,OS EERBEEK 10-1i + 10-2i,29,35,23.942,25.01092,Liander,2026-09-28T13:36:34Z
2026-09-28T00:23:29Z,773,3,2,OS EIBERGEN 10-3i,OS EIBERGEN 10-3i,9,11,2.542,10.31004,Liander,2026-09-28T13:36:34Z
2026-09-28T00:23:29Z,774,3,2,OS ELST 10-1i,OS ELST 10-1i,21,35,4.049,6.34554,Liander,2026-09-28T13:36:34Z
2026-09-28T00:23:29Z,775,3,2,OS EMMELOORD 10-1i,OS EMMELOORD 10-1i,28,15,12.681,7.5707,Liander,2026-09-28T13:36:34Z
2026-09-28T00:23:29Z,776,3,2,OS EMMELOORD 20-5i,OS EMMELOORD 20-5i,28,20,23.056,27.39626,Liander,2026-09-28T13:36:34Z
2026-09-28T00:23:29Z,777,3,2,OS ENKHUIZEN 10-1i,OS ENKHUIZEN 10-1i,10,18,4.421,12.68742,Liander,2026-09-28T13:36:34Z
2026-09-28T00:23:29Z,778,3,2,OS ENKHUIZEN 10-2i,OS ENKHUIZEN 10-2i,,11,,8.3259,Liander,2026-09-28T13:36:34Z
2026-09-28T00:23:29Z,779,3,2,OS FRANKENENG 10-1i,OS FRANKENENG 10-1i,19,53,6.754,11.78977,Liander,2026-09-28T13:36:34Z
2026-09-28T00:23:29Z,780,3,2,OS GORREDIJK 20-2i,OS GORREDIJK 20-2i,12,9,22.253,14.35558,Liander,2026-09-28T13:36:34Z
2026-09-28T00:23:29Z,781,3,2,OS HAARLEMMERMEER 10-1i,OS HAARLEMMERMEER 10-1i,,18,,5.24006,Liander,2026-09-28T13:36:34Z
2026-09-28T00:23:29Z,782,3,2,OS HARDERWIJK 10-1i,OS HARDERWIJK 10-1i,36,60,6.503,13.31828,Liander,2026-09-28T13:36:34Z
2026-09-28T00:23:29Z,783,3,2,OS HARDERWIJK 10-2i,OS HARDERWIJK 10-2i,38,56,8.328,9.79177,Liander,2026-09-28T13:36:34Z
2026-09-28T00:23:29Z,784,3,2,OS HARSELAAR 10-1i,OS HARSELAAR 10-1i,41,48,9.113,6.89074,Liander,2026-09-28T13:36:34Z
2026-09-28T00:23:29Z,785,3,2,OS HARSELAAR 20-3i,OS HARSELAAR 20-3i,49,83,64.86,78.18831,Liander,2026-09-28T13:36:34Z
2026-09-28T00:23:29Z,786,3,2,OS HATTEM 10-1i,OS HATTEM 10-1i,40,43,10.5,35.2154,Liander,2026-09-28T13:36:34Z
2026-09-28T00:23:29Z,787,3,2,OS HEERENVEEN 10-1i,OS HEERENVEEN 10-1i,7,15,14.604,8.46452,Liander,2026-09-28T13:36:34Z
2026-09-28T00:23:29Z,788,3,2,OS HEERHUGOWAARD 50-1i,OS HEERHUGOWAARD 50-1i,16,26,3.412,4.72144,Liander,2026-09-28T13:36:34Z
2026-09-28T00:23:29Z,789,3,2,OS Heiloo 10-1i + 10-2i,OS Heiloo 10-1i + 10-2i,14,23,1.837,3.6325,Liander,2026-09-28T13:36:34Z
2026-09-28T00:23:29Z,790,3,2,OS HERBAYUM 10-1i,OS HERBAYUM 10-1i,27,17,12.327,13.49592,Liander,2026-09-28T13:36:34Z
2026-09-28T00:23:29Z,791,3,2,OS HERBAYUM 10-2i,OS HERBAYUM 10-2i,5,,1.511,,Liander,2026-09-28T13:36:34Z
2026-09-28T00:23:29Z,792,3,2,OS HERBAYUM 20KV 20-1i,OS HERBAYUM 20KV 20-1i,16,6,25.765,3.90804,Liander,2026-09-28T13:36:34Z
2026-09-28T00:23:29Z,793,3,2,OS HILLEGOM 10-1i,OS HILLEGOM 10-1i,4,15,0.607,3.2706,Liander,2026-09-28T13:36:34Z
2026-09-28T00:23:29Z,794,3,2,OS HOOFDDORP 10-1i,OS HOOFDDORP 10-1i,11,44,12.162,28.33278,Liander,2026-09-28T13:36:34Z
2026-09-28T00:23:29Z,795,3,2,OS HOOFDDORP 10-2i,OS HOOFDDORP 10-2i,14,53,20.467,28.86886,Liander,2026-09-28T13:36:34Z
2026-09-28T00:23:29Z,796,3,2,OS HOORN GELDELOZEWEG 50-1i,OS HOORN GELDELOZEWEG 50-1i,12,32,3.715,8.26662,Liander,2026-09-28T13:36:34Z
2026-09-28T00:23:29Z,797,3,2,OS HOORN HOLENWEG 10-1i,OS HOORN HOLENWEG 10-1i,,25,,5.18336,Liander,2026-09-28T13:36:34Z
2026-09-28T00:23:29Z,798,3,2,OS HOORN HOLENWEG 10-2i,OS HOORN HOLENWEG 10-2i,,4,,3.47976,Liander,2026-09-28T13:36:34Z
2026-09-28T00:23:29Z,799,3,2,OS IJMUIDEN 50-1i,OS IJMUIDEN 50-1i,8,30,2.141,17.72764,Liander,2026-09-28T13:36:34Z
2026-09-28T00:23:29Z,800,3,2,OS KROMMENIE 50-1i,OS KROMMENIE 50-1i,,24,,6.97844,Liander,2026-09-28T13:36:34Z
2026-09-28T00:23:29Z,801,3,2,OS LEEUWARDEN 10-1i,OS LEEUWARDEN 10-1i,41,21,11.547,9.76808,Liander,2026-09-28T13:36:34Z
2026-09-28T00:23:29Z,802,3,2,OS LEEUWARDEN 10-4i,OS LEEUWARDEN 10-4i,24,39,6.301,16.19312,Liander,2026-09-28T13:36:34Z
2026-09-28T00:23:29Z,803,3,2,OS LEIDEN ZUID WEST 10-1i,OS LEIDEN ZUID WEST 10-1i,,16,,10.46218,Liander,2026-09-28T13:36:34Z
2026-09-28T00:23:29Z,804,3,2,OS LEIDERDORP 10-1i,OS LEIDERDORP 10-1i,,11,,2.21394,Liander,2026-09-28T13:36:34Z
2026-09-28T00:23:29Z,805,3,2,OS LEIMUIDEN 10-2i,OS LEIMUIDEN 10-2i,5,15,3.615,3.54348,Liander,2026-09-28T13:36:34Z
2026-09-28T00:23:29Z,806,3,2,OS LEMMER 20-4i,OS LEMMER 20-4i,23,8,17.279,11.56746,Liander,2026-09-28T13:36:34Z
2026-09-28T00:23:29Z,807,3,2,OS LISSE 10-1i,OS LISSE 10-1i,,12,,2.968,Liander,2026-09-28T13:36:34Z
2026-09-28T00:23:29Z,808,3,2,OS LOCHEM 10-1i,OS LOCHEM 10-1i,18,27,10.022,19.64034,Liander,2026-09-28T13:36:34Z
2026-09-28T00:23:29Z,809,3,2,OS MARNEZIJL 10-2i,OS MARNEZIJL 10-2i,9,7,1.31,0.542,Liander,2026-09-28T13:36:34Z
2026-09-28T00:23:29Z,810,3,2,OS MARNEZIJL 20-3i,OS MARNEZIJL 20-3i,6,,0.919,,Liander,2026-09-28T13:36:34Z
2026-09-28T00:23:29Z,811,3,2,OS MEDEMBLIK 10-1i,OS MEDEMBLIK 10-1i,,4,,1.97404,Liander,2026-09-28T13:36:34Z
2026-09-28T00:23:29Z,812,3,2,OS MEDEMBLIK 10-2i,OS MEDEMBLIK 10-2i,16,19,5.201,5.2772,Liander,2026-09-28T13:36:34Z
2026-09-28T00:23:29Z,813,3,2,OS MIDDENMEER 20-2i,OS MIDDENMEER 20-2i,40,31,18.267,14.717,Liander,2026-09-28T13:36:34Z
2026-09-28T00:23:29Z,814,3,2,OS NAARDEN 50-1i,OS NAARDEN 50-1i,4,23,0.55,4.78252,Liander,2026-09-28T13:36:34Z
2026-09-28T00:23:29Z,815,3,2,OS NIEUW VENNEP 10-1i,OS NIEUW VENNEP 10-1i,,28,,7.87706,Liander,2026-09-28T13:36:34Z
2026-09-28T00:23:29Z,816,3,2,OS NIEUWKOOP 10-1i,OS NIEUWKOOP 10-1i,,11,,5.93632,Liander,2026-09-28T13:36:34Z
2026-09-28T00:23:29Z,817,3,2,OS NIJKERK 10-1i,OS NIJKERK 10-1i,22,38,4.657,7.02188,Liander,2026-09-28T13:36:34Z
2026-09-28T00:23:29Z,818,3,2,OS NIJKERK 10-2i,OS NIJKERK 10-2i,22,21,3.083,2.63522,Liander,2026-09-28T13:36:34Z
2026-09-28T00:23:29Z,819,3,2,OS NOORD PAPAVERWEG 10-1i,OS NOORD PAPAVERWEG 10-1i,,86,,27.17668,Liander,2026-09-28T13:36:34Z
2026-09-28T00:23:29Z,820,3,2,OS NOORDWIJK 10-1i,OS NOORDWIJK 10-1i,,15,,1.88282,Liander,2026-09-28T13:36:34Z
2026-09-28T00:23:29Z,821,3,2,OS NUNSPEET 10-1i,OS NUNSPEET 10-1i,5,19,2.878,5.77746,Liander,2026-09-28T13:36:34Z
2026-09-28T00:23:29Z,822,3,2,OS NUNSPEET 10-2i,OS NUNSPEET 10-2i,19,25,14.942,14.49562,Liander,2026-09-28T13:36:34Z
2026-09-28T00:23:29Z,823,3,2,OS OOSTERHOUT 20-1i,OS OOSTERHOUT 20-1i,34,40,81.228,67.35002,Liander,2026-09-28T13:36:34Z
2026-09-28T00:23:29Z,824,3,2,OS OOSTERHOUT 20-2i,OS OOSTERHOUT 20-2i,22,20,89.28,104.53618,Liander,2026-09-28T13:36:34Z
2026-09-28T00:23:29Z,825,3,2,OS OOSTERWOLDE 10-1i,OS OOSTERWOLDE 10-1i,32,12,5.482,5.45336,Liander,2026-09-28T13:36:34Z
2026-09-28T00:23:29Z,826,3,2,OS OTERLEEK 10-2i,OS OTERLEEK 10-2i,13,15,5.492,5.22048,Liander,2026-09-28T13:36:34Z
2026-09-28T00:23:29Z,827,3,2,OS OTERLEEK 10-4i,OS OTERLEEK 10-4i,27,27,8.948,7.23192,Liander,2026-09-28T13:36:34Z
2026-09-28T00:23:29Z,828,3,2,OS OUDEHASKE 10-1i,OS OUDEHASKE 10-1i,11,10,31.811,25.07456,Liander,2026-09-28T13:36:34Z
2026-09-28T00:23:29Z,829,3,2,OS OUDEHASKE 10-2i,OS OUDEHASKE 10-2i,5,,12.429,,Liander,2026-09-28T13:36:34Z
2026-09-28T00:23:29Z,830,3,2,OS OUDEHASKE 20-4i,OS OUDEHASKE 20-4i,8,10,5.23,7.14486,Liander,2026-09-28T13:36:34Z
2026-09-28T00:23:29Z,831,3,2,OS OUDORP 10-1i,OS OUDORP 10-1i,21,71,12.502,28.97382,Liander,2026-09-28T13:36:34Z
2026-09-28T00:23:29Z,832,3,2,OS OUDORP 10-2i,OS OUDORP 10-2i,9,15,0.828,3.43202,Liander,2026-09-28T13:36:34Z
2026-09-28T00:23:29Z,833,3,2,OS OVERVEEN 10-2i,OS OVERVEEN 10-2i,,12,,2.04946,Liander,2026-09-28T13:36:34Z
2026-09-28T00:23:29Z,834,3,2,OS PRESIKHAAF 10-2i,OS PRESIKHAAF 10-2i,24,42,5.836,9.45768,Liander,2026-09-28T13:36:34Z
2026-09-28T00:23:29Z,835,3,2,OS PURMEREND SCHAEPMANSTRAAT 50-1i,OS PURMEREND SCHAEPMANSTRAAT 50-1i,8,35,2.925,8.57674,Liander,2026-09-28T13:36:34Z
2026-09-28T00:23:29Z,836,3,2,OS RAUWERD 10-1i,OS RAUWERD 10-1i,12,5,3.392,0.9216,Liander,2026-09-28T13:36:34Z
2026-09-28T00:23:29Z,837,3,2,OS RENKUM 10-1i,OS RENKUM 10-1i,30,30,17.176,14.1149,Liander,2026-09-28T13:36:34Z
2026-09-28T00:23:29Z,838,3,2,OS RHIJNSPOOR 10-1i,OS RHIJNSPOOR 10-1i,,22,,4.01518,Liander,2026-09-28T13:36:34Z
2026-09-28T00:23:29Z,839,3,2,OS RUIGOORD 10-1i,OS RUIGOORD 10-1i,,13,,18.96458,Liander,2026-09-28T13:36:34Z
2026-09-28T00:23:29Z,840,3,2,OS SASSENHEIM 10-2i,OS SASSENHEIM 10-2i,,28,,7.88172,Liander,2026-09-28T13:36:34Z
2026-09-28T00:23:29Z,841,3,2,OS SCHAGEN 10-1i,OS SCHAGEN 10-1i,24,34,4.115,8.62678,Liander,2026-09-28T13:36:34Z
2026-09-28T00:23:29Z,842,3,2,OS SCHAGEN 10-2i,OS SCHAGEN 10-2i,16,10,4.259,3.6533,Liander,2026-09-28T13:36:34Z
2026-09-28T00:23:29Z,843,3,2,OS SCHAGEN 10-4i,OS SCHAGEN 10-4i,,6,,4.95002,Liander,2026-09-28T13:36:34Z
2026-09-28T00:23:29Z,844,3,2,OS SCHENKENSCHANS 10-1i,OS SCHENKENSCHANS 10-1i,20,23,13.567,14.10108,Liander,2026-09-28T13:36:34Z
2026-09-28T00:23:29Z,845,3,2,OS SCHENKENSCHANS 10-2i,OS SCHENKENSCHANS 10-2i,11,,2.122,,Liander,2026-09-28T13:36:34Z
2026-09-28T00:23:29Z,846,3,2,OS SINT ANNAMOLEN 10-1i,OS SINT ANNAMOLEN 10-1i,5,10,0.71,3.40474,Liander,2026-09-28T13:36:34Z
2026-09-28T00:23:29Z,847,3,2,OS SNEEK 10-1i,OS SNEEK 10-1i,33,34,6.001,12.90824,Liander,2026-09-28T13:36:34Z
2026-09-28T00:23:29Z,848,3,2,OS TEERSDIJK 10-1i,OS TEERSDIJK 10-1i,46,61,10.139,41.01246,Liander,2026-09-28T13:36:34Z
2026-09-28T00:23:29Z,849,3,2,OS TEERSDIJK 10-2i,OS TEERSDIJK 10-2i,25,50,5.844,24.15944,Liander,2026-09-28T13:36:34Z
2026-09-28T00:23:29Z,850,3,2,OS TEXEL 10-1i,OS TEXEL 10-1i,17,23,1.665,14.05586,Liander,2026-09-28T13:36:34Z
2026-09-28T00:23:29Z,851,3,2,OS TIEL 10-2i,OS TIEL 10-2i,35,49,23.334,35.80582,Liander,2026-09-28T13:36:34Z
2026-09-28T00:23:29Z,852,3,2,OS UITGEEST 50-1i,OS UITGEEST 50-1i,8,24,0.512,4.07274,Liander,2026-09-28T13:36:34Z
2026-09-28T00:23:29Z,853,3,2,OS ULFT 10-1i,OS ULFT 10-1i,25,29,17.273,5.81404,Liander,2026-09-28T13:36:34Z
2026-09-28T00:23:29Z,854,3,2,OS ULKESLUIS 10-1i,OS ULKESLUIS 10-1i,15,23,3.311,5.36096,Liander,2026-09-28T13:36:34Z
2026-09-28T00:23:29Z,855,3,2,OS VAASSEN 10-1i,OS VAASSEN 10-1i,26,30,3.293,6.5569,Liander,2026-09-28T13:36:34Z
2026-09-28T00:23:29Z,856,3,2,OS VELSEN 10-1i,OS VELSEN 10-1i,13,37,5.755,31.10356,Liander,2026-09-28T13:36:34Z
2026-09-28T00:23:29Z,857,3,2,OS VIJFHUIZEN 20-3i,OS VIJFHUIZEN 20-3i,,48,,5.2463,Liander,2026-09-28T13:36:34Z
2026-09-28T00:23:29Z,858,3,2,OS WAGENINGEN 10-1i,OS WAGENINGEN 10-1i,11,37,2.832,9.16328,Liander,2026-09-28T13:36:34Z
2026-09-28T00:23:29Z,859,3,2,OS WARMENHUIZEN 10-1i,OS WARMENHUIZEN 10-1i,29,28,12.76,18.13358,Liander,2026-09-28T13:36:34Z
2026-09-28T00:23:29Z,860,3,2,OS WERVERSHOOF 10-1i,OS WERVERSHOOF 10-1i,56,54,25.848,36.96212,Liander,2026-09-28T13:36:34Z
2026-09-28T00:23:29Z,861,3,2,OS WESTWOUD 10-4i,OS WESTWOUD 10-4i,26,38,25.489,31.34427,Liander,2026-09-28T13:36:34Z
2026-09-28T00:23:29Z,862,3,2,OS WINSELINGSEWEG 10-2i,OS WINSELINGSEWEG 10-2i,9,13,1.291,4.82492,Liander,2026-09-28T13:36:34Z
2026-09-28T00:23:29Z,863,3,2,OS WINSELINGSEWEG 10-3i,OS WINSELINGSEWEG 10-3i,7,23,0.855,13.56142,Liander,2026-09-28T13:36:34Z
2026-09-28T00:23:29Z,864,3,2,OS WINTERSWIJK 10-1i,OS WINTERSWIJK 10-1i,35,50,13.969,9.22076,Liander,2026-09-28T13:36:34Z
2026-09-28T00:23:29Z,865,3,2,OS WOLVEGA 10-2i,OS WOLVEGA 10-2i,24,15,7.514,5.30082,Liander,2026-09-28T13:36:34Z
2026-09-28T00:23:29Z,866,3,2,OS WOUDHUIS 10-1i,OS WOUDHUIS 10-1i,13,25,2.927,15.23806,Liander,2026-09-28T13:36:34Z
2026-09-28T00:23:29Z,867,3,2,OS WOUDHUIS 10-2i,OS WOUDHUIS 10-2i,21,26,3.06,4.17148,Liander,2026-09-28T13:36:34Z
2026-09-28T00:23:29Z,868,3,2,OS ZAANDAM WEST 10-1i,OS ZAANDAM WEST 10-1i,,34,,37.47864,Liander,2026-09-28T13:36:34Z
2026-09-28T00:23:29Z,869,3,2,OS ZAANDIJK 50-1i,OS ZAANDIJK 50-1i,,9,,7.08726,Liander,2026-09-28T13:36:34Z
2026-09-28T00:23:29Z,870,3,2,OS ZALTBOMMEL 10-1i,OS ZALTBOMMEL 10-1i,42,76,10.161,19.08204,Liander,2026-09-28T13:36:34Z
2026-09-28T00:23:29Z,871,3,2,OS ZALTBOMMEL 10-2i,OS ZALTBOMMEL 10-2i,25,25,7.027,11.95474,Liander,2026-09-28T13:36:34Z
2026-09-28T00:23:29Z,872,3,2,OS ZALTBOMMEL 20-5i,OS ZALTBOMMEL 20-5i,43,39,63.83,38.8444,Liander,2026-09-28T13:36:34Z
2026-09-28T00:23:29Z,873,3,2,OS ZEEWOLDE 10-1i,OS ZEEWOLDE 10-1i,22,31,5.076,8.83002,Liander,2026-09-28T13:36:34Z
2026-09-28T00:23:29Z,874,3,2,OS ZEVENAAR 10-1i,OS ZEVENAAR 10-1i,31,54,9.252,6.16508,Liander,2026-09-28T13:36:34Z
2026-09-28T00:23:29Z,875,3,2,OS ZEVENAAR 10-3i,OS ZEVENAAR 10-3i,47,64,25.986,39.23432,Liander,2026-09-28T13:36:34Z
2026-09-28T00:23:29Z,876,3,2,OS ZEVENHUIZEN 10-1i,OS ZEVENHUIZEN 10-1i,,7,,5.57522,Liander,2026-09-28T13:36:34Z
2026-09-28T00:23:29Z,877,3,2,OS ZUIDBROEK 20-1i,OS ZUIDBROEK 20-1i,34,54,9.615,25.65926,Liander,2026-09-28T13:36:34Z
2026-09-28T00:23:29Z,878,3,2,OS ZUIDERVELD 10-1i,OS ZUIDERVELD 10-1i,40,84,10.992,22.04022,Liander,2026-09-28T13:36:34Z
2026-09-28T00:23:29Z,879,3,2,OS ZUILICHEM 20-1i,OS ZUILICHEM 20-1i,22,24,63.645,59.86088,Liander,2026-09-28T13:36:34Z
2026-09-28T00:23:29Z,880,3,2,OS ZUTPHEN 10-1i,OS ZUTPHEN 10-1i,13,45,4.949,13.50524,Liander,2026-09-28T13:36:34Z
2026-09-28T00:23:29Z,881,3,2,OS ZUTPHEN 10-2i,OS ZUTPHEN 10-2i,23,30,15.717,3.18976,Liander,2026-09-28T13:36:34Z
2026-09-28T00:23:29Z,882,3,2,Schiphol Oost,Schiphol Oost,8,42,1.782,8.66168,Liander,2026-09-28T13:36:34Z
2026-09-28T00:23:29Z,883,3,2,VDM,VDM Veendam,36,22,62.368,7.225,Enexis,2026-09-28T13:36:34Z
2026-09-28T00:23:29Z,884,3,2,WS,WS Winschoten,13,8,1.195,3.418,Enexis,2026-09-28T13:36:34Z
2026-09-28T00:23:29Z,885,3,3,AMLU,AMLU - Almelo Urenco,33,17,34.262,6.514,"Coteq, Enexis",2026-09-28T13:36:34Z
2026-09-28T00:23:29Z,886,3,3,CM19/30,Berkel en Rodenrijs; Kleihoogt; Centrum Noord,4,2,0.478,,Stedin,2026-09-28T13:36:34Z
2026-09-28T00:23:29Z,887,3,3,CM29/45,Dordrecht Centrum en Oost,3,7,0.586,1.637,Stedin,2026-09-28T13:36:34Z
2026-09-28T00:23:29Z,888,3,3,CM29/64,Hoeksche Waard & Zuidelijk Dordrecht,37,43,14.521,41.433,Stedin,2026-09-28T13:36:34Z
2026-09-28T00:23:29Z,889,3,3,CM34/46,Walcheren Noord ,5,17,0.84,6.76,Stedin,2026-09-28T13:36:34Z
2026-09-28T00:23:29Z,890,3,3,CM35/72,Nootdorp en Ypenburg-Oost,4,5,1.093,1.713,Stedin,2026-09-28T13:36:34Z
2026-09-28T00:23:29Z,891,3,3,CM56/78,Stompwijk en Leidschendam-Zuid,1,0,,0,Stedin,2026-09-28T13:36:34Z
2026-09-28T00:23:29Z,892,3,3,ERD,ERD Eerde,109,183,97.523,83.022,Enexis,2026-09-28T13:36:34Z
2026-09-28T00:23:29Z,893,3,3,ESDW,ESDW Enschede Wesselbrink,1,15,0.05,4.399,Enexis,2026-09-28T13:36:34Z
2026-09-28T00:23:29Z,894,3,3,ETN,ETN Etten Leur,105,149,43.998,54.141,Enexis,2026-09-28T13:36:34Z
2026-09-28T00:23:29Z,895,3,3,HGV,HGV Hoogeveen,31,45,9.167,42.039,"Enexis, Rendo",2026-09-28T13:36:34Z
2026-09-28T00:23:29Z,896,3,3,HMZ,HMZ Helmond Zuid,117,172,34.498,54.424,Enexis,2026-09-28T13:36:34Z
2026-09-28T00:23:29Z,897,3,3,HPT,HPT Hapert,115,147,43.565,55.616,Enexis,2026-09-28T13:36:34Z
2026-09-28T00:23:29Z,898,3,3,OMD,OMD Ommen Dante,26,41,4.986,13.721,Enexis,2026-09-28T13:36:34Z
2026-09-28T00:23:29Z,899,3,3,OS,OS Oss,57,151,12.698,45.01,Enexis,2026-09-28T13:36:34Z
2026-09-28T00:23:29Z,900,3,3,OS BERGUM CENTRALE 10-1i,OS BERGUM CENTRALE 10-1i,22,11,8.764,5.93448,Liander,2026-09-28T13:36:34Z
2026-09-28T00:23:29Z,901,3,3,OS BERGUM CENTRALE 10-2i,OS BERGUM CENTRALE 10-2i,26,14,4.586,3.2908,Liander,2026-09-28T13:36:34Z
2026-09-28T00:23:29Z,902,3,3,OS DRACHTEN 10-1i,OS DRACHTEN 10-1i,29,23,10.5,14.4183,Liander,2026-09-28T13:36:34Z
2026-09-28T00:23:29Z,903,3,3,OS EDE 10-1i,OS EDE 10-1i,21,28,1.769,3.93687,Liander,2026-09-28T13:36:34Z
2026-09-28T00:23:29Z,904,3,3,OS GORREDIJK 20-2i,OS GORREDIJK 20-2i,12,9,22.253,14.35558,Liander,2026-09-28T13:36:34Z
2026-09-28T00:23:29Z,905,3,3,OS Heiloo 10-1i + 10-2i,OS Heiloo 10-1i + 10-2i,14,23,1.837,3.6325,Liander,2026-09-28T13:36:34Z
2026-09-28T00:23:29Z,906,3,3,OS HERBAYUM 20KV 20-1i,OS HERBAYUM 20KV 20-1i,16,6,25.765,3.90804,Liander,2026-09-28T13:36:34Z
2026-09-28T00:23:29Z,907,3,3,OS LEEUWARDEN 10-4i,OS LEEUWARDEN 10-4i,24,39,6.301,16.19312,Liander,2026-09-28T13:36:34Z
2026-09-28T00:23:29Z,908,3,3,OS OOSTERHOUT 20-1i,OS OOSTERHOUT 20-1i,34,40,81.228,67.35002,Liander,2026-09-28T13:36:34Z
2026-09-28T00:23:29Z,909,3,3,OS PLATVOET 10-1i,OS PLATVOET 10-1i,5,4,0.612,0.76283,Liander,2026-09-28T13:36:34Z
2026-09-28T00:23:29Z,910,3,3,OS TIEL 10-1i,OS TIEL 10-1i,47,53,21.629,19.14144,Liander,2026-09-28T13:36:34Z
2026-09-28T00:23:29Z,911,3,3,OS WERVERSHOOF 10-1i,OS WERVERSHOOF 10-1i,56,54,25.848,36.96212,Liander,2026-09-28T13:36:34Z
2026-09-28T00:23:29Z,912,3,3,OS WINTERSWIJK 10-1i,OS WINTERSWIJK 10-1i,35,50,13.969,9.22076,Liander,2026-09-28T13:36:34Z
2026-09-28T00:23:29Z,913,3,3,OS ZEVENHUIZEN 10-2i,OS ZEVENHUIZEN 10-2i,6,10,2.122,3.70288,Liander,2026-09-28T13:36:34Z
2026-09-28T00:23:29Z,914,3,3,RS,RS Rijssen,60,70,16.134,18.389,Enexis,2026-09-28T13:36:34Z
2026-09-28T00:23:29Z,915,3,3,RSD,RSD Roosendaal,83,178,37.73,95.164,Enexis,2026-09-28T13:36:34Z
2026-09-28T00:23:29Z,916,3,3,RT,RT Raalte,49,54,14.981,6.59,Enexis,2026-09-28T13:36:34Z
2026-09-28T00:23:29Z,917,3,3,SKN,SKN Stadskanaal,26,17,6.153,3.992,Enexis,2026-09-28T13:36:34Z
2026-09-28T00:23:29Z,918,3,3,TBN,TBN Tilburg Noord,102,170,37.948,62.215,Enexis,2026-09-28T13:36:34Z
2026-09-28T00:23:29Z,919,3,3,UD,UD Uden,113,171,54.016,61.561,Enexis,2026-09-28T13:36:34Z
2026-09-28T00:23:29Z,920,3,3,VDM,VDM Veendam,36,22,62.368,7.225,Enexis,2026-09-28T13:36:34Z
2026-09-28T00:23:29Z,921,3,3,VENR,VENR Venray,128,169,345.1,72.873,Enexis,2026-09-28T13:36:34Z
2026-09-28T00:23:29Z,922,3,3,VLH DE VOORST 61 10-1i,VLH DE VOORST 61 10-1i,44,42,14.846,14.57604,Liander,2026-09-28T13:36:34Z
2026-09-28T00:23:29Z,923,3,3,VO,VO Veenoord,22,33,20.59,15.951,Enexis,2026-09-28T13:36:34Z
2026-09-28T00:23:29Z,924,3,3,WS,WS Winschoten,13,8,1.195,3.418,Enexis,2026-09-28T13:36:34Z
2026-09-28T00:23:29Z,925,3,3,ZYV,ZYV Zeijerveen,18,40,16.318,5.344,Enexis,2026-09-28T13:36:34Z
