bron_bijgewerkt,OBJECTID,congestiegebied_afname,congestiegebied_opwek,afname,opwek,unieke_verzoeken_invoeding,unieke_verzoeken_afname,wachtrij_invoeding,wachtrij_afname,jaartal_opgelost_invoeding,jaartal_opgelost_afname,opgehaald_op
2026-09-28T00:23:37Z,1,,,,,,,,,,,2026-09-28T13:36:34Z
2026-09-28T00:23:37Z,2,Crayestein,Crayestein,0,0,,,,,,,2026-09-28T13:36:34Z
2026-09-28T00:23:37Z,3,Drenthe,Drenthe,1,3,7,,1304,,2034,,2026-09-28T13:36:34Z
2026-09-28T00:23:37Z,4,Drenthe,Drenthe,3,3,7,,1304,,2034,,2026-09-28T13:36:34Z
2026-09-28T00:23:37Z,5,Eemshaven Midden,Eemshaven Midden,3,1,,,,20,2037,2033,2026-09-28T13:36:34Z
2026-09-28T00:23:37Z,6,"Flevopolder, Utrecht en Gelderland","Flevopolder, Utrecht en Gelderland",3,3,9,9,1538,1339,2035,2035,2026-09-28T13:36:34Z
2026-09-28T00:23:37Z,7,Friesland,Friesland,1,3,,,219,,2033,,2026-09-28T13:36:34Z
2026-09-28T00:23:37Z,8,Groningen 220/20,Groningen 220/20,0,0,,,,,,,2026-09-28T13:36:34Z
2026-09-28T00:23:37Z,9,Groningen 220/20,Groningen 220/20,1,0,,,,,,,2026-09-28T13:36:34Z
2026-09-28T00:23:37Z,10,Groningen 220/20,Groningen 220/20,0,1,,,,,,,2026-09-28T13:36:34Z
2026-09-28T00:23:37Z,11,Groningen Oost,Groningen Oost,1,0,,,,,,,2026-09-28T13:36:34Z
2026-09-28T00:23:37Z,12,Groningen Oost,Groningen Oost ,1,1,,,,,,,2026-09-28T13:36:34Z
2026-09-28T00:23:37Z,13,Groningen Oost,Groningen West,1,3,4,,774,,2035,2035,2026-09-28T13:36:34Z
2026-09-28T00:23:37Z,14,Groningen West,Groningen West,1,3,4,,774,,2035,2035,2026-09-28T13:36:34Z
2026-09-28T00:23:37Z,15,Groningen West,Groningen West,3,3,4,,774,,2035,2035,2026-09-28T13:36:34Z
2026-09-28T00:23:37Z,16,Haven van Rotterdam,Haven van Rotterdam,3,0,,11,,1301,,2032,2026-09-28T13:36:34Z
2026-09-28T00:23:37Z,17,Limburg,Limburg,3,3,9,10,1913,1793,2034,2034,2026-09-28T13:36:34Z
2026-09-28T00:23:37Z,18,Maasvlakte,Maasvlakte,1,0,,,,,,,2026-09-28T13:36:34Z
2026-09-28T00:23:37Z,19,Noord-Brabant,Noord-Brabant,3,3,13,22,1994,2517,2036,2036,2026-09-28T13:36:34Z
2026-09-28T00:23:37Z,20,Noord-Holland,Noord-Holland,3,0,,35,,4222,,2036,2026-09-28T13:36:34Z
2026-09-28T00:23:37Z,21,Noord-Holland,Noord-Holland Noord,3,3,,,700,,2027,,2026-09-28T13:36:34Z
2026-09-28T00:23:37Z,22,Noordelijk Zuid-Holland,Noordelijk Zuid-Holland,3,0,,7,,910,,2034,2026-09-28T13:36:34Z
2026-09-28T00:23:37Z,23,Noordoostpolder,Noordoostpolder,0,1,,,,,2032,,2026-09-28T13:36:34Z
2026-09-28T00:23:37Z,24,Overijssel,Hengelo,3,3,3,,350,,2036,,2026-09-28T13:36:34Z
2026-09-28T00:23:37Z,25,Overijssel,Zwolle Hessenweg,3,3,4,,1050,,2036,,2026-09-28T13:36:34Z
2026-09-28T00:23:37Z,26,Westland,Westland,0,0,,,,,,,2026-09-28T13:36:34Z
2026-09-28T00:23:37Z,27,Zeeland,Zeeland,3,0,,11,,1177,,2035,2026-09-28T13:36:34Z
2026-10-05T00:24:39Z,1,,,,,,,,,,,2026-10-05T04:30:46Z
2026-10-05T00:24:39Z,2,Crayestein,Crayestein,0,0,,,,,,,2026-10-05T04:30:46Z
2026-10-05T00:24:39Z,3,Drenthe,Drenthe,1,3,7,,1304,,2034,,2026-10-05T04:30:46Z
2026-10-05T00:24:39Z,4,Drenthe,Drenthe,3,3,7,,1304,,2034,,2026-10-05T04:30:46Z
2026-10-05T00:24:39Z,5,Eemshaven Midden,Eemshaven Midden,3,1,,,,20,2037,2033,2026-10-05T04:30:46Z
2026-10-05T00:24:39Z,6,"Flevopolder, Utrecht en Gelderland","Flevopolder, Utrecht en Gelderland",3,3,9,9,1538,1339,2035,2035,2026-10-05T04:30:46Z
2026-10-05T00:24:39Z,7,Friesland,Friesland,1,3,,,219,,2033,,2026-10-05T04:30:46Z
2026-10-05T00:24:39Z,8,Groningen 220/20,Groningen 220/20,0,0,,,,,,,2026-10-05T04:30:46Z
2026-10-05T00:24:39Z,9,Groningen 220/20,Groningen 220/20,1,0,,,,,,,2026-10-05T04:30:46Z
2026-10-05T00:24:39Z,10,Groningen 220/20,Groningen 220/20,0,1,,,,,,,2026-10-05T04:30:46Z
2026-10-05T00:24:39Z,11,Groningen Oost,Groningen Oost,1,0,,,,,,,2026-10-05T04:30:46Z
2026-10-05T00:24:39Z,12,Groningen Oost,Groningen Oost ,1,1,,,,,,,2026-10-05T04:30:46Z
2026-10-05T00:24:39Z,13,Groningen Oost,Groningen West,1,3,4,,774,,2035,2035,2026-10-05T04:30:46Z
2026-10-05T00:24:39Z,14,Groningen West,Groningen West,1,3,4,,774,,2035,2035,2026-10-05T04:30:46Z
2026-10-05T00:24:39Z,15,Groningen West,Groningen West,3,3,4,,774,,2035,2035,2026-10-05T04:30:46Z
2026-10-05T00:24:39Z,16,Haven van Rotterdam,Haven van Rotterdam,3,0,,11,,1301,,2032,2026-10-05T04:30:46Z
2026-10-05T00:24:39Z,17,Limburg,Limburg,3,3,9,10,1913,1793,2034,2034,2026-10-05T04:30:46Z
2026-10-05T00:24:39Z,18,Maasvlakte,Maasvlakte,1,0,,,,,,,2026-10-05T04:30:46Z
2026-10-05T00:24:39Z,19,Noord-Brabant,Noord-Brabant,3,3,13,22,1994,2517,2036,2036,2026-10-05T04:30:46Z
2026-10-05T00:24:39Z,20,Noord-Holland,Noord-Holland,3,0,,35,,4222,,2036,2026-10-05T04:30:46Z
2026-10-05T00:24:39Z,21,Noord-Holland,Noord-Holland Noord,3,3,,,700,,2027,,2026-10-05T04:30:46Z
2026-10-05T00:24:39Z,22,Noordelijk Zuid-Holland,Noordelijk Zuid-Holland,3,0,,7,,910,,2034,2026-10-05T04:30:46Z
2026-10-05T00:24:39Z,23,Noordoostpolder,Noordoostpolder,0,1,,,,,2032,,2026-10-05T04:30:46Z
2026-10-05T00:24:39Z,24,Overijssel,Hengelo,3,3,3,,350,,2036,,2026-10-05T04:30:46Z
2026-10-05T00:24:39Z,25,Overijssel,Zwolle Hessenweg,3,3,4,,1050,,2036,,2026-10-05T04:30:46Z
2026-10-05T00:24:39Z,26,Westland,Westland,0,0,,,,,,,2026-10-05T04:30:46Z
2026-10-05T00:24:39Z,27,Zeeland,Zeeland,3,0,,11,,1177,,2035,2026-10-05T04:30:46Z
