peildatum,brandstof,aantal,opgehaald_op
2026-09-28,Alcohol,4684,2026-09-28T13:36:34Z
2026-09-28,Benzine,11304813,2026-09-28T13:36:34Z
2026-09-28,CNG,12209,2026-09-28T13:36:34Z
2026-09-28,Diesel,2620247,2026-09-28T13:36:34Z
2026-09-28,Elektriciteit,2899674,2026-09-28T13:36:34Z
2026-09-28,LNG,1585,2026-09-28T13:36:34Z
2026-09-28,LPG,150052,2026-09-28T13:36:34Z
2026-09-28,Waterstof,1190,2026-09-28T13:36:34Z
2026-09-28,,1,2026-09-28T13:36:34Z
2026-09-29,Alcohol,4684,2026-09-29T04:30:45Z
2026-09-29,Benzine,11304813,2026-09-29T04:30:45Z
2026-09-29,CNG,12209,2026-09-29T04:30:45Z
2026-09-29,Diesel,2620247,2026-09-29T04:30:45Z
2026-09-29,Elektriciteit,2899674,2026-09-29T04:30:45Z
2026-09-29,LNG,1585,2026-09-29T04:30:45Z
2026-09-29,LPG,150052,2026-09-29T04:30:45Z
2026-09-29,Waterstof,1190,2026-09-29T04:30:45Z
2026-09-29,,1,2026-09-29T04:30:45Z
2026-09-30,Alcohol,4684,2026-09-30T04:30:47Z
2026-09-30,Benzine,11304949,2026-09-30T04:30:47Z
2026-09-30,CNG,12206,2026-09-30T04:30:47Z
2026-09-30,Diesel,2620044,2026-09-30T04:30:47Z
2026-09-30,Elektriciteit,2902422,2026-09-30T04:30:47Z
2026-09-30,LNG,1589,2026-09-30T04:30:47Z
2026-09-30,LPG,150048,2026-09-30T04:30:47Z
2026-09-30,Waterstof,1190,2026-09-30T04:30:47Z
2026-09-30,,1,2026-09-30T04:30:47Z
2026-10-01,Alcohol,4684,2026-10-01T04:30:44Z
2026-10-01,Benzine,11304949,2026-10-01T04:30:44Z
2026-10-01,CNG,12206,2026-10-01T04:30:44Z
2026-10-01,Diesel,2620044,2026-10-01T04:30:44Z
2026-10-01,Elektriciteit,2902422,2026-10-01T04:30:44Z
2026-10-01,LNG,1589,2026-10-01T04:30:44Z
2026-10-01,LPG,150048,2026-10-01T04:30:44Z
2026-10-01,Waterstof,1190,2026-10-01T04:30:44Z
2026-10-01,,1,2026-10-01T04:30:44Z
2026-10-02,Alcohol,4684,2026-10-02T04:30:51Z
2026-10-02,Benzine,11304949,2026-10-02T04:30:51Z
2026-10-02,CNG,12206,2026-10-02T04:30:51Z
2026-10-02,Diesel,2620044,2026-10-02T04:30:51Z
2026-10-02,Elektriciteit,2902422,2026-10-02T04:30:51Z
2026-10-02,LNG,1589,2026-10-02T04:30:51Z
2026-10-02,LPG,150048,2026-10-02T04:30:51Z
2026-10-02,Waterstof,1190,2026-10-02T04:30:51Z
2026-10-02,,1,2026-10-02T04:30:51Z
2026-10-03,Alcohol,4684,2026-10-03T04:30:42Z
2026-10-03,Benzine,11304949,2026-10-03T04:30:42Z
2026-10-03,CNG,12206,2026-10-03T04:30:42Z
2026-10-03,Diesel,2620044,2026-10-03T04:30:42Z
2026-10-03,Elektriciteit,2902422,2026-10-03T04:30:42Z
2026-10-03,LNG,1589,2026-10-03T04:30:42Z
2026-10-03,LPG,150048,2026-10-03T04:30:42Z
2026-10-03,Waterstof,1190,2026-10-03T04:30:42Z
2026-10-03,,1,2026-10-03T04:30:42Z
2026-10-04,Alcohol,4678,2026-10-04T04:30:49Z
2026-10-04,Benzine,11306750,2026-10-04T04:30:49Z
2026-10-04,CNG,12191,2026-10-04T04:30:49Z
2026-10-04,Diesel,2618264,2026-10-04T04:30:49Z
2026-10-04,Elektriciteit,2912198,2026-10-04T04:30:49Z
2026-10-04,LNG,1591,2026-10-04T04:30:49Z
2026-10-04,LPG,150014,2026-10-04T04:30:49Z
2026-10-04,Waterstof,1195,2026-10-04T04:30:49Z
2026-10-04,,1,2026-10-04T04:30:49Z
2026-10-05,Alcohol,4678,2026-10-05T04:30:46Z
2026-10-05,Benzine,11305751,2026-10-05T04:30:46Z
2026-10-05,CNG,12186,2026-10-05T04:30:46Z
2026-10-05,Diesel,2617407,2026-10-05T04:30:46Z
2026-10-05,Elektriciteit,2912086,2026-10-05T04:30:46Z
2026-10-05,LNG,1591,2026-10-05T04:30:46Z
2026-10-05,LPG,149998,2026-10-05T04:30:46Z
2026-10-05,Waterstof,1195,2026-10-05T04:30:46Z
2026-10-05,,1,2026-10-05T04:30:46Z
2026-10-06,Alcohol,4678,2026-10-06T04:30:50Z
2026-10-06,Benzine,11305140,2026-10-06T04:30:50Z
2026-10-06,CNG,12183,2026-10-06T04:30:50Z
2026-10-06,Diesel,2616757,2026-10-06T04:30:50Z
2026-10-06,Elektriciteit,2911978,2026-10-06T04:30:50Z
2026-10-06,LNG,1589,2026-10-06T04:30:50Z
2026-10-06,LPG,149984,2026-10-06T04:30:50Z
2026-10-06,Waterstof,1195,2026-10-06T04:30:50Z
2026-10-06,,1,2026-10-06T04:30:50Z
2026-10-07,Alcohol,4678,2026-10-07T04:30:56Z
2026-10-07,Benzine,11304915,2026-10-07T04:30:56Z
2026-10-07,CNG,12181,2026-10-07T04:30:56Z
2026-10-07,Diesel,2616590,2026-10-07T04:30:56Z
2026-10-07,Elektriciteit,2913545,2026-10-07T04:30:56Z
2026-10-07,LNG,1590,2026-10-07T04:30:56Z
2026-10-07,LPG,149966,2026-10-07T04:30:56Z
2026-10-07,Waterstof,1195,2026-10-07T04:30:56Z
2026-10-07,,1,2026-10-07T04:30:56Z
2026-10-08,Alcohol,4679,2026-10-08T04:31:00Z
2026-10-08,Benzine,11306594,2026-10-08T04:31:00Z
2026-10-08,CNG,12180,2026-10-08T04:31:00Z
2026-10-08,Diesel,2616773,2026-10-08T04:31:00Z
2026-10-08,Elektriciteit,2916553,2026-10-08T04:31:00Z
2026-10-08,LNG,1591,2026-10-08T04:31:00Z
2026-10-08,LPG,149965,2026-10-08T04:31:00Z
2026-10-08,Waterstof,1195,2026-10-08T04:31:00Z
2026-10-08,,1,2026-10-08T04:31:00Z
2026-10-09,Alcohol,4679,2026-10-09T04:30:49Z
2026-10-09,Benzine,11305751,2026-10-09T04:30:49Z
2026-10-09,CNG,12178,2026-10-09T04:30:49Z
2026-10-09,Diesel,2615992,2026-10-09T04:30:49Z
2026-10-09,Elektriciteit,2918354,2026-10-09T04:30:49Z
2026-10-09,LNG,1590,2026-10-09T04:30:49Z
2026-10-09,LPG,149940,2026-10-09T04:30:49Z
2026-10-09,Waterstof,1195,2026-10-09T04:30:49Z
2026-10-09,,1,2026-10-09T04:30:49Z
2026-10-10,Alcohol,4680,2026-10-10T04:30:55Z
2026-10-10,Benzine,11306746,2026-10-10T04:30:55Z
2026-10-10,CNG,12170,2026-10-10T04:30:55Z
2026-10-10,Diesel,2615331,2026-10-10T04:30:55Z
2026-10-10,Elektriciteit,2920794,2026-10-10T04:30:55Z
2026-10-10,LNG,1590,2026-10-10T04:30:55Z
2026-10-10,LPG,149920,2026-10-10T04:30:55Z
2026-10-10,Waterstof,1195,2026-10-10T04:30:55Z
2026-10-10,,1,2026-10-10T04:30:55Z
