datum,herkomst,brandstof,aantal,opgehaald_op
20260918,import,Diesel+Elektriciteit,9,2026-09-28T13:36:34Z
20260918,nieuw,Benzine+LPG,1,2026-09-28T13:36:34Z
20260918,import,Diesel,38,2026-09-28T13:36:34Z
20260918,nieuw,Elektriciteit,1018,2026-09-28T13:36:34Z
20260918,import,Benzine+CNG,2,2026-09-28T13:36:34Z
20260918,import,Benzine+Elektriciteit,768,2026-09-28T13:36:34Z
20260918,import,Benzine,434,2026-09-28T13:36:34Z
20260918,nieuw,Benzine+Elektriciteit,677,2026-09-28T13:36:34Z
20260918,nieuw,Benzine,135,2026-09-28T13:36:34Z
20260918,import,Elektriciteit,144,2026-09-28T13:36:34Z
20260918,import,Alcohol+Benzine,2,2026-09-28T13:36:34Z
20260918,import,Benzine+LPG,3,2026-09-28T13:36:34Z
20260918,nieuw,Diesel,6,2026-09-28T13:36:34Z
20260919,nieuw,Benzine,23,2026-09-29T04:30:45Z
20260919,nieuw,Diesel,1,2026-09-29T04:30:45Z
20260919,import,Diesel,19,2026-09-29T04:30:45Z
20260919,import,Benzine,288,2026-09-29T04:30:45Z
20260919,nieuw,Elektriciteit,367,2026-09-29T04:30:45Z
20260919,import,Elektriciteit,33,2026-09-29T04:30:45Z
20260919,import,Diesel+Elektriciteit,1,2026-09-29T04:30:45Z
20260919,nieuw,Benzine+Elektriciteit,202,2026-09-29T04:30:45Z
20260919,import,Benzine+Elektriciteit,427,2026-09-29T04:30:45Z
20260920,import,Benzine+Elektriciteit,47,2026-09-30T04:30:47Z
20260920,import,Elektriciteit,5,2026-09-30T04:30:47Z
20260920,import,Diesel,2,2026-09-30T04:30:47Z
20260920,import,Benzine,56,2026-09-30T04:30:47Z
20260921,nieuw,Elektriciteit,632,2026-10-01T04:30:44Z
20260921,import,Benzine,132,2026-10-01T04:30:44Z
20260921,nieuw,Diesel,10,2026-10-01T04:30:44Z
20260921,import,Diesel,13,2026-10-01T04:30:44Z
20260921,nieuw,Benzine+LPG,4,2026-10-01T04:30:44Z
20260921,nieuw,Benzine,64,2026-10-01T04:30:44Z
20260921,nieuw,Benzine+Elektriciteit,509,2026-10-01T04:30:44Z
20260921,import,Diesel+Elektriciteit,1,2026-10-01T04:30:44Z
20260921,nieuw,Elektriciteit+Waterstof,1,2026-10-01T04:30:44Z
20260921,import,Benzine+Elektriciteit,168,2026-10-01T04:30:44Z
20260921,nieuw,Diesel+Elektriciteit,1,2026-10-01T04:30:44Z
20260921,import,Benzine+LPG,2,2026-10-01T04:30:44Z
20260921,import,Elektriciteit,127,2026-10-01T04:30:44Z
20260922,nieuw,Benzine+LPG,1,2026-10-02T04:30:51Z
20260922,import,Elektriciteit+Waterstof,2,2026-10-02T04:30:51Z
20260922,import,Benzine,442,2026-10-02T04:30:51Z
20260922,nieuw,Diesel,1,2026-10-02T04:30:51Z
20260922,import,Benzine+Elektriciteit,537,2026-10-02T04:30:51Z
20260922,import,Alcohol+Benzine+Elektriciteit,1,2026-10-02T04:30:51Z
20260922,import,Elektriciteit,137,2026-10-02T04:30:51Z
20260922,nieuw,Benzine+Elektriciteit+LPG,2,2026-10-02T04:30:51Z
20260922,nieuw,Benzine+Elektriciteit,407,2026-10-02T04:30:51Z
20260922,import,Benzine+LPG,10,2026-10-02T04:30:51Z
20260922,import,Diesel+Elektriciteit,3,2026-10-02T04:30:51Z
20260922,nieuw,Benzine,38,2026-10-02T04:30:51Z
20260922,nieuw,Elektriciteit,698,2026-10-02T04:30:51Z
20260922,import,Diesel,33,2026-10-02T04:30:51Z
20260923,import,Benzine+Elektriciteit,553,2026-10-03T04:30:42Z
20260923,import,Diesel,30,2026-10-03T04:30:42Z
20260923,import,Elektriciteit,136,2026-10-03T04:30:42Z
20260923,import,Benzine+LPG,2,2026-10-03T04:30:42Z
20260923,nieuw,Benzine,100,2026-10-03T04:30:42Z
20260923,import,Elektriciteit+Waterstof,1,2026-10-03T04:30:42Z
20260923,nieuw,Benzine+LPG,2,2026-10-03T04:30:42Z
20260923,import,Diesel+Elektriciteit,4,2026-10-03T04:30:42Z
20260923,import,Benzine,362,2026-10-03T04:30:42Z
20260923,import,Alcohol+Benzine,1,2026-10-03T04:30:42Z
20260923,nieuw,Benzine+Elektriciteit+LPG,1,2026-10-03T04:30:42Z
20260923,nieuw,Elektriciteit,806,2026-10-03T04:30:42Z
20260923,nieuw,Benzine+Elektriciteit,554,2026-10-03T04:30:42Z
20260923,nieuw,Diesel,4,2026-10-03T04:30:42Z
20260924,import,Benzine,313,2026-10-04T04:30:49Z
20260924,import,Benzine+LPG,1,2026-10-04T04:30:49Z
20260924,import,Diesel,34,2026-10-04T04:30:49Z
20260924,nieuw,Benzine+Elektriciteit,620,2026-10-04T04:30:49Z
20260924,nieuw,Diesel,7,2026-10-04T04:30:49Z
20260924,nieuw,Benzine,55,2026-10-04T04:30:49Z
20260924,nieuw,Elektriciteit,813,2026-10-04T04:30:49Z
20260924,nieuw,Benzine+LPG,8,2026-10-04T04:30:49Z
20260924,import,Elektriciteit,148,2026-10-04T04:30:49Z
20260924,import,Benzine+Elektriciteit,467,2026-10-04T04:30:49Z
20260924,import,Diesel+Elektriciteit,5,2026-10-04T04:30:49Z
20260924,import,LPG,1,2026-10-04T04:30:49Z
20260925,import,Benzine+LPG,3,2026-10-05T04:30:46Z
20260925,nieuw,Elektriciteit,1172,2026-10-05T04:30:46Z
20260925,nieuw,Benzine+Elektriciteit,853,2026-10-05T04:30:46Z
20260925,nieuw,Benzine+LPG,2,2026-10-05T04:30:46Z
20260925,import,Diesel+Elektriciteit,2,2026-10-05T04:30:46Z
20260925,nieuw,Benzine+Elektriciteit+LPG,4,2026-10-05T04:30:46Z
20260925,nieuw,Diesel+Elektriciteit,1,2026-10-05T04:30:46Z
20260925,import,Benzine+Elektriciteit,550,2026-10-05T04:30:46Z
20260925,import,Diesel,24,2026-10-05T04:30:46Z
20260925,nieuw,Benzine,154,2026-10-05T04:30:46Z
20260925,import,Elektriciteit,109,2026-10-05T04:30:46Z
20260925,import,Benzine,352,2026-10-05T04:30:46Z
20260925,nieuw,Diesel,7,2026-10-05T04:30:46Z
20260926,nieuw,Benzine+Elektriciteit,302,2026-10-06T04:30:50Z
20260926,nieuw,Diesel,4,2026-10-06T04:30:50Z
20260926,import,Elektriciteit,45,2026-10-06T04:30:50Z
20260926,import,Diesel,21,2026-10-06T04:30:50Z
20260926,import,Benzine+Elektriciteit,428,2026-10-06T04:30:50Z
20260926,import,Diesel+Elektriciteit,1,2026-10-06T04:30:50Z
20260926,nieuw,Benzine+LPG,2,2026-10-06T04:30:50Z
20260926,nieuw,Elektriciteit,365,2026-10-06T04:30:50Z
20260926,import,Benzine,270,2026-10-06T04:30:50Z
20260926,nieuw,Benzine,25,2026-10-06T04:30:50Z
20260927,nieuw,Elektriciteit,1,2026-10-07T04:30:56Z
20260927,import,Benzine+Elektriciteit,64,2026-10-07T04:30:56Z
20260927,import,Benzine,49,2026-10-07T04:30:56Z
20260927,import,Elektriciteit,3,2026-10-07T04:30:56Z
20260927,import,Diesel,1,2026-10-07T04:30:56Z
20260928,import,Diesel,11,2026-10-08T04:31:00Z
20260928,nieuw,Benzine+Elektriciteit,1228,2026-10-08T04:31:00Z
20260928,import,Diesel+Elektriciteit,1,2026-10-08T04:31:00Z
20260928,nieuw,Benzine+Elektriciteit+LPG,1,2026-10-08T04:31:00Z
20260928,nieuw,Elektriciteit,1293,2026-10-08T04:31:00Z
20260928,nieuw,Benzine,129,2026-10-08T04:31:00Z
20260928,import,Benzine+Elektriciteit,135,2026-10-08T04:31:00Z
20260928,nieuw,Diesel,2,2026-10-08T04:31:00Z
20260928,import,Benzine,123,2026-10-08T04:31:00Z
20260928,import,Elektriciteit,94,2026-10-08T04:31:00Z
20260928,nieuw,Benzine+LPG,1,2026-10-08T04:31:00Z
20260929,import,Diesel+Elektriciteit,5,2026-10-08T04:31:00Z
20260929,nieuw,Benzine+LPG,3,2026-10-08T04:31:00Z
20260929,import,Benzine,303,2026-10-08T04:31:00Z
20260929,nieuw,Benzine+Elektriciteit,1285,2026-10-08T04:31:00Z
20260929,import,Benzine+Elektriciteit,482,2026-10-08T04:31:00Z
20260929,import,Diesel,27,2026-10-08T04:31:00Z
20260929,nieuw,Benzine,88,2026-10-08T04:31:00Z
20260929,nieuw,Benzine+Elektriciteit+LPG,1,2026-10-08T04:31:00Z
20260929,nieuw,Diesel,5,2026-10-08T04:31:00Z
20260929,import,Elektriciteit,134,2026-10-08T04:31:00Z
20260929,nieuw,Elektriciteit,1418,2026-10-08T04:31:00Z
20260929,import,Benzine+LPG,1,2026-10-08T04:31:00Z
20260930,import,Elektriciteit+Waterstof,1,2026-10-08T04:31:00Z
20260930,nieuw,Elektriciteit,2596,2026-10-08T04:31:00Z
20260930,nieuw,Benzine+Elektriciteit,2456,2026-10-08T04:31:00Z
20260930,nieuw,Benzine,284,2026-10-08T04:31:00Z
20260930,import,Benzine,88,2026-10-08T04:31:00Z
20260930,import,Elektriciteit,136,2026-10-08T04:31:00Z
20260930,import,Benzine+CNG,1,2026-10-08T04:31:00Z
20260930,nieuw,Benzine+Elektriciteit+LPG,6,2026-10-08T04:31:00Z
20260930,import,Diesel,13,2026-10-08T04:31:00Z
20260930,nieuw,Diesel,5,2026-10-08T04:31:00Z
20260930,nieuw,Benzine+LPG,3,2026-10-08T04:31:00Z
20260930,import,Benzine+Elektriciteit,139,2026-10-08T04:31:00Z
20261001,import,Benzine+Elektriciteit,1017,2026-10-08T04:31:00Z
20261001,import,Alcohol+Benzine+Elektriciteit,1,2026-10-08T04:31:00Z
20261001,nieuw,Benzine,42,2026-10-08T04:31:00Z
20261001,import,LPG,1,2026-10-08T04:31:00Z
20261001,nieuw,Benzine+Elektriciteit,363,2026-10-08T04:31:00Z
20261001,nieuw,Elektriciteit,547,2026-10-08T04:31:00Z
20261001,import,Benzine,626,2026-10-08T04:31:00Z
20261001,import,Benzine+LPG,2,2026-10-08T04:31:00Z
20261001,import,Diesel+Elektriciteit,10,2026-10-08T04:31:00Z
20261001,import,Elektriciteit,191,2026-10-08T04:31:00Z
20261001,import,Diesel,66,2026-10-08T04:31:00Z
20261001,nieuw,Diesel,5,2026-10-08T04:31:00Z
20261002,import,Benzine,340,2026-10-08T04:31:00Z
20261002,nieuw,Benzine,89,2026-10-08T04:31:00Z
20261002,import,Benzine+LPG,1,2026-10-08T04:31:00Z
20261002,nieuw,Diesel,4,2026-10-08T04:31:00Z
20261002,nieuw,Benzine+LPG,4,2026-10-08T04:31:00Z
20261002,import,Diesel,36,2026-10-08T04:31:00Z
20261002,import,Benzine+Elektriciteit,553,2026-10-08T04:31:00Z
20261002,import,Elektriciteit,167,2026-10-08T04:31:00Z
20261002,nieuw,Benzine+Elektriciteit,360,2026-10-08T04:31:00Z
20261002,nieuw,Elektriciteit,644,2026-10-08T04:31:00Z
20261002,import,Diesel+Elektriciteit,1,2026-10-08T04:31:00Z
20261003,nieuw,Benzine+Elektriciteit+LPG,1,2026-10-08T04:31:00Z
20261003,import,Elektriciteit,5,2026-10-08T04:31:00Z
20261003,nieuw,Benzine,10,2026-10-08T04:31:00Z
20261003,nieuw,Benzine+Elektriciteit,150,2026-10-08T04:31:00Z
20261003,import,Benzine+Elektriciteit,6,2026-10-08T04:31:00Z
20261003,nieuw,Elektriciteit,166,2026-10-08T04:31:00Z
20261003,import,Benzine,35,2026-10-08T04:31:00Z
20261003,nieuw,Elektriciteit+Waterstof,1,2026-10-08T04:31:00Z
20261003,nieuw,Benzine+LPG,2,2026-10-08T04:31:00Z
20261003,import,Diesel,2,2026-10-08T04:31:00Z
20261004,import,Elektriciteit,1,2026-10-08T04:31:00Z
20261004,nieuw,Elektriciteit,1,2026-10-08T04:31:00Z
20261004,import,Benzine,11,2026-10-08T04:31:00Z
20261005,nieuw,Elektriciteit,430,2026-10-08T04:31:00Z
20261005,import,Elektriciteit,159,2026-10-08T04:31:00Z
20261005,nieuw,Benzine+LPG,1,2026-10-08T04:31:00Z
20261005,nieuw,Benzine+Elektriciteit,295,2026-10-08T04:31:00Z
20261005,import,Benzine+Elektriciteit,196,2026-10-08T04:31:00Z
20261005,nieuw,Diesel,4,2026-10-08T04:31:00Z
20261005,nieuw,Benzine,31,2026-10-08T04:31:00Z
20261005,import,Diesel,16,2026-10-08T04:31:00Z
20261005,import,Benzine,98,2026-10-08T04:31:00Z
20261005,nieuw,Benzine+Elektriciteit+LPG,1,2026-10-08T04:31:00Z
20261006,import,Benzine+LPG,2,2026-10-08T04:31:00Z
20261006,import,Diesel+Elektriciteit,5,2026-10-08T04:31:00Z
20261006,import,CNG,1,2026-10-08T04:31:00Z
20261006,nieuw,Diesel,11,2026-10-08T04:31:00Z
20261006,import,Elektriciteit,179,2026-10-08T04:31:00Z
20261006,nieuw,Benzine,69,2026-10-08T04:31:00Z
20261006,nieuw,Elektriciteit,485,2026-10-08T04:31:00Z
20261006,import,Benzine+Elektriciteit,940,2026-10-08T04:31:00Z
20261006,import,Alcohol+Benzine,1,2026-10-08T04:31:00Z
20261006,import,Diesel,60,2026-10-08T04:31:00Z
20261006,import,Benzine,635,2026-10-08T04:31:00Z
20261006,nieuw,Benzine+Elektriciteit,270,2026-10-08T04:31:00Z
