datum,herkomst,merk,aantal,opgehaald_op
20260918,import,DACIA,11,2026-09-28T13:36:34Z
20260918,nieuw,FORD,19,2026-09-28T13:36:34Z
20260918,import,LANCIA,1,2026-09-28T13:36:34Z
20260918,nieuw,MERCEDES-BENZ,62,2026-09-28T13:36:34Z
20260918,nieuw,ALPINE,1,2026-09-28T13:36:34Z
20260918,nieuw,HYUNDAI,73,2026-09-28T13:36:34Z
20260918,import,ALFA ROMEO,5,2026-09-28T13:36:34Z
20260918,nieuw,MAZDA,30,2026-09-28T13:36:34Z
20260918,import,CHALLENGER,1,2026-09-28T13:36:34Z
20260918,import,PEUGEOT,34,2026-09-28T13:36:34Z
20260918,import,JAGUAR,1,2026-09-28T13:36:34Z
20260918,import,POLESTAR,4,2026-09-28T13:36:34Z
20260918,nieuw,BMW,91,2026-09-28T13:36:34Z
20260918,nieuw,FERRARI,1,2026-09-28T13:36:34Z
20260918,import,WEINSBERG,1,2026-09-28T13:36:34Z
20260918,import,BMW,82,2026-09-28T13:36:34Z
20260918,nieuw,SUZUKI,22,2026-09-28T13:36:34Z
20260918,import,FORD,81,2026-09-28T13:36:34Z
20260918,nieuw,SMART,2,2026-09-28T13:36:34Z
20260918,import,MAZDA,23,2026-09-28T13:36:34Z
20260918,import,ASTON MARTIN,1,2026-09-28T13:36:34Z
20260918,import,NIO,3,2026-09-28T13:36:34Z
20260918,nieuw,PEUGEOT,16,2026-09-28T13:36:34Z
20260918,import,NISSAN,14,2026-09-28T13:36:34Z
20260918,nieuw,SKODA,125,2026-09-28T13:36:34Z
20260918,import,DODGE,1,2026-09-28T13:36:34Z
20260918,import,DETHLEFFS,2,2026-09-28T13:36:34Z
20260918,import,SEAT,30,2026-09-28T13:36:34Z
20260918,import,CITROEN,36,2026-09-28T13:36:34Z
20260918,nieuw,PORSCHE,27,2026-09-28T13:36:34Z
20260918,nieuw,RENAULT,79,2026-09-28T13:36:34Z
20260918,import,TESLA,8,2026-09-28T13:36:34Z
20260918,import,TOYOTA,95,2026-09-28T13:36:34Z
20260918,import,VOLVO,71,2026-09-28T13:36:34Z
20260918,nieuw,CUPRA,20,2026-09-28T13:36:34Z
20260918,nieuw,SUBARU,2,2026-09-28T13:36:34Z
20260918,nieuw,HONDA,6,2026-09-28T13:36:34Z
20260918,import,PORSCHE,11,2026-09-28T13:36:34Z
20260918,nieuw,BYD,46,2026-09-28T13:36:34Z
20260918,nieuw,CHERY,1,2026-09-28T13:36:34Z
20260918,nieuw,OMODA,6,2026-09-28T13:36:34Z
20260918,nieuw,LEXUS,3,2026-09-28T13:36:34Z
20260918,nieuw,JAECOO,6,2026-09-28T13:36:34Z
20260918,nieuw,BURSTNER GMBH,1,2026-09-28T13:36:34Z
20260918,import,MERCEDES-BENZ,85,2026-09-28T13:36:34Z
20260918,import,RENAULT,61,2026-09-28T13:36:34Z
20260918,import,CHEVROLET,4,2026-09-28T13:36:34Z
20260918,nieuw,ALFA ROMEO,2,2026-09-28T13:36:34Z
20260918,nieuw,GEELY,11,2026-09-28T13:36:34Z
20260918,import,OPEL,44,2026-09-28T13:36:34Z
20260918,import,HYUNDAI,31,2026-09-28T13:36:34Z
20260918,nieuw,OPEL,24,2026-09-28T13:36:34Z
20260918,import,OMODA,1,2026-09-28T13:36:34Z
20260918,import,LEXUS,11,2026-09-28T13:36:34Z
20260918,nieuw,VOLKSWAGEN,102,2026-09-28T13:36:34Z
20260918,nieuw,CITROEN,8,2026-09-28T13:36:34Z
20260918,import,GENESIS,1,2026-09-28T13:36:34Z
20260918,import,MINI,10,2026-09-28T13:36:34Z
20260918,nieuw,VOLVO,100,2026-09-28T13:36:34Z
20260918,import,MERCEDES-AMG,1,2026-09-28T13:36:34Z
20260918,nieuw,ZEEKR,6,2026-09-28T13:36:34Z
20260918,nieuw,JEEP,7,2026-09-28T13:36:34Z
20260918,import,FIAT,26,2026-09-28T13:36:34Z
20260918,import,BYD,27,2026-09-28T13:36:34Z
20260918,import,SUZUKI,28,2026-09-28T13:36:34Z
20260918,import,DAIHATSU,3,2026-09-28T13:36:34Z
20260918,import,JEEP,4,2026-09-28T13:36:34Z
20260918,nieuw,MITSUBISHI,11,2026-09-28T13:36:34Z
20260918,import,MG,6,2026-09-28T13:36:34Z
20260918,nieuw,CAPRON,2,2026-09-28T13:36:34Z
20260918,nieuw,KIA,195,2026-09-28T13:36:34Z
20260918,import,LAND ROVER,23,2026-09-28T13:36:34Z
20260918,import,DAIMLER BENZ,1,2026-09-28T13:36:34Z
20260918,import,LYNK&CO,27,2026-09-28T13:36:34Z
20260918,nieuw,LAND ROVER,5,2026-09-28T13:36:34Z
20260918,nieuw,XPENG,7,2026-09-28T13:36:34Z
20260918,nieuw,LUCID MOTORS,1,2026-09-28T13:36:34Z
20260918,nieuw,POLESTAR,10,2026-09-28T13:36:34Z
20260918,import,MORELO,1,2026-09-28T13:36:34Z
20260918,nieuw,MINI,22,2026-09-28T13:36:34Z
20260918,import,AUDI,101,2026-09-28T13:36:34Z
20260918,import,HONDA,6,2026-09-28T13:36:34Z
20260918,import,ADRIA,2,2026-09-28T13:36:34Z
20260918,import,CUPRA,39,2026-09-28T13:36:34Z
20260918,nieuw,LYNK&CO,12,2026-09-28T13:36:34Z
20260918,nieuw,MG,29,2026-09-28T13:36:34Z
20260918,nieuw,LEAPMOTOR,22,2026-09-28T13:36:34Z
20260918,nieuw,FIAT,7,2026-09-28T13:36:34Z
20260918,nieuw,CARTHAGO,1,2026-09-28T13:36:34Z
20260918,import,GEELY,9,2026-09-28T13:36:34Z
20260918,import,ACROSS,1,2026-09-28T13:36:34Z
20260918,nieuw,DEEPAL,3,2026-09-28T13:36:34Z
20260918,nieuw,TESLA,307,2026-09-28T13:36:34Z
20260918,import,DS,6,2026-09-28T13:36:34Z
20260918,import,MITSUBISHI,4,2026-09-28T13:36:34Z
20260918,nieuw,SEAT,70,2026-09-28T13:36:34Z
20260918,nieuw,NISSAN,17,2026-09-28T13:36:34Z
20260918,import,SKODA,39,2026-09-28T13:36:34Z
20260918,nieuw,POSSL,1,2026-09-28T13:36:34Z
20260918,nieuw,TOYOTA,148,2026-09-28T13:36:34Z
20260918,import,QUATTRO,1,2026-09-28T13:36:34Z
20260918,import,KIA,49,2026-09-28T13:36:34Z
20260918,import,MASERATI,1,2026-09-28T13:36:34Z
20260918,import,WESTFALIA,1,2026-09-28T13:36:34Z
20260918,import,VOLKSWAGEN,230,2026-09-28T13:36:34Z
20260918,nieuw,AUDI,60,2026-09-28T13:36:34Z
20260918,nieuw,DACIA,8,2026-09-28T13:36:34Z
20260919,import,SKODA,25,2026-09-29T04:30:45Z
20260919,nieuw,SEAT,5,2026-09-29T04:30:45Z
20260919,import,AUTOMOBILI LAMBORGHINI S.,2,2026-09-29T04:30:45Z
20260919,import,PEUGEOT,23,2026-09-29T04:30:45Z
20260919,import,HYUNDAI,16,2026-09-29T04:30:45Z
20260919,import,MERCEDES-AMG,1,2026-09-29T04:30:45Z
20260919,import,FIAT,8,2026-09-29T04:30:45Z
20260919,nieuw,SKODA,19,2026-09-29T04:30:45Z
20260919,nieuw,RIVIAN,1,2026-09-29T04:30:45Z
20260919,nieuw,BYD,14,2026-09-29T04:30:45Z
20260919,nieuw,TOYOTA,99,2026-09-29T04:30:45Z
20260919,import,HONDA,3,2026-09-29T04:30:45Z
20260919,import,CHEVROLET,1,2026-09-29T04:30:45Z
20260919,nieuw,SMART,2,2026-09-29T04:30:45Z
20260919,nieuw,CITROEN,2,2026-09-29T04:30:45Z
20260919,nieuw,VOLVO,18,2026-09-29T04:30:45Z
20260919,nieuw,GENESIS,1,2026-09-29T04:30:45Z
20260919,import,XPENG,1,2026-09-29T04:30:45Z
20260919,import,NIO,8,2026-09-29T04:30:45Z
20260919,nieuw,OMODA,2,2026-09-29T04:30:45Z
20260919,import,ROVER,1,2026-09-29T04:30:45Z
20260919,import,TESLA MOTORS,1,2026-09-29T04:30:45Z
20260919,import,POESSL,1,2026-09-29T04:30:45Z
20260919,nieuw,DACIA,6,2026-09-29T04:30:45Z
20260919,import,ALFA ROMEO,3,2026-09-29T04:30:45Z
20260919,nieuw,LEAPMOTOR,8,2026-09-29T04:30:45Z
20260919,import,DACIA,2,2026-09-29T04:30:45Z
20260919,nieuw,MG,5,2026-09-29T04:30:45Z
20260919,import,AUDI,64,2026-09-29T04:30:45Z
20260919,nieuw,HYUNDAI,12,2026-09-29T04:30:45Z
20260919,import,DS,1,2026-09-29T04:30:45Z
20260919,nieuw,PORSCHE,6,2026-09-29T04:30:45Z
20260919,nieuw,SUBARU,1,2026-09-29T04:30:45Z
20260919,nieuw,LEXUS,4,2026-09-29T04:30:45Z
20260919,nieuw,MAZDA,8,2026-09-29T04:30:45Z
20260919,nieuw,HONDA,6,2026-09-29T04:30:45Z
20260919,import,BENTLEY,2,2026-09-29T04:30:45Z
20260919,import,JEEP,9,2026-09-29T04:30:45Z
20260919,nieuw,CHAUSSON,1,2026-09-29T04:30:45Z
20260919,import,JAGUAR,1,2026-09-29T04:30:45Z
20260919,import,MERCEDES-BENZ,42,2026-09-29T04:30:45Z
20260919,import,LANCIA,1,2026-09-29T04:30:45Z
20260919,import,RENAULT,21,2026-09-29T04:30:45Z
20260919,import,VW,1,2026-09-29T04:30:45Z
20260919,nieuw,MITSUBISHI,1,2026-09-29T04:30:45Z
20260919,import,TESLA,7,2026-09-29T04:30:45Z
20260919,nieuw,FIAT,1,2026-09-29T04:30:45Z
20260919,nieuw,NISSAN,4,2026-09-29T04:30:45Z
20260919,import,DEEPAL,1,2026-09-29T04:30:45Z
20260919,nieuw,JAECOO,3,2026-09-29T04:30:45Z
20260919,import,DAIMLER BENZ,2,2026-09-29T04:30:45Z
20260919,nieuw,MERCEDES-BENZ,15,2026-09-29T04:30:45Z
20260919,nieuw,PEUGEOT,5,2026-09-29T04:30:45Z
20260919,nieuw,RENAULT,23,2026-09-29T04:30:45Z
20260919,import,MC LOUIS,1,2026-09-29T04:30:45Z
20260919,nieuw,LYNK&CO,2,2026-09-29T04:30:45Z
20260919,import,FORD,49,2026-09-29T04:30:45Z
20260919,import,PONTIAC,1,2026-09-29T04:30:45Z
20260919,nieuw,AUDI,15,2026-09-29T04:30:45Z
20260919,nieuw,GEELY,1,2026-09-29T04:30:45Z
20260919,nieuw,POLESTAR,1,2026-09-29T04:30:45Z
20260919,import,BUERSTNER,2,2026-09-29T04:30:45Z
20260919,nieuw,FORD,4,2026-09-29T04:30:45Z
20260919,nieuw,CUPRA,2,2026-09-29T04:30:45Z
20260919,nieuw,MINI,9,2026-09-29T04:30:45Z
20260919,import,CAPRON,1,2026-09-29T04:30:45Z
20260919,nieuw,JEEP,3,2026-09-29T04:30:45Z
20260919,import,PORSCHE,5,2026-09-29T04:30:45Z
20260919,import,LAND ROVER,9,2026-09-29T04:30:45Z
20260919,import,CITROEN,20,2026-09-29T04:30:45Z
20260919,import,MAZDA,11,2026-09-29T04:30:45Z
20260919,import,OPEL,43,2026-09-29T04:30:45Z
20260919,import,TOYOTA,47,2026-09-29T04:30:45Z
20260919,import,BYD,9,2026-09-29T04:30:45Z
20260919,nieuw,BMW,42,2026-09-29T04:30:45Z
20260919,import,BMW/ALPINA,1,2026-09-29T04:30:45Z
20260919,import,GEELY,1,2026-09-29T04:30:45Z
20260919,nieuw,KG MOBILITY,1,2026-09-29T04:30:45Z
20260919,nieuw,TESLA,155,2026-09-29T04:30:45Z
20260919,import,KIA,31,2026-09-29T04:30:45Z
20260919,import,NISSAN,8,2026-09-29T04:30:45Z
20260919,nieuw,VOLKSWAGEN,17,2026-09-29T04:30:45Z
20260919,import,MG,1,2026-09-29T04:30:45Z
20260919,import,LEXUS,6,2026-09-29T04:30:45Z
20260919,nieuw,SUZUKI,6,2026-09-29T04:30:45Z
20260919,import,SUZUKI,13,2026-09-29T04:30:45Z
20260919,import,FERRARI,2,2026-09-29T04:30:45Z
20260919,nieuw,KIA,43,2026-09-29T04:30:45Z
20260919,import,RAPIDO,2,2026-09-29T04:30:45Z
20260919,import,MC LAREN,1,2026-09-29T04:30:45Z
20260919,nieuw,LAND ROVER,1,2026-09-29T04:30:45Z
20260919,import,WEINSBERG,1,2026-09-29T04:30:45Z
20260919,import,AM GENERAL,1,2026-09-29T04:30:45Z
20260919,import,MITSUBISHI,1,2026-09-29T04:30:45Z
20260919,import,VOLVO,32,2026-09-29T04:30:45Z
20260919,import,LYNK&CO,11,2026-09-29T04:30:45Z
20260919,import,SEAT,14,2026-09-29T04:30:45Z
20260919,import,VOLKSWAGEN,139,2026-09-29T04:30:45Z
20260919,import,MINI,9,2026-09-29T04:30:45Z
20260919,import,CUPRA,14,2026-09-29T04:30:45Z
20260919,nieuw,OPEL,19,2026-09-29T04:30:45Z
20260919,import,BMW,34,2026-09-29T04:30:45Z
20260920,import,DACIA,1,2026-09-30T04:30:47Z
20260920,import,TOYOTA,5,2026-09-30T04:30:47Z
20260920,import,JAGUAR,1,2026-09-30T04:30:47Z
20260920,import,RENAULT,2,2026-09-30T04:30:47Z
20260920,import,CUPRA,4,2026-09-30T04:30:47Z
20260920,import,SKODA,3,2026-09-30T04:30:47Z
20260920,import,PORSCHE,1,2026-09-30T04:30:47Z
20260920,import,FIAT,6,2026-09-30T04:30:47Z
20260920,import,MINI,2,2026-09-30T04:30:47Z
20260920,import,LEXUS,1,2026-09-30T04:30:47Z
20260920,import,HYUNDAI,2,2026-09-30T04:30:47Z
20260920,import,SUZUKI,5,2026-09-30T04:30:47Z
20260920,import,CITROEN,1,2026-09-30T04:30:47Z
20260920,import,VOLVO,3,2026-09-30T04:30:47Z
20260920,import,HONDA,1,2026-09-30T04:30:47Z
20260920,import,OPEL,4,2026-09-30T04:30:47Z
20260920,import,AUDI,5,2026-09-30T04:30:47Z
20260920,import,MAZDA,4,2026-09-30T04:30:47Z
20260920,import,CARTHAGO,1,2026-09-30T04:30:47Z
20260920,import,BMW,12,2026-09-30T04:30:47Z
20260920,import,MERCEDES-BENZ,4,2026-09-30T04:30:47Z
20260920,import,VOLKSWAGEN,18,2026-09-30T04:30:47Z
20260920,import,NISSAN,2,2026-09-30T04:30:47Z
20260920,import,PEUGEOT,4,2026-09-30T04:30:47Z
20260920,import,MITSUBISHI,2,2026-09-30T04:30:47Z
20260920,import,KIA,6,2026-09-30T04:30:47Z
20260920,import,FORD,3,2026-09-30T04:30:47Z
20260920,import,MORGAN,1,2026-09-30T04:30:47Z
20260920,import,XIAOMI,1,2026-09-30T04:30:47Z
20260920,import,SEAT,3,2026-09-30T04:30:47Z
20260920,import,ALPINE,1,2026-09-30T04:30:47Z
20260920,import,GEELY,1,2026-09-30T04:30:47Z
20260921,import,DETHLEFFS,1,2026-10-01T04:30:44Z
20260921,import,RENAULT ALPINE,1,2026-10-01T04:30:44Z
20260921,nieuw,OPEL,14,2026-10-01T04:30:44Z
20260921,nieuw,LAMBORGHINI,1,2026-10-01T04:30:44Z
20260921,nieuw,SKODA,92,2026-10-01T04:30:44Z
20260921,import,TESLA,9,2026-10-01T04:30:44Z
20260921,import,JEEP,5,2026-10-01T04:30:44Z
20260921,import,BMW,30,2026-10-01T04:30:44Z
20260921,nieuw,SUZUKI,8,2026-10-01T04:30:44Z
20260921,import,LLOYD,1,2026-10-01T04:30:44Z
20260921,nieuw,NISSAN,4,2026-10-01T04:30:44Z
20260921,import,FRANKIA,1,2026-10-01T04:30:44Z
20260921,import,MINI,5,2026-10-01T04:30:44Z
20260921,nieuw,GEELY,34,2026-10-01T04:30:44Z
20260921,nieuw,AUDI,57,2026-10-01T04:30:44Z
20260921,nieuw,HOBBY,1,2026-10-01T04:30:44Z
20260921,nieuw,TOYOTA,68,2026-10-01T04:30:44Z
20260921,nieuw,SMART,1,2026-10-01T04:30:44Z
20260921,import,SUZUKI,14,2026-10-01T04:30:44Z
20260921,nieuw,FORD,68,2026-10-01T04:30:44Z
20260921,import,CHEVROLET,3,2026-10-01T04:30:44Z
20260921,import,FERRARI,2,2026-10-01T04:30:44Z
20260921,nieuw,BYD,52,2026-10-01T04:30:44Z
20260921,nieuw,ZEEKR,10,2026-10-01T04:30:44Z
20260921,nieuw,VOLKSWAGEN,50,2026-10-01T04:30:44Z
20260921,import,ADRIA,2,2026-10-01T04:30:44Z
20260921,nieuw,LYNK&CO,6,2026-10-01T04:30:44Z
20260921,import,KIA,11,2026-10-01T04:30:44Z
20260921,nieuw,FIAT,4,2026-10-01T04:30:44Z
20260921,import,LEXUS,2,2026-10-01T04:30:44Z
20260921,import,ROVER,1,2026-10-01T04:30:44Z
20260921,import,FIAT,31,2026-10-01T04:30:44Z
20260921,import,PORSCHE,8,2026-10-01T04:30:44Z
20260921,nieuw,VOLVO,59,2026-10-01T04:30:44Z
20260921,nieuw,SUBARU,1,2026-10-01T04:30:44Z
20260921,import,RENAULT,11,2026-10-01T04:30:44Z
20260921,nieuw,CITROEN,10,2026-10-01T04:30:44Z
20260921,nieuw,JEEP,6,2026-10-01T04:30:44Z
20260921,nieuw,HYUNDAI,34,2026-10-01T04:30:44Z
20260921,nieuw,LEAPMOTOR,23,2026-10-01T04:30:44Z
20260921,nieuw,MAZDA,19,2026-10-01T04:30:44Z
20260921,nieuw,JAECOO,10,2026-10-01T04:30:44Z
20260921,import,CADILLAC,1,2026-10-01T04:30:44Z
20260921,nieuw,LAND ROVER,3,2026-10-01T04:30:44Z
20260921,nieuw,CUPRA,8,2026-10-01T04:30:44Z
20260921,import,JAGUAR,1,2026-10-01T04:30:44Z
20260921,import,MERCEDES-BENZ,13,2026-10-01T04:30:44Z
20260921,nieuw,PEUGEOT,49,2026-10-01T04:30:44Z
20260921,nieuw,KIA,89,2026-10-01T04:30:44Z
20260921,import,SEAT,13,2026-10-01T04:30:44Z
20260921,nieuw,MERCEDES-BENZ,32,2026-10-01T04:30:44Z
20260921,nieuw,MG,5,2026-10-01T04:30:44Z
20260921,nieuw,MINI,24,2026-10-01T04:30:44Z
20260921,nieuw,RENAULT,85,2026-10-01T04:30:44Z
20260921,nieuw,OMODA,3,2026-10-01T04:30:44Z
20260921,nieuw,MITSUBISHI,3,2026-10-01T04:30:44Z
20260921,import,BYD,18,2026-10-01T04:30:44Z
20260921,import,SKODA,2,2026-10-01T04:30:44Z
20260921,import,VOLKSWAGEN,66,2026-10-01T04:30:44Z
20260921,nieuw,SEAT,6,2026-10-01T04:30:44Z
20260921,nieuw,DACIA,30,2026-10-01T04:30:44Z
20260921,nieuw,BMW,86,2026-10-01T04:30:44Z
20260921,nieuw,DONGFENG,1,2026-10-01T04:30:44Z
20260921,import,SMART,2,2026-10-01T04:30:44Z
20260921,import,MAZDA,4,2026-10-01T04:30:44Z
20260921,nieuw,PORSCHE,5,2026-10-01T04:30:44Z
20260921,nieuw,TESLA,142,2026-10-01T04:30:44Z
20260921,import,LAND ROVER,4,2026-10-01T04:30:44Z
20260921,import,CUPRA,4,2026-10-01T04:30:44Z
20260921,import,OPEL,16,2026-10-01T04:30:44Z
20260921,import,MG,1,2026-10-01T04:30:44Z
20260921,nieuw,LEXUS,5,2026-10-01T04:30:44Z
20260921,nieuw,POLESTAR,4,2026-10-01T04:30:44Z
20260921,import,GEELY,5,2026-10-01T04:30:44Z
20260921,import,GENESIS,1,2026-10-01T04:30:44Z
20260921,nieuw,HONDA,1,2026-10-01T04:30:44Z
20260921,import,HONDA,2,2026-10-01T04:30:44Z
20260921,import,AMPHICAR,1,2026-10-01T04:30:44Z
20260921,import,DACIA,2,2026-10-01T04:30:44Z
20260921,import,FORD,27,2026-10-01T04:30:44Z
20260921,import,BUERSTNER,1,2026-10-01T04:30:44Z
20260921,nieuw,ADRIA,1,2026-10-01T04:30:44Z
20260921,import,AUDI,42,2026-10-01T04:30:44Z
20260921,import,LYNK&CO,1,2026-10-01T04:30:44Z
20260921,import,PEUGEOT,15,2026-10-01T04:30:44Z
20260921,import,TOYOTA,22,2026-10-01T04:30:44Z
20260921,import,PONTIAC,1,2026-10-01T04:30:44Z
20260921,import,DS,1,2026-10-01T04:30:44Z
20260921,nieuw,BENTLEY,1,2026-10-01T04:30:44Z
20260921,import,VOLVO,21,2026-10-01T04:30:44Z
20260921,import,HYUNDAI,9,2026-10-01T04:30:44Z
20260921,import,CITROEN,4,2026-10-01T04:30:44Z
20260921,import,SAAB,1,2026-10-01T04:30:44Z
20260921,import,TESLA MOTORS,1,2026-10-01T04:30:44Z
20260921,import,NISSAN,2,2026-10-01T04:30:44Z
20260921,import,POLESTAR,1,2026-10-01T04:30:44Z
20260921,nieuw,XPENG,6,2026-10-01T04:30:44Z
20260922,import,DETHLEFFS,2,2026-10-02T04:30:51Z
20260922,nieuw,BYD,28,2026-10-02T04:30:51Z
20260922,nieuw,POLESTAR,18,2026-10-02T04:30:51Z
20260922,nieuw,TOYOTA,78,2026-10-02T04:30:51Z
20260922,import,SUBARU,2,2026-10-02T04:30:51Z
20260922,nieuw,MG,5,2026-10-02T04:30:51Z
20260922,nieuw,VOLKSWAGEN,50,2026-10-02T04:30:51Z
20260922,import,NISSAN,23,2026-10-02T04:30:51Z
20260922,import,MITSUBISHI,7,2026-10-02T04:30:51Z
20260922,import,WESTFALIA,3,2026-10-02T04:30:51Z
20260922,import,JEEP,11,2026-10-02T04:30:51Z
20260922,nieuw,FORD,19,2026-10-02T04:30:51Z
20260922,import,TOYOTA,94,2026-10-02T04:30:51Z
20260922,import,POSSL,1,2026-10-02T04:30:51Z
20260922,import,CARTHAGO,2,2026-10-02T04:30:51Z
20260922,nieuw,NIO,1,2026-10-02T04:30:51Z
20260922,import,BMW,74,2026-10-02T04:30:51Z
20260922,nieuw,OMODA,2,2026-10-02T04:30:51Z
20260922,nieuw,SUZUKI,23,2026-10-02T04:30:51Z
20260922,import,AUDI,77,2026-10-02T04:30:51Z
20260922,nieuw,MINI,10,2026-10-02T04:30:51Z
20260922,import,LAND ROVER,8,2026-10-02T04:30:51Z
20260922,nieuw,LEXUS,4,2026-10-02T04:30:51Z
20260922,nieuw,LYNK&CO,6,2026-10-02T04:30:51Z
20260922,nieuw,ASTON MARTIN,1,2026-10-02T04:30:51Z
20260922,import,BYD,17,2026-10-02T04:30:51Z
20260922,import,POLESTAR,2,2026-10-02T04:30:51Z
20260922,import,KNAUS,2,2026-10-02T04:30:51Z
20260922,import,OPEL,43,2026-10-02T04:30:51Z
20260922,nieuw,BMW,75,2026-10-02T04:30:51Z
20260922,import,KARMANN MOBIL,1,2026-10-02T04:30:51Z
20260922,import,MERCEDES-AMG,1,2026-10-02T04:30:51Z
20260922,nieuw,DACIA,9,2026-10-02T04:30:51Z
20260922,import,FORD,91,2026-10-02T04:30:51Z
20260922,nieuw,PORSCHE,6,2026-10-02T04:30:51Z
20260922,import,RENAULT,43,2026-10-02T04:30:51Z
20260922,import,PEUGEOT,38,2026-10-02T04:30:51Z
20260922,nieuw,PEUGEOT,46,2026-10-02T04:30:51Z
20260922,import,LANCIA,1,2026-10-02T04:30:51Z
20260922,nieuw,JAECOO,4,2026-10-02T04:30:51Z
20260922,nieuw,MITSUBISHI,7,2026-10-02T04:30:51Z
20260922,import,HOTCHKISS,1,2026-10-02T04:30:51Z
20260922,import,CITROEN,30,2026-10-02T04:30:51Z
20260922,nieuw,AUDI,25,2026-10-02T04:30:51Z
20260922,nieuw,XPENG,12,2026-10-02T04:30:51Z
20260922,import,TESLA MOTORS,1,2026-10-02T04:30:51Z
20260922,nieuw,SMART,5,2026-10-02T04:30:51Z
20260922,import,BURSTNER GMBH,1,2026-10-02T04:30:51Z
20260922,nieuw,CITROEN,29,2026-10-02T04:30:51Z
20260922,import,VOLKSWAGEN,181,2026-10-02T04:30:51Z
20260922,import,TESLA,10,2026-10-02T04:30:51Z
20260922,nieuw,FIAT,2,2026-10-02T04:30:51Z
20260922,import,HONDA,7,2026-10-02T04:30:51Z
20260922,import,LEXUS,4,2026-10-02T04:30:51Z
20260922,nieuw,CUPRA,5,2026-10-02T04:30:51Z
20260922,import,FIAT,38,2026-10-02T04:30:51Z
20260922,nieuw,SKODA,97,2026-10-02T04:30:51Z
20260922,import,HYUNDAI,37,2026-10-02T04:30:51Z
20260922,nieuw,GEELY,4,2026-10-02T04:30:51Z
20260922,import,VOLVO,50,2026-10-02T04:30:51Z
20260922,import,FERRARI,5,2026-10-02T04:30:51Z
20260922,nieuw,TESLA,115,2026-10-02T04:30:51Z
20260922,import,KIA,43,2026-10-02T04:30:51Z
20260922,import,WEINSBERG,1,2026-10-02T04:30:51Z
20260922,import,MINI,15,2026-10-02T04:30:51Z
20260922,import,MAZDA,19,2026-10-02T04:30:51Z
20260922,nieuw,MAZDA,28,2026-10-02T04:30:51Z
20260922,nieuw,ZEEKR,22,2026-10-02T04:30:51Z
20260922,import,MASERATI,1,2026-10-02T04:30:51Z
20260922,import,CHALLENGER,1,2026-10-02T04:30:51Z
20260922,nieuw,DONGFENG,1,2026-10-02T04:30:51Z
20260922,nieuw,NISSAN,7,2026-10-02T04:30:51Z
20260922,import,SUZUKI,12,2026-10-02T04:30:51Z
20260922,import,CADILLAC,1,2026-10-02T04:30:51Z
20260922,import,CUPRA,25,2026-10-02T04:30:51Z
20260922,import,GEELY,4,2026-10-02T04:30:51Z
20260922,import,JAGUAR,1,2026-10-02T04:30:51Z
20260922,nieuw,LEAPMOTOR,16,2026-10-02T04:30:51Z
20260922,nieuw,KIA,92,2026-10-02T04:30:51Z
20260922,import,DAF,1,2026-10-02T04:30:51Z
20260922,import,ALFA ROMEO,6,2026-10-02T04:30:51Z
20260922,import,BMW I,1,2026-10-02T04:30:51Z
20260922,import,SEAT,21,2026-10-02T04:30:51Z
20260922,import,BUICK,1,2026-10-02T04:30:51Z
20260922,import,PORSCHE,16,2026-10-02T04:30:51Z
20260922,import,SKODA,24,2026-10-02T04:30:51Z
20260922,nieuw,HYUNDAI,39,2026-10-02T04:30:51Z
20260922,import,DACIA,12,2026-10-02T04:30:51Z
20260922,nieuw,VOLVO,86,2026-10-02T04:30:51Z
20260922,nieuw,OPEL,15,2026-10-02T04:30:51Z
20260922,nieuw,LAND ROVER,4,2026-10-02T04:30:51Z
20260922,nieuw,MERCEDES-BENZ,39,2026-10-02T04:30:51Z
20260922,import,SMART,1,2026-10-02T04:30:51Z
20260922,nieuw,RENAULT,98,2026-10-02T04:30:51Z
20260922,nieuw,JEEP,7,2026-10-02T04:30:51Z
20260922,nieuw,HONDA,4,2026-10-02T04:30:51Z
20260922,nieuw,SEAT,1,2026-10-02T04:30:51Z
20260922,import,FACEL VEGA,1,2026-10-02T04:30:51Z
20260922,nieuw,ALFA ROMEO,1,2026-10-02T04:30:51Z
20260922,import,MG,2,2026-10-02T04:30:51Z
20260922,import,MERCEDES-BENZ,46,2026-10-02T04:30:51Z
20260922,nieuw,GENESIS,1,2026-10-02T04:30:51Z
20260922,import,LOTUS,1,2026-10-02T04:30:51Z
20260922,import,DAIMLERCHRYSLER (USA),1,2026-10-02T04:30:51Z
20260923,nieuw,DREAMER,1,2026-10-03T04:30:42Z
20260923,nieuw,CITROEN,25,2026-10-03T04:30:42Z
20260923,nieuw,SUZUKI,47,2026-10-03T04:30:42Z
20260923,import,SUBARU,1,2026-10-03T04:30:42Z
20260923,nieuw,CHERY,1,2026-10-03T04:30:42Z
20260923,import,PEUGEOT,31,2026-10-03T04:30:42Z
20260923,import,JAGUAR,2,2026-10-03T04:30:42Z
20260923,import,POESSL,1,2026-10-03T04:30:42Z
20260923,nieuw,ZEEKR,16,2026-10-03T04:30:42Z
20260923,nieuw,VOLVO,101,2026-10-03T04:30:42Z
20260923,nieuw,SKODA,90,2026-10-03T04:30:42Z
20260923,nieuw,PORSCHE,8,2026-10-03T04:30:42Z
20260923,nieuw,MITSUBISHI,11,2026-10-03T04:30:42Z
20260923,import,MAZDA,17,2026-10-03T04:30:42Z
20260923,import,DAIMLER BENZ,2,2026-10-03T04:30:42Z
20260923,import,LAND ROVER,11,2026-10-03T04:30:42Z
20260923,nieuw,CUPRA,18,2026-10-03T04:30:42Z
20260923,nieuw,HYUNDAI,94,2026-10-03T04:30:42Z
20260923,nieuw,LEXUS,3,2026-10-03T04:30:42Z
20260923,nieuw,BMW,78,2026-10-03T04:30:42Z
20260923,nieuw,OPEL,16,2026-10-03T04:30:42Z
20260923,import,AUDI,95,2026-10-03T04:30:42Z
20260923,import,QUATTRO,1,2026-10-03T04:30:42Z
20260923,nieuw,JEEP,7,2026-10-03T04:30:42Z
20260923,import,TESLA,4,2026-10-03T04:30:42Z
20260923,import,DS,1,2026-10-03T04:30:42Z
20260923,import,DS AUTOMOBILES,1,2026-10-03T04:30:42Z
20260923,import,VOLVO,64,2026-10-03T04:30:42Z
20260923,import,CHAUSSON,1,2026-10-03T04:30:42Z
20260923,import,KIA,36,2026-10-03T04:30:42Z
20260923,import,CUPRA,55,2026-10-03T04:30:42Z
20260923,nieuw,BENTLEY,1,2026-10-03T04:30:42Z
20260923,import,CHRYSLER,1,2026-10-03T04:30:42Z
20260923,import,DAF,1,2026-10-03T04:30:42Z
20260923,import,LEXUS,1,2026-10-03T04:30:42Z
20260923,import,CAPRON,2,2026-10-03T04:30:42Z
20260923,nieuw,FORD,27,2026-10-03T04:30:42Z
20260923,nieuw,LAND ROVER,5,2026-10-03T04:30:42Z
20260923,nieuw,NISSAN,14,2026-10-03T04:30:42Z
20260923,import,MG,1,2026-10-03T04:30:42Z
20260923,import,LOTUS,1,2026-10-03T04:30:42Z
20260923,import,OPEL,33,2026-10-03T04:30:42Z
20260923,nieuw,LYNK&CO,7,2026-10-03T04:30:42Z
20260923,nieuw,MERCEDES-BENZ,20,2026-10-03T04:30:42Z
20260923,nieuw,AUDI,31,2026-10-03T04:30:42Z
20260923,import,HONDA,5,2026-10-03T04:30:42Z
20260923,import,MERCEDES-BENZ,76,2026-10-03T04:30:42Z
20260923,import,MITSUBISHI,3,2026-10-03T04:30:42Z
20260923,import,TRIUMPH,1,2026-10-03T04:30:42Z
20260923,nieuw,JAECOO,4,2026-10-03T04:30:42Z
20260923,nieuw,GENESIS,3,2026-10-03T04:30:42Z
20260923,nieuw,DACIA,11,2026-10-03T04:30:42Z
20260923,nieuw,MINI,11,2026-10-03T04:30:42Z
20260923,nieuw,GEELY,11,2026-10-03T04:30:42Z
20260923,nieuw,XPENG,9,2026-10-03T04:30:42Z
20260923,nieuw,KNAUS,1,2026-10-03T04:30:42Z
20260923,nieuw,POLESTAR,12,2026-10-03T04:30:42Z
20260923,import,WEINSBERG,1,2026-10-03T04:30:42Z
20260923,import,ALFA ROMEO,8,2026-10-03T04:30:42Z
20260923,nieuw,VOLKSWAGEN,48,2026-10-03T04:30:42Z
20260923,nieuw,OMODA,1,2026-10-03T04:30:42Z
20260923,import,GEELY,3,2026-10-03T04:30:42Z
20260923,nieuw,BYD,57,2026-10-03T04:30:42Z
20260923,import,MINI,14,2026-10-03T04:30:42Z
20260923,import,LYNK&CO,11,2026-10-03T04:30:42Z
20260923,nieuw,FIAT,2,2026-10-03T04:30:42Z
20260923,import,MICRO COMPACT CAR SMART,1,2026-10-03T04:30:42Z
20260923,import,SKODA,26,2026-10-03T04:30:42Z
20260923,import,CARTHAGO,2,2026-10-03T04:30:42Z
20260923,nieuw,WESTFALIA,1,2026-10-03T04:30:42Z
20260923,import,FIAT,21,2026-10-03T04:30:42Z
20260923,nieuw,RENAULT,136,2026-10-03T04:30:42Z
20260923,import,ADRIA,1,2026-10-03T04:30:42Z
20260923,import,DAIHATSU,1,2026-10-03T04:30:42Z
20260923,import,MASERATI,1,2026-10-03T04:30:42Z
20260923,import,BURSTNER GMBH,1,2026-10-03T04:30:42Z
20260923,import,SEAT,22,2026-10-03T04:30:42Z
20260923,import,NISSAN,15,2026-10-03T04:30:42Z
20260923,import,POLESTAR,2,2026-10-03T04:30:42Z
20260923,import,DEEPAL,1,2026-10-03T04:30:42Z
20260923,import,CITROEN,16,2026-10-03T04:30:42Z
20260923,import,HYMER,4,2026-10-03T04:30:42Z
20260923,import,SUZUKI,22,2026-10-03T04:30:42Z
20260923,import,CHEVROLET,1,2026-10-03T04:30:42Z
20260923,import,JEEP,9,2026-10-03T04:30:42Z
20260923,nieuw,MAZDA,29,2026-10-03T04:30:42Z
20260923,import,BYD,12,2026-10-03T04:30:42Z
20260923,nieuw,TESLA,128,2026-10-03T04:30:42Z
20260923,import,VOLKSWAGEN,186,2026-10-03T04:30:42Z
20260923,nieuw,SMART,1,2026-10-03T04:30:42Z
20260923,import,RENAULT,25,2026-10-03T04:30:42Z
20260923,import,BMW,72,2026-10-03T04:30:42Z
20260923,import,DACIA,7,2026-10-03T04:30:42Z
20260923,nieuw,TOYOTA,141,2026-10-03T04:30:42Z
20260923,nieuw,HYMER,1,2026-10-03T04:30:42Z
20260923,import,VAZ,1,2026-10-03T04:30:42Z
20260923,import,DAIMLERCHRYSLER AG,1,2026-10-03T04:30:42Z
20260923,import,TOYOTA,57,2026-10-03T04:30:42Z
20260923,nieuw,SEAT,15,2026-10-03T04:30:42Z
20260923,import,NIO,12,2026-10-03T04:30:42Z
20260923,nieuw,LANCIA,5,2026-10-03T04:30:42Z
20260923,import,PORSCHE,9,2026-10-03T04:30:42Z
20260923,nieuw,HONDA,2,2026-10-03T04:30:42Z
20260923,import,MERCEDES-AMG,1,2026-10-03T04:30:42Z
20260923,import,SAAB,1,2026-10-03T04:30:42Z
20260923,import,KARMA,1,2026-10-03T04:30:42Z
20260923,nieuw,PEUGEOT,22,2026-10-03T04:30:42Z
20260923,import,FORD,51,2026-10-03T04:30:42Z
20260923,import,ASTON MARTIN,1,2026-10-03T04:30:42Z
20260923,nieuw,KIA,159,2026-10-03T04:30:42Z
20260923,nieuw,MG,6,2026-10-03T04:30:42Z
20260923,nieuw,LEAPMOTOR,30,2026-10-03T04:30:42Z
20260923,import,VANTOURER,1,2026-10-03T04:30:42Z
20260923,import,GMC,1,2026-10-03T04:30:42Z
20260923,import,HYUNDAI,19,2026-10-03T04:30:42Z
20260924,nieuw,NISSAN,10,2026-10-04T04:30:49Z
20260924,nieuw,LEAPMOTOR,25,2026-10-04T04:30:49Z
20260924,import,SEAT,18,2026-10-04T04:30:49Z
20260924,import,DAIMLER BENZ,1,2026-10-04T04:30:49Z
20260924,import,DAIMLERCHRYSLER AG,1,2026-10-04T04:30:49Z
20260924,nieuw,MAZDA,41,2026-10-04T04:30:49Z
20260924,import,DS,7,2026-10-04T04:30:49Z
20260924,nieuw,VOLKSWAGEN,59,2026-10-04T04:30:49Z
20260924,nieuw,MG,7,2026-10-04T04:30:49Z
20260924,nieuw,BYD,49,2026-10-04T04:30:49Z
20260924,import,MERCEDES-AMG,1,2026-10-04T04:30:49Z
20260924,import,MASERATI,1,2026-10-04T04:30:49Z
20260924,import,HYMER,3,2026-10-04T04:30:49Z
20260924,import,TOYOTA,61,2026-10-04T04:30:49Z
20260924,import,TESLA,4,2026-10-04T04:30:49Z
20260924,nieuw,ALFA ROMEO,1,2026-10-04T04:30:49Z
20260924,import,LAND ROVER,9,2026-10-04T04:30:49Z
20260924,import,MERCEDES-BENZ,51,2026-10-04T04:30:49Z
20260924,import,PEUGEOT,40,2026-10-04T04:30:49Z
20260924,nieuw,RENAULT,119,2026-10-04T04:30:49Z
20260924,import,GEELY,3,2026-10-04T04:30:49Z
20260924,import,CAPRON,1,2026-10-04T04:30:49Z
20260924,nieuw,ZEEKR,15,2026-10-04T04:30:49Z
20260924,nieuw,XPENG,8,2026-10-04T04:30:49Z
20260924,nieuw,SUNLIGHT,1,2026-10-04T04:30:49Z
20260924,import,CUPRA,31,2026-10-04T04:30:49Z
20260924,import,TESLA MOTORS,1,2026-10-04T04:30:49Z
20260924,nieuw,OMODA,5,2026-10-04T04:30:49Z
20260924,nieuw,SUZUKI,20,2026-10-04T04:30:49Z
20260924,import,SUZUKI,15,2026-10-04T04:30:49Z
20260924,import,FIAT,32,2026-10-04T04:30:49Z
20260924,import,FORD,39,2026-10-04T04:30:49Z
20260924,import,CHEVROLET,3,2026-10-04T04:30:49Z
20260924,import,CHAUSSON,1,2026-10-04T04:30:49Z
20260924,nieuw,HYUNDAI,76,2026-10-04T04:30:49Z
20260924,import,DETHLEFFS,1,2026-10-04T04:30:49Z
20260924,nieuw,DACIA,16,2026-10-04T04:30:49Z
20260924,nieuw,RAPIDO,1,2026-10-04T04:30:49Z
20260924,import,LEXUS,9,2026-10-04T04:30:49Z
20260924,nieuw,LANCIA,1,2026-10-04T04:30:49Z
20260924,import,FERRARI,2,2026-10-04T04:30:49Z
20260924,import,BMW I,1,2026-10-04T04:30:49Z
20260924,import,SMART,1,2026-10-04T04:30:49Z
20260924,nieuw,SKODA,85,2026-10-04T04:30:49Z
20260924,nieuw,CITROEN,21,2026-10-04T04:30:49Z
20260924,nieuw,TOYOTA,130,2026-10-04T04:30:49Z
20260924,nieuw,HYMER,1,2026-10-04T04:30:49Z
20260924,import,STANLEY,1,2026-10-04T04:30:49Z
20260924,nieuw,SEAT,8,2026-10-04T04:30:49Z
20260924,import,LYNK&CO,13,2026-10-04T04:30:49Z
20260924,nieuw,KIA,174,2026-10-04T04:30:49Z
20260924,import,EURA MOBIL,1,2026-10-04T04:30:49Z
20260924,nieuw,LYNK&CO,7,2026-10-04T04:30:49Z
20260924,import,RENAULT,38,2026-10-04T04:30:49Z
20260924,import,BMW,55,2026-10-04T04:30:49Z
20260924,nieuw,WEINSBERG,1,2026-10-04T04:30:49Z
20260924,nieuw,SMART,1,2026-10-04T04:30:49Z
20260924,import,VW,1,2026-10-04T04:30:49Z
20260924,nieuw,PEUGEOT,59,2026-10-04T04:30:49Z
20260924,nieuw,BMW,82,2026-10-04T04:30:49Z
20260924,import,VOLKSWAGEN,145,2026-10-04T04:30:49Z
20260924,nieuw,PORSCHE,11,2026-10-04T04:30:49Z
20260924,import,AUDI,80,2026-10-04T04:30:49Z
20260924,nieuw,FORD,29,2026-10-04T04:30:49Z
20260924,import,POLESTAR,3,2026-10-04T04:30:49Z
20260924,import,JEEP,14,2026-10-04T04:30:49Z
20260924,import,DACIA,6,2026-10-04T04:30:49Z
20260924,import,AUSTIN,1,2026-10-04T04:30:49Z
20260924,import,VOLVO,53,2026-10-04T04:30:49Z
20260924,nieuw,BENTLEY,1,2026-10-04T04:30:49Z
20260924,import,NISSAN,7,2026-10-04T04:30:49Z
20260924,import,PORSCHE,8,2026-10-04T04:30:49Z
20260924,import,SUBARU,4,2026-10-04T04:30:49Z
20260924,import,KIA,36,2026-10-04T04:30:49Z
20260924,import,LINCOLN,2,2026-10-04T04:30:49Z
20260924,nieuw,TESLA,101,2026-10-04T04:30:49Z
20260924,import,LANCIA,1,2026-10-04T04:30:49Z
20260924,import,HYUNDAI,21,2026-10-04T04:30:49Z
20260924,import,ALFA ROMEO,3,2026-10-04T04:30:49Z
20260924,nieuw,HONDA,5,2026-10-04T04:30:49Z
20260924,nieuw,POLESTAR,10,2026-10-04T04:30:49Z
20260924,nieuw,BURSTNER GMBH,1,2026-10-04T04:30:49Z
20260924,import,TRIUMPH,1,2026-10-04T04:30:49Z
20260924,import,SKODA,23,2026-10-04T04:30:49Z
20260924,import,BUICK,1,2026-10-04T04:30:49Z
20260924,import,MINI,21,2026-10-04T04:30:49Z
20260924,import,HONDA,3,2026-10-04T04:30:49Z
20260924,import,CITROEN,18,2026-10-04T04:30:49Z
20260924,nieuw,JAECOO,14,2026-10-04T04:30:49Z
20260924,nieuw,FIAT,6,2026-10-04T04:30:49Z
20260924,import,MG,11,2026-10-04T04:30:49Z
20260924,import,RANDGER,1,2026-10-04T04:30:49Z
20260924,import,POESSL,2,2026-10-04T04:30:49Z
20260924,nieuw,LEXUS,3,2026-10-04T04:30:49Z
20260924,nieuw,MINI,10,2026-10-04T04:30:49Z
20260924,nieuw,LAND ROVER,5,2026-10-04T04:30:49Z
20260924,nieuw,AUDI,53,2026-10-04T04:30:49Z
20260924,nieuw,OPEL,33,2026-10-04T04:30:49Z
20260924,nieuw,FERRARI,1,2026-10-04T04:30:49Z
20260924,nieuw,CAPRON,1,2026-10-04T04:30:49Z
20260924,import,OPEL,32,2026-10-04T04:30:49Z
20260924,import,MAZDA,10,2026-10-04T04:30:49Z
20260924,import,BYD,6,2026-10-04T04:30:49Z
20260924,nieuw,VOLVO,64,2026-10-04T04:30:49Z
20260924,import,TRABANT,1,2026-10-04T04:30:49Z
20260924,import,JAGUAR,1,2026-10-04T04:30:49Z
20260924,nieuw,MERCEDES-BENZ,109,2026-10-04T04:30:49Z
20260924,nieuw,CUPRA,12,2026-10-04T04:30:49Z
20260924,import,MITSUBISHI,6,2026-10-04T04:30:49Z
20260924,nieuw,SUBARU,1,2026-10-04T04:30:49Z
20260924,nieuw,JEEP,4,2026-10-04T04:30:49Z
20260924,import,DODGE,1,2026-10-04T04:30:49Z
20260924,nieuw,MITSUBISHI,5,2026-10-04T04:30:49Z
20260924,import,OLDSMOBILE,1,2026-10-04T04:30:49Z
20260924,nieuw,GEELY,1,2026-10-04T04:30:49Z
20260925,import,LEXUS,6,2026-10-05T04:30:46Z
20260925,import,KNAUS,1,2026-10-05T04:30:46Z
20260925,import,PONTIAC,1,2026-10-05T04:30:46Z
20260925,import,WESTFALEN MOBIL,1,2026-10-05T04:30:46Z
20260925,import,CHRYSLER,1,2026-10-05T04:30:46Z
20260925,nieuw,ASTON MARTIN,1,2026-10-05T04:30:46Z
20260925,nieuw,GEELY,4,2026-10-05T04:30:46Z
20260925,nieuw,BMW,170,2026-10-05T04:30:46Z
20260925,nieuw,FORD,53,2026-10-05T04:30:46Z
20260925,import,MINI,12,2026-10-05T04:30:46Z
20260925,import,DODGE,1,2026-10-05T04:30:46Z
20260925,nieuw,VOLVO,90,2026-10-05T04:30:46Z
20260925,import,TOTH ES FIAI,1,2026-10-05T04:30:46Z
20260925,import,PORSCHE,11,2026-10-05T04:30:46Z
20260925,nieuw,GENESIS,1,2026-10-05T04:30:46Z
20260925,import,HYUNDAI,28,2026-10-05T04:30:46Z
20260925,nieuw,SKODA,170,2026-10-05T04:30:46Z
20260925,import,CHEVROLET,1,2026-10-05T04:30:46Z
20260925,nieuw,LYNK&CO,13,2026-10-05T04:30:46Z
20260925,nieuw,VOLKSWAGEN,172,2026-10-05T04:30:46Z
20260925,import,MERCEDES-AMG,1,2026-10-05T04:30:46Z
20260925,import,HONDA,10,2026-10-05T04:30:46Z
20260925,nieuw,SUN LIVING,1,2026-10-05T04:30:46Z
20260925,nieuw,JEEP,7,2026-10-05T04:30:46Z
20260925,nieuw,PORSCHE,24,2026-10-05T04:30:46Z
20260925,import,AUDI,76,2026-10-05T04:30:46Z
20260925,import,PEUGEOT,17,2026-10-05T04:30:46Z
20260925,import,SUBARU,1,2026-10-05T04:30:46Z
20260925,import,KIA,25,2026-10-05T04:30:46Z
20260925,nieuw,AUDI,128,2026-10-05T04:30:46Z
20260925,nieuw,HYMER,1,2026-10-05T04:30:46Z
20260925,import,HYMER,1,2026-10-05T04:30:46Z
20260925,import,BURSTNER GMBH,1,2026-10-05T04:30:46Z
20260925,import,MG,3,2026-10-05T04:30:46Z
20260925,import,CITROEN,31,2026-10-05T04:30:46Z
20260925,import,LAND ROVER,13,2026-10-05T04:30:46Z
20260925,nieuw,HONDA,8,2026-10-05T04:30:46Z
20260925,import,WEINSBERG,1,2026-10-05T04:30:46Z
20260925,nieuw,PEUGEOT,36,2026-10-05T04:30:46Z
20260925,import,TESLA,6,2026-10-05T04:30:46Z
20260925,nieuw,NISSAN,15,2026-10-05T04:30:46Z
20260925,nieuw,DACIA,16,2026-10-05T04:30:46Z
20260925,import,ALPINA,2,2026-10-05T04:30:46Z
20260925,nieuw,DS AUTOMOBILES,3,2026-10-05T04:30:46Z
20260925,import,OPEL,37,2026-10-05T04:30:46Z
20260925,nieuw,ALFA ROMEO,1,2026-10-05T04:30:46Z
20260925,import,LYNK&CO,23,2026-10-05T04:30:46Z
20260925,nieuw,FERRARI,1,2026-10-05T04:30:46Z
20260925,import,MATRA,1,2026-10-05T04:30:46Z
20260925,nieuw,BENTLEY,1,2026-10-05T04:30:46Z
20260925,nieuw,DEEPAL,1,2026-10-05T04:30:46Z
20260925,import,MORGAN,1,2026-10-05T04:30:46Z
20260925,import,DAIHATSU,1,2026-10-05T04:30:46Z
20260925,import,FIAT,34,2026-10-05T04:30:46Z
20260925,nieuw,RENAULT,154,2026-10-05T04:30:46Z
20260925,nieuw,SUBARU,1,2026-10-05T04:30:46Z
20260925,nieuw,BYD,86,2026-10-05T04:30:46Z
20260925,nieuw,LAIKA,1,2026-10-05T04:30:46Z
20260925,import,CUPRA,30,2026-10-05T04:30:46Z
20260925,nieuw,TESLA,135,2026-10-05T04:30:46Z
20260925,nieuw,VOYAH,1,2026-10-05T04:30:46Z
20260925,nieuw,KABE,1,2026-10-05T04:30:46Z
20260925,nieuw,XPENG,20,2026-10-05T04:30:46Z
20260925,import,MITSUBISHI,4,2026-10-05T04:30:46Z
20260925,import,TOYOTA,67,2026-10-05T04:30:46Z
20260925,nieuw,ALPINE,1,2026-10-05T04:30:46Z
20260925,import,SKODA,22,2026-10-05T04:30:46Z
20260925,import,JEEP,4,2026-10-05T04:30:46Z
20260925,import,SUZUKI,25,2026-10-05T04:30:46Z
20260925,import,MAZDA,15,2026-10-05T04:30:46Z
20260925,import,MERCEDES-BENZ,49,2026-10-05T04:30:46Z
20260925,nieuw,MG,8,2026-10-05T04:30:46Z
20260925,nieuw,CITROEN,22,2026-10-05T04:30:46Z
20260925,import,DACIA,7,2026-10-05T04:30:46Z
20260925,import,VOLKSWAGEN,160,2026-10-05T04:30:46Z
20260925,nieuw,JAECOO,10,2026-10-05T04:30:46Z
20260925,import,NIO,11,2026-10-05T04:30:46Z
20260925,nieuw,MAZDA,63,2026-10-05T04:30:46Z
20260925,nieuw,SUZUKI,42,2026-10-05T04:30:46Z
20260925,import,DS,2,2026-10-05T04:30:46Z
20260925,import,SAAB,1,2026-10-05T04:30:46Z
20260925,nieuw,MERCEDES-BENZ,86,2026-10-05T04:30:46Z
20260925,nieuw,LEXUS,10,2026-10-05T04:30:46Z
20260925,import,VOLVO,54,2026-10-05T04:30:46Z
20260925,import,FERRARI,3,2026-10-05T04:30:46Z
20260925,nieuw,HYUNDAI,110,2026-10-05T04:30:46Z
20260925,import,NISSAN,9,2026-10-05T04:30:46Z
20260925,import,BMW,61,2026-10-05T04:30:46Z
20260925,nieuw,POLESTAR,9,2026-10-05T04:30:46Z
20260925,import,FORD,62,2026-10-05T04:30:46Z
20260925,import,BYD,18,2026-10-05T04:30:46Z
20260925,import,SEAT,20,2026-10-05T04:30:46Z
20260925,nieuw,LAND ROVER,3,2026-10-05T04:30:46Z
20260925,nieuw,LUCID MOTORS,1,2026-10-05T04:30:46Z
20260925,nieuw,CUPRA,40,2026-10-05T04:30:46Z
20260925,nieuw,OPEL,25,2026-10-05T04:30:46Z
20260925,nieuw,OMODA,6,2026-10-05T04:30:46Z
20260925,nieuw,KIA,166,2026-10-05T04:30:46Z
20260925,nieuw,SEAT,12,2026-10-05T04:30:46Z
20260925,import,JAGUAR,6,2026-10-05T04:30:46Z
20260925,import,ALFA ROMEO,8,2026-10-05T04:30:46Z
20260925,import,WESTFALIA,2,2026-10-05T04:30:46Z
20260925,nieuw,TOYOTA,149,2026-10-05T04:30:46Z
20260925,nieuw,LEAPMOTOR,36,2026-10-05T04:30:46Z
20260925,nieuw,SMART,3,2026-10-05T04:30:46Z
20260925,import,RENAULT,49,2026-10-05T04:30:46Z
20260925,nieuw,MINI,33,2026-10-05T04:30:46Z
20260925,nieuw,ZEEKR,18,2026-10-05T04:30:46Z
20260925,nieuw,FIAT,6,2026-10-05T04:30:46Z
20260925,import,WILLYS,1,2026-10-05T04:30:46Z
20260925,nieuw,MITSUBISHI,18,2026-10-05T04:30:46Z
20260925,import,BMW I,1,2026-10-05T04:30:46Z
20260926,nieuw,VOLVO,30,2026-10-06T04:30:50Z
20260926,import,DACIA,5,2026-10-06T04:30:50Z
20260926,nieuw,SUZUKI,19,2026-10-06T04:30:50Z
20260926,nieuw,KG MOBILITY,1,2026-10-06T04:30:50Z
20260926,nieuw,PORSCHE,12,2026-10-06T04:30:50Z
20260926,import,TRIUMPH,1,2026-10-06T04:30:50Z
20260926,nieuw,NISSAN,7,2026-10-06T04:30:50Z
20260926,nieuw,DEEPAL,2,2026-10-06T04:30:50Z
20260926,nieuw,PEUGEOT,10,2026-10-06T04:30:50Z
20260926,import,PORSCHE,4,2026-10-06T04:30:50Z
20260926,nieuw,BENTLEY,2,2026-10-06T04:30:50Z
20260926,nieuw,OMODA,2,2026-10-06T04:30:50Z
20260926,nieuw,SUBARU,1,2026-10-06T04:30:50Z
20260926,nieuw,CUPRA,11,2026-10-06T04:30:50Z
20260926,import,BMW,77,2026-10-06T04:30:50Z
20260926,nieuw,MERCEDES-BENZ,20,2026-10-06T04:30:50Z
20260926,import,PEUGEOT,34,2026-10-06T04:30:50Z
20260926,nieuw,MINI,12,2026-10-06T04:30:50Z
20260926,nieuw,VOLKSWAGEN,18,2026-10-06T04:30:50Z
20260926,nieuw,MG,5,2026-10-06T04:30:50Z
20260926,import,FORD,52,2026-10-06T04:30:50Z
20260926,import,TOYOTA,68,2026-10-06T04:30:50Z
20260926,import,SUBARU,2,2026-10-06T04:30:50Z
20260926,nieuw,HYUNDAI,16,2026-10-06T04:30:50Z
20260926,import,GEELY,13,2026-10-06T04:30:50Z
20260926,import,LYNK&CO,9,2026-10-06T04:30:50Z
20260926,import,ALPINE,1,2026-10-06T04:30:50Z
20260926,nieuw,SEAT,4,2026-10-06T04:30:50Z
20260926,import,FIAT,7,2026-10-06T04:30:50Z
20260926,nieuw,FORD,11,2026-10-06T04:30:50Z
20260926,nieuw,FIAT,8,2026-10-06T04:30:50Z
20260926,nieuw,DACIA,6,2026-10-06T04:30:50Z
20260926,import,LAND ROVER,5,2026-10-06T04:30:50Z
20260926,import,LEXUS,1,2026-10-06T04:30:50Z
20260926,import,ALPINA,1,2026-10-06T04:30:50Z
20260926,nieuw,OPEL,6,2026-10-06T04:30:50Z
20260926,nieuw,HONDA,3,2026-10-06T04:30:50Z
20260926,nieuw,LEAPMOTOR,4,2026-10-06T04:30:50Z
20260926,import,RENAULT,35,2026-10-06T04:30:50Z
20260926,import,KIA,20,2026-10-06T04:30:50Z
20260926,import,FERRARI,1,2026-10-06T04:30:50Z
20260926,import,VW,1,2026-10-06T04:30:50Z
20260926,import,SEAT,13,2026-10-06T04:30:50Z
20260926,nieuw,TOYOTA,152,2026-10-06T04:30:50Z
20260926,nieuw,MITSUBISHI,1,2026-10-06T04:30:50Z
20260926,nieuw,JAECOO,3,2026-10-06T04:30:50Z
20260926,import,MITSUBISHI,8,2026-10-06T04:30:50Z
20260926,import,VOLKSWAGEN,111,2026-10-06T04:30:50Z
20260926,import,SKODA,10,2026-10-06T04:30:50Z
20260926,nieuw,MAZDA,23,2026-10-06T04:30:50Z
20260926,nieuw,RENAULT,33,2026-10-06T04:30:50Z
20260926,import,SUZUKI,17,2026-10-06T04:30:50Z
20260926,nieuw,BMW,61,2026-10-06T04:30:50Z
20260926,nieuw,BYD,22,2026-10-06T04:30:50Z
20260926,nieuw,LAND ROVER,4,2026-10-06T04:30:50Z
20260926,import,CUPRA,17,2026-10-06T04:30:50Z
20260926,import,DETHLEFFS,1,2026-10-06T04:30:50Z
20260926,nieuw,CAPRON,1,2026-10-06T04:30:50Z
20260926,nieuw,KIA,34,2026-10-06T04:30:50Z
20260926,import,JEEP,4,2026-10-06T04:30:50Z
20260926,import,MAZDA,17,2026-10-06T04:30:50Z
20260926,import,HONDA,2,2026-10-06T04:30:50Z
20260926,nieuw,BENIMAR,1,2026-10-06T04:30:50Z
20260926,nieuw,POLESTAR,1,2026-10-06T04:30:50Z
20260926,nieuw,SKODA,17,2026-10-06T04:30:50Z
20260926,nieuw,AUDI,18,2026-10-06T04:30:50Z
20260926,import,SMART,1,2026-10-06T04:30:50Z
20260926,import,BYD,20,2026-10-06T04:30:50Z
20260926,import,MERCEDES-BENZ,36,2026-10-06T04:30:50Z
20260926,import,JAGUAR,4,2026-10-06T04:30:50Z
20260926,nieuw,TESLA,109,2026-10-06T04:30:50Z
20260926,import,AUDI,52,2026-10-06T04:30:50Z
20260926,import,NIO,1,2026-10-06T04:30:50Z
20260926,import,HYUNDAI,17,2026-10-06T04:30:50Z
20260926,import,DS,3,2026-10-06T04:30:50Z
20260926,import,OPEL,23,2026-10-06T04:30:50Z
20260926,nieuw,BURSTNER GMBH,2,2026-10-06T04:30:50Z
20260926,import,HYMER,1,2026-10-06T04:30:50Z
20260926,import,NISSAN,11,2026-10-06T04:30:50Z
20260926,import,CITROEN,17,2026-10-06T04:30:50Z
20260926,import,ALFA ROMEO,4,2026-10-06T04:30:50Z
20260926,import,MINI,6,2026-10-06T04:30:50Z
20260926,nieuw,JEEP,3,2026-10-06T04:30:50Z
20260926,import,TESLA,3,2026-10-06T04:30:50Z
20260926,nieuw,CITROEN,3,2026-10-06T04:30:50Z
20260926,import,CHEVROLET,3,2026-10-06T04:30:50Z
20260926,import,VOLVO,26,2026-10-06T04:30:50Z
20260927,import,SEAT,2,2026-10-07T04:30:56Z
20260927,import,VOLVO,2,2026-10-07T04:30:56Z
20260927,import,DEEPAL,1,2026-10-07T04:30:56Z
20260927,import,MINI,6,2026-10-07T04:30:56Z
20260927,import,HYUNDAI,2,2026-10-07T04:30:56Z
20260927,import,JEEP,4,2026-10-07T04:30:56Z
20260927,import,SUZUKI,9,2026-10-07T04:30:56Z
20260927,import,BYD,4,2026-10-07T04:30:56Z
20260927,nieuw,VOLVO,1,2026-10-07T04:30:56Z
20260927,import,VOLKSWAGEN,15,2026-10-07T04:30:56Z
20260927,import,RENAULT,2,2026-10-07T04:30:56Z
20260927,import,MERCEDES-BENZ,9,2026-10-07T04:30:56Z
20260927,import,MAZDA,2,2026-10-07T04:30:56Z
20260927,import,OPEL,3,2026-10-07T04:30:56Z
20260927,import,AUDI,10,2026-10-07T04:30:56Z
20260927,import,NISSAN,2,2026-10-07T04:30:56Z
20260927,import,FORD,11,2026-10-07T04:30:56Z
20260927,import,KIA,6,2026-10-07T04:30:56Z
20260927,import,TOYOTA,6,2026-10-07T04:30:56Z
20260927,import,SKODA,3,2026-10-07T04:30:56Z
20260927,import,BMW,6,2026-10-07T04:30:56Z
20260927,import,FSO,1,2026-10-07T04:30:56Z
20260927,import,FIAT,3,2026-10-07T04:30:56Z
20260927,import,CUPRA,4,2026-10-07T04:30:56Z
20260927,import,MEGA,1,2026-10-07T04:30:56Z
20260927,import,HONDA,3,2026-10-07T04:30:56Z
20260928,nieuw,BMW,157,2026-10-08T04:31:00Z
20260928,nieuw,POLESTAR,45,2026-10-08T04:31:00Z
20260928,nieuw,TOYOTA,171,2026-10-08T04:31:00Z
20260928,import,CITROEN,7,2026-10-08T04:31:00Z
20260928,nieuw,VOLKSWAGEN,97,2026-10-08T04:31:00Z
20260928,import,HONDA,3,2026-10-08T04:31:00Z
20260928,import,MINI,6,2026-10-08T04:31:00Z
20260928,nieuw,TESLA,99,2026-10-08T04:31:00Z
20260928,nieuw,SUZUKI,24,2026-10-08T04:31:00Z
20260928,nieuw,PORSCHE,4,2026-10-08T04:31:00Z
20260928,import,G.M.C.,1,2026-10-08T04:31:00Z
20260928,nieuw,MAZDA,52,2026-10-08T04:31:00Z
20260928,nieuw,SMART,4,2026-10-08T04:31:00Z
20260928,nieuw,OMODA,40,2026-10-08T04:31:00Z
20260928,nieuw,VOLVO,85,2026-10-08T04:31:00Z
20260928,import,KARMA,1,2026-10-08T04:31:00Z
20260928,nieuw,HYUNDAI,190,2026-10-08T04:31:00Z
20260928,nieuw,RENAULT,174,2026-10-08T04:31:00Z
20260928,import,LEXUS,2,2026-10-08T04:31:00Z
20260928,nieuw,NISSAN,14,2026-10-08T04:31:00Z
20260928,nieuw,ALFA ROMEO,27,2026-10-08T04:31:00Z
20260928,nieuw,CUPRA,25,2026-10-08T04:31:00Z
20260928,import,PEUGEOT,9,2026-10-08T04:31:00Z
20260928,nieuw,FIAT,36,2026-10-08T04:31:00Z
20260928,import,PORSCHE,4,2026-10-08T04:31:00Z
20260928,import,JAGUAR,1,2026-10-08T04:31:00Z
20260928,nieuw,LYNK&CO,4,2026-10-08T04:31:00Z
20260928,nieuw,PEUGEOT,306,2026-10-08T04:31:00Z
20260928,nieuw,JAECOO,37,2026-10-08T04:31:00Z
20260928,nieuw,MG,16,2026-10-08T04:31:00Z
20260928,nieuw,FORD,37,2026-10-08T04:31:00Z
20260928,nieuw,DACIA,62,2026-10-08T04:31:00Z
20260928,nieuw,OPEL,108,2026-10-08T04:31:00Z
20260928,nieuw,ZEEKR,38,2026-10-08T04:31:00Z
20260928,import,SKODA,11,2026-10-08T04:31:00Z
20260928,nieuw,LEXUS,7,2026-10-08T04:31:00Z
20260928,nieuw,AUDI,28,2026-10-08T04:31:00Z
20260928,import,CAPRON,1,2026-10-08T04:31:00Z
20260928,import,MG,1,2026-10-08T04:31:00Z
20260928,nieuw,JEEP,97,2026-10-08T04:31:00Z
20260928,import,SEAT,3,2026-10-08T04:31:00Z
20260928,import,MITSUBISHI,2,2026-10-08T04:31:00Z
20260928,import,HYUNDAI,8,2026-10-08T04:31:00Z
20260928,nieuw,BYD,75,2026-10-08T04:31:00Z
20260928,nieuw,MERCEDES-BENZ,63,2026-10-08T04:31:00Z
20260928,nieuw,SEAT,9,2026-10-08T04:31:00Z
20260928,import,MERCEDES-BENZ,31,2026-10-08T04:31:00Z
20260928,nieuw,DS AUTOMOBILES,1,2026-10-08T04:31:00Z
20260928,import,VOLVO,20,2026-10-08T04:31:00Z
20260928,import,CHEVROLET,2,2026-10-08T04:31:00Z
20260928,import,FORD,15,2026-10-08T04:31:00Z
20260928,import,TOYOTA,27,2026-10-08T04:31:00Z
20260928,import,DAIMLER BENZ,2,2026-10-08T04:31:00Z
20260928,nieuw,GENESIS,1,2026-10-08T04:31:00Z
20260928,nieuw,DONGFENG,1,2026-10-08T04:31:00Z
20260928,import,BURSTNER GMBH,1,2026-10-08T04:31:00Z
20260928,import,OPEL,9,2026-10-08T04:31:00Z
20260928,import,CUPRA,15,2026-10-08T04:31:00Z
20260928,import,VOLKSWAGEN,65,2026-10-08T04:31:00Z
20260928,import,KIA,6,2026-10-08T04:31:00Z
20260928,import,SUZUKI,5,2026-10-08T04:31:00Z
20260928,nieuw,LAND ROVER,1,2026-10-08T04:31:00Z
20260928,nieuw,KIA,143,2026-10-08T04:31:00Z
20260928,nieuw,SKODA,137,2026-10-08T04:31:00Z
20260928,nieuw,LEAPMOTOR,54,2026-10-08T04:31:00Z
20260928,import,NISSAN,4,2026-10-08T04:31:00Z
20260928,import,LYNK&CO,3,2026-10-08T04:31:00Z
20260928,nieuw,MITSUBISHI,45,2026-10-08T04:31:00Z
20260928,import,TESLA,12,2026-10-08T04:31:00Z
20260928,nieuw,XPENG,7,2026-10-08T04:31:00Z
20260928,nieuw,CITROEN,42,2026-10-08T04:31:00Z
20260928,import,ALFA ROMEO,2,2026-10-08T04:31:00Z
20260928,import,MERCEDES-AMG,1,2026-10-08T04:31:00Z
20260928,nieuw,HONDA,3,2026-10-08T04:31:00Z
20260928,nieuw,CHERY,3,2026-10-08T04:31:00Z
20260928,import,MORRIS,1,2026-10-08T04:31:00Z
20260928,import,LAND ROVER,2,2026-10-08T04:31:00Z
20260928,nieuw,MINI,84,2026-10-08T04:31:00Z
20260928,import,BMW,20,2026-10-08T04:31:00Z
20260928,import,RENAULT,13,2026-10-08T04:31:00Z
20260928,import,AUDI,28,2026-10-08T04:31:00Z
20260928,nieuw,SUBARU,1,2026-10-08T04:31:00Z
20260928,import,FIAT,13,2026-10-08T04:31:00Z
20260928,import,MAZDA,7,2026-10-08T04:31:00Z
20260929,import,AUDI,71,2026-10-09T04:30:49Z
20260929,nieuw,CUPRA,33,2026-10-09T04:30:49Z
20260929,nieuw,MERCEDES-BENZ,132,2026-10-09T04:30:49Z
20260929,import,ASTON MARTIN,1,2026-10-09T04:30:49Z
20260929,import,LYNK&CO,8,2026-10-09T04:30:49Z
20260929,nieuw,AUDI,59,2026-10-09T04:30:49Z
20260929,nieuw,SEAT,10,2026-10-09T04:30:49Z
20260929,nieuw,VOLKSWAGEN,129,2026-10-09T04:30:49Z
20260929,import,HONDA,3,2026-10-09T04:30:49Z
20260929,import,TESLA MOTORS,1,2026-10-09T04:30:49Z
20260929,nieuw,FERRARI,1,2026-10-09T04:30:49Z
20260929,nieuw,LAND ROVER,8,2026-10-09T04:30:49Z
20260929,nieuw,RAPIDO,1,2026-10-09T04:30:49Z
20260929,import,MERCEDES-BENZ,59,2026-10-09T04:30:49Z
20260929,import,BMW,78,2026-10-09T04:30:49Z
20260929,nieuw,OMODA,3,2026-10-09T04:30:49Z
20260929,nieuw,GEELY,1,2026-10-09T04:30:49Z
20260929,import,LEXUS,1,2026-10-09T04:30:49Z
20260929,import,LAND ROVER,10,2026-10-09T04:30:49Z
20260929,import,MITSUBISHI,4,2026-10-09T04:30:49Z
20260929,nieuw,CAPRON,1,2026-10-09T04:30:49Z
20260929,nieuw,MITSUBISHI,26,2026-10-09T04:30:49Z
20260929,nieuw,PORSCHE,11,2026-10-09T04:30:49Z
20260929,nieuw,BMW,244,2026-10-09T04:30:49Z
20260929,nieuw,DREAMER,1,2026-10-09T04:30:49Z
20260929,import,HYMER,2,2026-10-09T04:30:49Z
20260929,nieuw,SKODA,186,2026-10-09T04:30:49Z
20260929,nieuw,FIAT,9,2026-10-09T04:30:49Z
20260929,import,SKODA,19,2026-10-09T04:30:49Z
20260929,import,VOLVO,52,2026-10-09T04:30:49Z
20260929,nieuw,KIA,160,2026-10-09T04:30:49Z
20260929,import,GEELY,2,2026-10-09T04:30:49Z
20260929,import,OPEL,36,2026-10-09T04:30:49Z
20260929,nieuw,JEEP,29,2026-10-09T04:30:49Z
20260929,nieuw,LYNK&CO,7,2026-10-09T04:30:49Z
20260929,import,LANCIA,2,2026-10-09T04:30:49Z
20260929,import,HYUNDAI,14,2026-10-09T04:30:49Z
20260929,nieuw,DS AUTOMOBILES,1,2026-10-09T04:30:49Z
20260929,nieuw,TOYOTA,457,2026-10-09T04:30:49Z
20260929,import,BMW I,1,2026-10-09T04:30:49Z
20260929,import,FERRARI,1,2026-10-09T04:30:49Z
20260929,import,MINI,14,2026-10-09T04:30:49Z
20260929,nieuw,RENAULT,240,2026-10-09T04:30:49Z
20260929,nieuw,MG,3,2026-10-09T04:30:49Z
20260929,nieuw,FORD,51,2026-10-09T04:30:49Z
20260929,import,ALFA ROMEO,2,2026-10-09T04:30:49Z
20260929,import,RENAULT,35,2026-10-09T04:30:49Z
20260929,import,KIA,24,2026-10-09T04:30:49Z
20260929,nieuw,ALFA ROMEO,4,2026-10-09T04:30:49Z
20260929,import,FIAT,21,2026-10-09T04:30:49Z
20260929,import,ALPINE,1,2026-10-09T04:30:49Z
20260929,import,TOYOTA,60,2026-10-09T04:30:49Z
20260929,import,DODGE,1,2026-10-09T04:30:49Z
20260929,import,JAGUAR,1,2026-10-09T04:30:49Z
20260929,nieuw,SUZUKI,29,2026-10-09T04:30:49Z
20260929,nieuw,VOLVO,111,2026-10-09T04:30:49Z
20260929,nieuw,BYD,165,2026-10-09T04:30:49Z
20260929,import,PORSCHE,10,2026-10-09T04:30:49Z
20260929,import,BYD,13,2026-10-09T04:30:49Z
20260929,nieuw,NISSAN,35,2026-10-09T04:30:49Z
20260929,nieuw,LUCID MOTORS,1,2026-10-09T04:30:49Z
20260929,import,SUBARU,1,2026-10-09T04:30:49Z
20260929,nieuw,JAECOO,19,2026-10-09T04:30:49Z
20260929,import,CUPRA,35,2026-10-09T04:30:49Z
20260929,import,AUTOMOBILI LAMBORGHINI S.,1,2026-10-09T04:30:49Z
20260929,import,VW,1,2026-10-09T04:30:49Z
20260929,nieuw,ZEEKR,18,2026-10-09T04:30:49Z
20260929,import,DACIA,6,2026-10-09T04:30:49Z
20260929,nieuw,SUBARU,2,2026-10-09T04:30:49Z
20260929,nieuw,DACIA,25,2026-10-09T04:30:49Z
20260929,import,ADRIA,1,2026-10-09T04:30:49Z
20260929,import,BENIMAR,1,2026-10-09T04:30:49Z
20260929,import,TESLA,13,2026-10-09T04:30:49Z
20260929,nieuw,GENESIS,2,2026-10-09T04:30:49Z
20260929,nieuw,ALPINE,5,2026-10-09T04:30:49Z
20260929,nieuw,ADRIA,2,2026-10-09T04:30:49Z
20260929,import,SUZUKI,13,2026-10-09T04:30:49Z
20260929,nieuw,CITROEN,36,2026-10-09T04:30:49Z
20260929,nieuw,XPENG,12,2026-10-09T04:30:49Z
20260929,import,MERCEDES-AMG,2,2026-10-09T04:30:49Z
20260929,nieuw,LEXUS,10,2026-10-09T04:30:49Z
20260929,import,CHEVROLET,4,2026-10-09T04:30:49Z
20260929,import,SMART,2,2026-10-09T04:30:49Z
20260929,import,OMODA,2,2026-10-09T04:30:49Z
20260929,import,SEAT,24,2026-10-09T04:30:49Z
20260929,nieuw,POLESTAR,49,2026-10-09T04:30:49Z
20260929,import,VOLKSWAGEN,157,2026-10-09T04:30:49Z
20260929,import,CITROEN,23,2026-10-09T04:30:49Z
20260929,import,LEAPMOTOR,1,2026-10-09T04:30:49Z
20260929,import,NIO,11,2026-10-09T04:30:49Z
20260929,import,PEUGEOT,29,2026-10-09T04:30:49Z
20260929,import,NISSAN,19,2026-10-09T04:30:49Z
20260929,nieuw,LANCIA,1,2026-10-09T04:30:49Z
20260929,nieuw,HYUNDAI,57,2026-10-09T04:30:49Z
20260929,nieuw,TESLA,99,2026-10-09T04:30:49Z
20260929,import,WEINSBERG,1,2026-10-09T04:30:49Z
20260929,nieuw,MAZDA,71,2026-10-09T04:30:49Z
20260929,import,BENTLEY,1,2026-10-09T04:30:49Z
20260929,import,CHRYSLER-SIMCA,1,2026-10-09T04:30:49Z
20260929,import,MAZDA,11,2026-10-09T04:30:49Z
20260929,import,CAPRON,1,2026-10-09T04:30:49Z
20260929,nieuw,HONDA,4,2026-10-09T04:30:49Z
20260929,nieuw,SMART,18,2026-10-09T04:30:49Z
20260929,import,ARCA,1,2026-10-09T04:30:49Z
20260929,nieuw,MINI,25,2026-10-09T04:30:49Z
20260929,nieuw,LEAPMOTOR,34,2026-10-09T04:30:49Z
20260929,import,FORD,38,2026-10-09T04:30:49Z
20260929,nieuw,PEUGEOT,79,2026-10-09T04:30:49Z
20260929,nieuw,OPEL,84,2026-10-09T04:30:49Z
20260929,import,JEEP,5,2026-10-09T04:30:49Z
20260930,import,PEUGEOT,27,2026-10-09T04:30:49Z
20260930,nieuw,TESLA,213,2026-10-09T04:30:49Z
20260930,import,TOYOTA,25,2026-10-09T04:30:49Z
20260930,nieuw,KG MOBILITY,1,2026-10-09T04:30:49Z
20260930,import,CHERY,1,2026-10-09T04:30:49Z
20260930,import,GEELY,1,2026-10-09T04:30:49Z
20260930,nieuw,AUDI,79,2026-10-09T04:30:49Z
20260930,import,BMW,21,2026-10-09T04:30:49Z
20260930,import,MERCEDES-BENZ,22,2026-10-09T04:30:49Z
20260930,nieuw,HONDA,5,2026-10-09T04:30:49Z
20260930,import,SUBARU,1,2026-10-09T04:30:49Z
20260930,nieuw,SKODA,227,2026-10-09T04:30:49Z
20260930,import,OPEL,8,2026-10-09T04:30:49Z
20260930,nieuw,FORD,250,2026-10-09T04:30:49Z
20260930,nieuw,MERCEDES-AMG,1,2026-10-09T04:30:49Z
20260930,import,DACIA,3,2026-10-09T04:30:49Z
20260930,import,DAIHATSU,1,2026-10-09T04:30:49Z
20260930,nieuw,ALPINE,4,2026-10-09T04:30:49Z
20260930,import,RENAULT,12,2026-10-09T04:30:49Z
20260930,import,NISSAN,1,2026-10-09T04:30:49Z
20260930,nieuw,SMART,12,2026-10-09T04:30:49Z
20260930,nieuw,NISSAN,38,2026-10-09T04:30:49Z
20260930,nieuw,MG,9,2026-10-09T04:30:49Z
20260930,nieuw,ADRIA,2,2026-10-09T04:30:49Z
20260930,nieuw,LEXUS,11,2026-10-09T04:30:49Z
20260930,import,FIAT,25,2026-10-09T04:30:49Z
20260930,import,LYNK&CO,4,2026-10-09T04:30:49Z
20260930,nieuw,CITROEN,114,2026-10-09T04:30:49Z
20260930,nieuw,PEUGEOT,254,2026-10-09T04:30:49Z
20260930,nieuw,DS AUTOMOBILES,4,2026-10-09T04:30:49Z
20260930,nieuw,PORSCHE,19,2026-10-09T04:30:49Z
20260930,nieuw,LANCIA,2,2026-10-09T04:30:49Z
20260930,import,JEEP,1,2026-10-09T04:30:49Z
20260930,nieuw,OMODA,92,2026-10-09T04:30:49Z
20260930,import,HONDA,1,2026-10-09T04:30:49Z
20260930,import,VOLKSWAGEN,32,2026-10-09T04:30:49Z
20260930,import,BUERSTNER,1,2026-10-09T04:30:49Z
20260930,nieuw,GEELY,36,2026-10-09T04:30:49Z
20260930,nieuw,XPENG,15,2026-10-09T04:30:49Z
20260930,import,KIA,6,2026-10-09T04:30:49Z
20260930,import,SKODA,14,2026-10-09T04:30:49Z
20260930,nieuw,HYMER,1,2026-10-09T04:30:49Z
20260930,import,PORSCHE,1,2026-10-09T04:30:49Z
20260930,import,DATSUN,2,2026-10-09T04:30:49Z
20260930,nieuw,MORGAN,1,2026-10-09T04:30:49Z
20260930,nieuw,VOLKSWAGEN,534,2026-10-09T04:30:49Z
20260930,import,PLYMOUTH,1,2026-10-09T04:30:49Z
20260930,nieuw,LAMBORGHINI,1,2026-10-09T04:30:49Z
20260930,nieuw,CHERY,2,2026-10-09T04:30:49Z
20260930,import,SUZUKI,18,2026-10-09T04:30:49Z
20260930,nieuw,ALFA ROMEO,3,2026-10-09T04:30:49Z
20260930,import,LAND ROVER,3,2026-10-09T04:30:49Z
20260930,nieuw,SUZUKI,40,2026-10-09T04:30:49Z
20260930,import,HYUNDAI,12,2026-10-09T04:30:49Z
20260930,import,AUDI,14,2026-10-09T04:30:49Z
20260930,import,CITROEN,8,2026-10-09T04:30:49Z
20260930,import,DS,2,2026-10-09T04:30:49Z
20260930,import,MAZDA,4,2026-10-09T04:30:49Z
20260930,nieuw,BYD,239,2026-10-09T04:30:49Z
20260930,nieuw,DACIA,56,2026-10-09T04:30:49Z
20260930,nieuw,CUPRA,180,2026-10-09T04:30:49Z
20260930,nieuw,FIAT,38,2026-10-09T04:30:49Z
20260930,import,RUSKA,1,2026-10-09T04:30:49Z
20260930,nieuw,RENAULT,432,2026-10-09T04:30:49Z
20260930,nieuw,POLESTAR,19,2026-10-09T04:30:49Z
20260930,import,LOTUS,1,2026-10-09T04:30:49Z
20260930,nieuw,KIA,244,2026-10-09T04:30:49Z
20260930,import,FORD,35,2026-10-09T04:30:49Z
20260930,nieuw,LEAPMOTOR,118,2026-10-09T04:30:49Z
20260930,import,JAGUAR,3,2026-10-09T04:30:49Z
20260930,import,CUPRA,10,2026-10-09T04:30:49Z
20260930,nieuw,MITSUBISHI,153,2026-10-09T04:30:49Z
20260930,import,BYD,1,2026-10-09T04:30:49Z
20260930,import,SMART,1,2026-10-09T04:30:49Z
20260930,import,SAAB,2,2026-10-09T04:30:49Z
20260930,import,MERCEDES-AMG,1,2026-10-09T04:30:49Z
20260930,nieuw,HYUNDAI,42,2026-10-09T04:30:49Z
20260930,import,MITSUBISHI,1,2026-10-09T04:30:49Z
20260930,nieuw,MINI,25,2026-10-09T04:30:49Z
20260930,nieuw,VOLVO,95,2026-10-09T04:30:49Z
20260930,nieuw,LAND ROVER,12,2026-10-09T04:30:49Z
20260930,import,MG,4,2026-10-09T04:30:49Z
20260930,import,SEAT,5,2026-10-09T04:30:49Z
20260930,nieuw,ZEEKR,14,2026-10-09T04:30:49Z
20260930,import,VOLVO,25,2026-10-09T04:30:49Z
20260930,nieuw,TOYOTA,375,2026-10-09T04:30:49Z
20260930,nieuw,MAZDA,163,2026-10-09T04:30:49Z
20260930,nieuw,MERCEDES-BENZ,348,2026-10-09T04:30:49Z
20260930,nieuw,BMW,353,2026-10-09T04:30:49Z
20260930,import,MINI,4,2026-10-09T04:30:49Z
20260930,nieuw,SEAT,56,2026-10-09T04:30:49Z
20260930,nieuw,DONGFENG,1,2026-10-09T04:30:49Z
20260930,import,TESLA,9,2026-10-09T04:30:49Z
20260930,nieuw,JEEP,58,2026-10-09T04:30:49Z
20260930,nieuw,JAECOO,173,2026-10-09T04:30:49Z
20260930,nieuw,SUBARU,2,2026-10-09T04:30:49Z
20260930,nieuw,LYNK&CO,6,2026-10-09T04:30:49Z
20260930,import,DAIMLER BENZ,1,2026-10-09T04:30:49Z
20260930,import,POLESTAR,2,2026-10-09T04:30:49Z
20260930,nieuw,OPEL,178,2026-10-09T04:30:49Z
20261001,nieuw,ALFA ROMEO,1,2026-10-09T04:30:49Z
20261001,import,TOYOTA,122,2026-10-09T04:30:49Z
20261001,nieuw,MERCEDES-BENZ,38,2026-10-09T04:30:49Z
20261001,nieuw,AUDI,64,2026-10-09T04:30:49Z
20261001,import,AUTOMOBILI LAMBORGHINI S.,1,2026-10-09T04:30:49Z
20261001,import,CHEVROLET,3,2026-10-09T04:30:49Z
20261001,import,FORD,148,2026-10-09T04:30:49Z
20261001,import,VW,2,2026-10-09T04:30:49Z
20261001,import,MAZDA,36,2026-10-09T04:30:49Z
20261001,import,MINI,15,2026-10-09T04:30:49Z
20261001,nieuw,MINI,24,2026-10-09T04:30:49Z
20261001,nieuw,XPENG,9,2026-10-09T04:30:49Z
20261001,nieuw,OMODA,1,2026-10-09T04:30:49Z
20261001,nieuw,SEAT,5,2026-10-09T04:30:49Z
20261001,import,NISSAN,24,2026-10-09T04:30:49Z
20261001,import,CARTHAGO,2,2026-10-09T04:30:49Z
20261001,import,ALFA ROMEO,4,2026-10-09T04:30:49Z
20261001,nieuw,BYD,11,2026-10-09T04:30:49Z
20261001,nieuw,SUZUKI,31,2026-10-09T04:30:49Z
20261001,nieuw,PORSCHE,5,2026-10-09T04:30:49Z
20261001,nieuw,GENESIS,1,2026-10-09T04:30:49Z
20261001,import,NIO,10,2026-10-09T04:30:49Z
20261001,import,WEINSBERG,1,2026-10-09T04:30:49Z
20261001,import,BENTLEY,2,2026-10-09T04:30:49Z
20261001,import,SKODA,49,2026-10-09T04:30:49Z
20261001,import,HONDA,9,2026-10-09T04:30:49Z
20261001,nieuw,CITROEN,1,2026-10-09T04:30:49Z
20261001,nieuw,ABARTH,1,2026-10-09T04:30:49Z
20261001,import,AUDI,160,2026-10-09T04:30:49Z
20261001,import,MERCEDES-AMG,2,2026-10-09T04:30:49Z
20261001,import,MG,1,2026-10-09T04:30:49Z
20261001,import,POLESTAR,2,2026-10-09T04:30:49Z
20261001,nieuw,FORD,14,2026-10-09T04:30:49Z
20261001,import,DEEPAL,1,2026-10-09T04:30:49Z
20261001,import,MAN,1,2026-10-09T04:30:49Z
20261001,import,HYUNDAI,35,2026-10-09T04:30:49Z
20261001,nieuw,DACIA,2,2026-10-09T04:30:49Z
20261001,import,DETHLEFFS,2,2026-10-09T04:30:49Z
20261001,import,LANCIA,2,2026-10-09T04:30:49Z
20261001,import,LEXUS,11,2026-10-09T04:30:49Z
20261001,nieuw,PEUGEOT,17,2026-10-09T04:30:49Z
20261001,nieuw,LYNK&CO,10,2026-10-09T04:30:49Z
20261001,import,TRIPOD,1,2026-10-09T04:30:49Z
20261001,import,BMW,157,2026-10-09T04:30:49Z
20261001,import,MC LOUIS,1,2026-10-09T04:30:49Z
20261001,import,FERRARI,3,2026-10-09T04:30:49Z
20261001,nieuw,LEAPMOTOR,8,2026-10-09T04:30:49Z
20261001,import,CITROEN,30,2026-10-09T04:30:49Z
20261001,nieuw,OPEL,4,2026-10-09T04:30:49Z
20261001,import,ASTON MARTIN,1,2026-10-09T04:30:49Z
20261001,nieuw,GEELY,17,2026-10-09T04:30:49Z
20261001,nieuw,CUPRA,16,2026-10-09T04:30:49Z
20261001,import,VOLVO,100,2026-10-09T04:30:49Z
20261001,nieuw,HYUNDAI,45,2026-10-09T04:30:49Z
20261001,nieuw,RENAULT,145,2026-10-09T04:30:49Z
20261001,import,BURSTNER GMBH,2,2026-10-09T04:30:49Z
20261001,import,GEELY,5,2026-10-09T04:30:49Z
20261001,import,TESLA,17,2026-10-09T04:30:49Z
20261001,nieuw,LAMBORGHINI,1,2026-10-09T04:30:49Z
20261001,nieuw,JEEP,2,2026-10-09T04:30:49Z
20261001,nieuw,VOLKSWAGEN,61,2026-10-09T04:30:49Z
20261001,import,RENAULT,65,2026-10-09T04:30:49Z
20261001,nieuw,POLESTAR,2,2026-10-09T04:30:49Z
20261001,nieuw,TOYOTA,41,2026-10-09T04:30:49Z
20261001,import,POSSL,1,2026-10-09T04:30:49Z
20261001,nieuw,VOLVO,65,2026-10-09T04:30:49Z
20261001,import,DACIA,14,2026-10-09T04:30:49Z
20261001,import,JEEP,6,2026-10-09T04:30:49Z
20261001,import,CAPRON,1,2026-10-09T04:30:49Z
20261001,nieuw,JAECOO,4,2026-10-09T04:30:49Z
20261001,nieuw,MAZDA,14,2026-10-09T04:30:49Z
20261001,import,VOLKSWAGEN,286,2026-10-09T04:30:49Z
20261001,import,LYNK&CO,50,2026-10-09T04:30:49Z
20261001,nieuw,HONDA,4,2026-10-09T04:30:49Z
20261001,nieuw,FIAT,1,2026-10-09T04:30:49Z
20261001,nieuw,ZEEKR,4,2026-10-09T04:30:49Z
20261001,nieuw,LEXUS,2,2026-10-09T04:30:49Z
20261001,nieuw,NISSAN,11,2026-10-09T04:30:49Z
20261001,nieuw,SMART,9,2026-10-09T04:30:49Z
20261001,nieuw,CHERY,3,2026-10-09T04:30:49Z
20261001,import,BYD,15,2026-10-09T04:30:49Z
20261001,nieuw,KIA,93,2026-10-09T04:30:49Z
20261001,import,CATERHAM,1,2026-10-09T04:30:49Z
20261001,import,LAND ROVER,21,2026-10-09T04:30:49Z
20261001,nieuw,MG,18,2026-10-09T04:30:49Z
20261001,import,ALPINA,1,2026-10-09T04:30:49Z
20261001,nieuw,SKODA,115,2026-10-09T04:30:49Z
20261001,import,PORSCHE,14,2026-10-09T04:30:49Z
20261001,import,OPEL,63,2026-10-09T04:30:49Z
20261001,import,KIA,68,2026-10-09T04:30:49Z
20261001,import,SEAT,41,2026-10-09T04:30:49Z
20261001,import,SUBARU,2,2026-10-09T04:30:49Z
20261001,import,TESLA MOTORS,2,2026-10-09T04:30:49Z
20261001,import,PILOTE,1,2026-10-09T04:30:49Z
20261001,import,HYMER,6,2026-10-09T04:30:49Z
20261001,import,FIAT,44,2026-10-09T04:30:49Z
20261001,import,BUERSTNER,3,2026-10-09T04:30:49Z
20261001,nieuw,BMW,26,2026-10-09T04:30:49Z
20261001,import,MERCEDES-BENZ,99,2026-10-09T04:30:49Z
20261001,import,JAGUAR,1,2026-10-09T04:30:49Z
20261001,import,CUPRA,47,2026-10-09T04:30:49Z
20261001,nieuw,LAND ROVER,10,2026-10-09T04:30:49Z
20261001,import,WESTFALIA,3,2026-10-09T04:30:49Z
20261001,import,SUZUKI,27,2026-10-09T04:30:49Z
20261001,import,MITSUBISHI,15,2026-10-09T04:30:49Z
20261001,import,PEUGEOT,45,2026-10-09T04:30:49Z
20261001,import,KNAUS,2,2026-10-09T04:30:49Z
20261001,nieuw,SUBARU,1,2026-10-09T04:30:49Z
20261001,import,DS,6,2026-10-09T04:30:49Z
20261001,import,SAAB,2,2026-10-09T04:30:49Z
20261002,import,JEEP,4,2026-10-09T04:30:49Z
20261002,import,RENAULT,33,2026-10-09T04:30:49Z
20261002,import,TOYOTA,66,2026-10-09T04:30:49Z
20261002,import,CITROEN,23,2026-10-09T04:30:49Z
20261002,import,SUZUKI,24,2026-10-09T04:30:49Z
20261002,import,MAZDA,15,2026-10-09T04:30:49Z
20261002,nieuw,LAMBORGHINI,1,2026-10-09T04:30:49Z
20261002,nieuw,BYD,15,2026-10-09T04:30:49Z
20261002,import,AM GENERAL,1,2026-10-09T04:30:49Z
20261002,nieuw,VOLKSWAGEN,103,2026-10-09T04:30:49Z
20261002,import,SAAB,2,2026-10-09T04:30:49Z
20261002,nieuw,ASTON MARTIN,1,2026-10-09T04:30:49Z
20261002,nieuw,MERCEDES-BENZ,50,2026-10-09T04:30:49Z
20261002,nieuw,FIAT,2,2026-10-09T04:30:49Z
20261002,import,PEUGEOT,45,2026-10-09T04:30:49Z
20261002,nieuw,LEAPMOTOR,14,2026-10-09T04:30:49Z
20261002,nieuw,ALFA ROMEO,2,2026-10-09T04:30:49Z
20261002,nieuw,ADRIA,3,2026-10-09T04:30:49Z
20261002,nieuw,HONDA,7,2026-10-09T04:30:49Z
20261002,import,CAPRON,2,2026-10-09T04:30:49Z
20261002,nieuw,SMART,5,2026-10-09T04:30:49Z
20261002,import,FERRARI,2,2026-10-09T04:30:49Z
20261002,nieuw,POLESTAR,3,2026-10-09T04:30:49Z
20261002,nieuw,MINI,18,2026-10-09T04:30:49Z
20261002,nieuw,DACIA,6,2026-10-09T04:30:49Z
20261002,import,OPEL,40,2026-10-09T04:30:49Z
20261002,nieuw,DEEPAL,1,2026-10-09T04:30:49Z
20261002,import,DACIA,5,2026-10-09T04:30:49Z
20261002,import,FORD,41,2026-10-09T04:30:49Z
20261002,nieuw,SUZUKI,62,2026-10-09T04:30:49Z
20261002,nieuw,SUBARU,2,2026-10-09T04:30:49Z
20261002,nieuw,LAND ROVER,6,2026-10-09T04:30:49Z
20261002,import,BYD,17,2026-10-09T04:30:49Z
20261002,import,VINFAST,4,2026-10-09T04:30:49Z
20261002,import,LEXUS,7,2026-10-09T04:30:49Z
20261002,import,AUTOMOBILI LAMBORGHINI S.,1,2026-10-09T04:30:49Z
20261002,import,MERCEDES-BENZ,49,2026-10-09T04:30:49Z
20261002,import,JAGUAR CARS,1,2026-10-09T04:30:49Z
20261002,nieuw,OPEL,6,2026-10-09T04:30:49Z
20261002,import,SKODA,18,2026-10-09T04:30:49Z
20261002,import,MINI,15,2026-10-09T04:30:49Z
20261002,import,CHRYSLER,1,2026-10-09T04:30:49Z
20261002,nieuw,SEAT,6,2026-10-09T04:30:49Z
20261002,nieuw,KIA,104,2026-10-09T04:30:49Z
20261002,nieuw,NISSAN,52,2026-10-09T04:30:49Z
20261002,import,PORSCHE,6,2026-10-09T04:30:49Z
20261002,import,LYNK&CO,9,2026-10-09T04:30:49Z
20261002,nieuw,XPENG,5,2026-10-09T04:30:49Z
20261002,nieuw,MG,7,2026-10-09T04:30:49Z
20261002,import,AUDI,76,2026-10-09T04:30:49Z
20261002,nieuw,CUPRA,38,2026-10-09T04:30:49Z
20261002,nieuw,JEEP,2,2026-10-09T04:30:49Z
20261002,import,SUBARU,1,2026-10-09T04:30:49Z
20261002,import,VAUXHALL,1,2026-10-09T04:30:49Z
20261002,nieuw,LEXUS,1,2026-10-09T04:30:49Z
20261002,nieuw,LYNK&CO,9,2026-10-09T04:30:49Z
20261002,nieuw,FERRARI,1,2026-10-09T04:30:49Z
20261002,nieuw,AUDI,80,2026-10-09T04:30:49Z
20261002,nieuw,NIO,2,2026-10-09T04:30:49Z
20261002,import,POLESTAR,1,2026-10-09T04:30:49Z
20261002,import,ALFA ROMEO,5,2026-10-09T04:30:49Z
20261002,import,CUPRA,24,2026-10-09T04:30:49Z
20261002,import,MOBILVETTA DESIGN,1,2026-10-09T04:30:49Z
20261002,import,RAPIDO,1,2026-10-09T04:30:49Z
20261002,nieuw,PEUGEOT,17,2026-10-09T04:30:49Z
20261002,import,TESLA,32,2026-10-09T04:30:49Z
20261002,import,VOLVO,56,2026-10-09T04:30:49Z
20261002,nieuw,HYUNDAI,50,2026-10-09T04:30:49Z
20261002,import,CHEVROLET,2,2026-10-09T04:30:49Z
20261002,import,HYMER,6,2026-10-09T04:30:49Z
20261002,import,MG,6,2026-10-09T04:30:49Z
20261002,import,DODGE,2,2026-10-09T04:30:49Z
20261002,import,ALPINE,1,2026-10-09T04:30:49Z
20261002,import,BMW,115,2026-10-09T04:30:49Z
20261002,nieuw,FORD,15,2026-10-09T04:30:49Z
20261002,nieuw,RENAULT,24,2026-10-09T04:30:49Z
20261002,import,KIA,50,2026-10-09T04:30:49Z
20261002,nieuw,GEELY,5,2026-10-09T04:30:49Z
20261002,nieuw,PORSCHE,11,2026-10-09T04:30:49Z
20261002,import,DS,3,2026-10-09T04:30:49Z
20261002,import,MITSUBISHI,7,2026-10-09T04:30:49Z
20261002,import,SEAT,22,2026-10-09T04:30:49Z
20261002,nieuw,BMW,42,2026-10-09T04:30:49Z
20261002,nieuw,ZEEKR,13,2026-10-09T04:30:49Z
20261002,nieuw,TOYOTA,60,2026-10-09T04:30:49Z
20261002,nieuw,CHERY,7,2026-10-09T04:30:49Z
20261002,nieuw,SKODA,102,2026-10-09T04:30:49Z
20261002,import,JAGUAR,2,2026-10-09T04:30:49Z
20261002,nieuw,JAECOO,2,2026-10-09T04:30:49Z
20261002,nieuw,BENTLEY,1,2026-10-09T04:30:49Z
20261002,import,VOLKSWAGEN,146,2026-10-09T04:30:49Z
20261002,nieuw,NIESMANN+BISCHOFF,1,2026-10-09T04:30:49Z
20261002,import,CARTHAGO,3,2026-10-09T04:30:49Z
20261002,nieuw,MITSUBISHI,5,2026-10-09T04:30:49Z
20261002,import,HYUNDAI,25,2026-10-09T04:30:49Z
20261002,nieuw,MAZDA,22,2026-10-09T04:30:49Z
20261002,import,NISSAN,19,2026-10-09T04:30:49Z
20261002,import,LANCIA,1,2026-10-09T04:30:49Z
20261002,nieuw,TESLA,10,2026-10-09T04:30:49Z
20261002,nieuw,CITROEN,6,2026-10-09T04:30:49Z
20261002,import,DETHLEFFS,2,2026-10-09T04:30:49Z
20261002,import,FIAT,29,2026-10-09T04:30:49Z
20261002,import,LAMBORGHINI,1,2026-10-09T04:30:49Z
20261002,nieuw,VOLVO,94,2026-10-09T04:30:49Z
20261002,import,LAND ROVER,20,2026-10-09T04:30:49Z
20261002,import,MORELO,1,2026-10-09T04:30:49Z
20261002,import,HONDA,6,2026-10-09T04:30:49Z
20261003,nieuw,MERCEDES-BENZ,6,2026-10-09T04:30:49Z
20261003,nieuw,PEUGEOT,4,2026-10-09T04:30:49Z
20261003,import,CITROEN,4,2026-10-09T04:30:49Z
20261003,import,SEAT,2,2026-10-09T04:30:49Z
20261003,import,PEUGEOT,2,2026-10-09T04:30:49Z
20261003,import,KIA,3,2026-10-09T04:30:49Z
20261003,import,RENAULT,1,2026-10-09T04:30:49Z
20261003,nieuw,XPENG,1,2026-10-09T04:30:49Z
20261003,nieuw,BENTLEY,1,2026-10-09T04:30:49Z
20261003,import,MORGAN,1,2026-10-09T04:30:49Z
20261003,nieuw,MG,3,2026-10-09T04:30:49Z
20261003,nieuw,LAND ROVER,2,2026-10-09T04:30:49Z
20261003,nieuw,LYNK&CO,2,2026-10-09T04:30:49Z
20261003,nieuw,GENESIS,1,2026-10-09T04:30:49Z
20261003,import,AUDI,2,2026-10-09T04:30:49Z
20261003,import,DAIMLER BENZ,1,2026-10-09T04:30:49Z
20261003,import,JAGUAR,1,2026-10-09T04:30:49Z
20261003,import,TOYOTA,5,2026-10-09T04:30:49Z
20261003,import,MERCEDES-BENZ,5,2026-10-09T04:30:49Z
20261003,nieuw,RENAULT,7,2026-10-09T04:30:49Z
20261003,import,FORD,2,2026-10-09T04:30:49Z
20261003,nieuw,HYUNDAI,24,2026-10-09T04:30:49Z
20261003,nieuw,FIAT,1,2026-10-09T04:30:49Z
20261003,nieuw,BMW,18,2026-10-09T04:30:49Z
20261003,nieuw,JAECOO,2,2026-10-09T04:30:49Z
20261003,nieuw,NISSAN,2,2026-10-09T04:30:49Z
20261003,import,VOLVO,2,2026-10-09T04:30:49Z
20261003,nieuw,TOYOTA,71,2026-10-09T04:30:49Z
20261003,import,BMW,2,2026-10-09T04:30:49Z
20261003,import,FIAT,3,2026-10-09T04:30:49Z
20261003,import,FERRARI,1,2026-10-09T04:30:49Z
20261003,nieuw,LEAPMOTOR,3,2026-10-09T04:30:49Z
20261003,nieuw,AUDI,23,2026-10-09T04:30:49Z
20261003,nieuw,SKODA,12,2026-10-09T04:30:49Z
20261003,nieuw,OPEL,2,2026-10-09T04:30:49Z
20261003,nieuw,DEEPAL,1,2026-10-09T04:30:49Z
20261003,import,MAZDA,1,2026-10-09T04:30:49Z
20261003,import,TESLA,1,2026-10-09T04:30:49Z
20261003,nieuw,DACIA,5,2026-10-09T04:30:49Z
20261003,nieuw,BYD,6,2026-10-09T04:30:49Z
20261003,import,HYUNDAI,1,2026-10-09T04:30:49Z
20261003,import,VOLKSWAGEN,4,2026-10-09T04:30:49Z
20261003,nieuw,VOLKSWAGEN,18,2026-10-09T04:30:49Z
20261003,nieuw,MINI,7,2026-10-09T04:30:49Z
20261003,nieuw,KIA,35,2026-10-09T04:30:49Z
20261003,nieuw,CUPRA,5,2026-10-09T04:30:49Z
20261003,nieuw,HONDA,3,2026-10-09T04:30:49Z
20261003,nieuw,LAMBORGHINI,1,2026-10-09T04:30:49Z
20261003,nieuw,FORD,4,2026-10-09T04:30:49Z
20261003,nieuw,VOLVO,17,2026-10-09T04:30:49Z
20261003,nieuw,SUZUKI,33,2026-10-09T04:30:49Z
20261003,import,OPEL,2,2026-10-09T04:30:49Z
20261003,import,NISSAN,1,2026-10-09T04:30:49Z
20261003,nieuw,MAZDA,5,2026-10-09T04:30:49Z
20261003,nieuw,SMART,1,2026-10-09T04:30:49Z
20261003,nieuw,PORSCHE,4,2026-10-09T04:30:49Z
20261003,import,SKODA,1,2026-10-09T04:30:49Z
20261004,import,RENAULT,2,2026-10-09T04:30:49Z
20261004,import,HONDA,1,2026-10-09T04:30:49Z
20261004,import,AUDI,1,2026-10-09T04:30:49Z
20261004,import,JEEP,1,2026-10-09T04:30:49Z
20261004,nieuw,KIA,1,2026-10-09T04:30:49Z
20261004,import,FORD,1,2026-10-09T04:30:49Z
20261004,import,TOYOTA,1,2026-10-09T04:30:49Z
20261004,import,BMW,3,2026-10-09T04:30:49Z
20261004,import,A.C.,1,2026-10-09T04:30:49Z
20261004,import,MERCEDES-BENZ,1,2026-10-09T04:30:49Z
20261005,nieuw,XPENG,3,2026-10-09T04:30:49Z
20261005,nieuw,TESLA,3,2026-10-09T04:30:49Z
20261005,nieuw,POLESTAR,5,2026-10-09T04:30:49Z
20261005,import,CHEVROLET,1,2026-10-09T04:30:49Z
20261005,nieuw,OPEL,8,2026-10-09T04:30:49Z
20261005,import,PONTIAC,1,2026-10-09T04:30:49Z
20261005,import,PORSCHE,7,2026-10-09T04:30:49Z
20261005,nieuw,CITROEN,9,2026-10-09T04:30:49Z
20261005,import,FIAT,16,2026-10-09T04:30:49Z
20261005,nieuw,CHAUSSON,1,2026-10-09T04:30:49Z
20261005,import,CITROEN,11,2026-10-09T04:30:49Z
20261005,import,ALFA ROMEO,1,2026-10-09T04:30:49Z
20261005,nieuw,TOYOTA,32,2026-10-09T04:30:49Z
20261005,import,LAND ROVER SANTANA,1,2026-10-09T04:30:49Z
20261005,import,NISSAN,5,2026-10-09T04:30:49Z
20261005,import,VOLVO,33,2026-10-09T04:30:49Z
20261005,import,LEXUS,3,2026-10-09T04:30:49Z
20261005,import,RENAULT,6,2026-10-09T04:30:49Z
20261005,nieuw,ETRUSCO,1,2026-10-09T04:30:49Z
20261005,nieuw,JAECOO,9,2026-10-09T04:30:49Z
20261005,nieuw,CUPRA,30,2026-10-09T04:30:49Z
20261005,nieuw,NISSAN,24,2026-10-09T04:30:49Z
20261005,nieuw,MERCEDES-BENZ,22,2026-10-09T04:30:49Z
20261005,nieuw,SUZUKI,18,2026-10-09T04:30:49Z
20261005,import,OPEL,11,2026-10-09T04:30:49Z
20261005,nieuw,BMW,37,2026-10-09T04:30:49Z
20261005,import,DS,3,2026-10-09T04:30:49Z
20261005,import,LAND ROVER,2,2026-10-09T04:30:49Z
20261005,nieuw,HYUNDAI,55,2026-10-09T04:30:49Z
20261005,nieuw,GEELY,1,2026-10-09T04:30:49Z
20261005,nieuw,PORSCHE,8,2026-10-09T04:30:49Z
20261005,nieuw,ALFA ROMEO,1,2026-10-09T04:30:49Z
20261005,import,CHRYSLER,1,2026-10-09T04:30:49Z
20261005,import,PEUGEOT,10,2026-10-09T04:30:49Z
20261005,import,CUPRA,15,2026-10-09T04:30:49Z
20261005,import,MARQUETTE,1,2026-10-09T04:30:49Z
20261005,nieuw,FORD,6,2026-10-09T04:30:49Z
20261005,import,BYD,7,2026-10-09T04:30:49Z
20261005,import,TOYOTA,45,2026-10-09T04:30:49Z
20261005,import,AUSTIN,1,2026-10-09T04:30:49Z
20261005,import,POSSL,2,2026-10-09T04:30:49Z
20261005,import,BMW,37,2026-10-09T04:30:49Z
20261005,import,POLESTAR,7,2026-10-09T04:30:49Z
20261005,nieuw,MINI,22,2026-10-09T04:30:49Z
20261005,nieuw,JEEP,1,2026-10-09T04:30:49Z
20261005,nieuw,WESTFALIA,1,2026-10-09T04:30:49Z
20261005,import,SUZUKI,6,2026-10-09T04:30:49Z
20261005,import,HONDA,1,2026-10-09T04:30:49Z
20261005,nieuw,SKODA,76,2026-10-09T04:30:49Z
20261005,nieuw,AUDI,28,2026-10-09T04:30:49Z
20261005,nieuw,LAIKA,1,2026-10-09T04:30:49Z
20261005,nieuw,ZEEKR,1,2026-10-09T04:30:49Z
20261005,import,SKODA,10,2026-10-09T04:30:49Z
20261005,import,MG,3,2026-10-09T04:30:49Z
20261005,nieuw,MG,9,2026-10-09T04:30:49Z
20261005,nieuw,KIA,98,2026-10-09T04:30:49Z
20261005,import,SUBARU,1,2026-10-09T04:30:49Z
20261005,nieuw,MAZDA,13,2026-10-09T04:30:49Z
20261005,import,MAZDA,4,2026-10-09T04:30:49Z
20261005,import,FORD,15,2026-10-09T04:30:49Z
20261005,import,HYUNDAI,10,2026-10-09T04:30:49Z
20261005,nieuw,RENAULT,21,2026-10-09T04:30:49Z
20261005,import,CAPRON,1,2026-10-09T04:30:49Z
20261005,nieuw,HONDA,3,2026-10-09T04:30:49Z
20261005,nieuw,GENESIS,2,2026-10-09T04:30:49Z
20261005,import,MINI,13,2026-10-09T04:30:49Z
20261005,import,VOLKSWAGEN,66,2026-10-09T04:30:49Z
20261005,nieuw,LANCIA,1,2026-10-09T04:30:49Z
20261005,import,MERCEDES-BENZ,25,2026-10-09T04:30:49Z
20261005,import,DODGE,1,2026-10-09T04:30:49Z
20261005,import,PANHARD-LEVASSOR,1,2026-10-09T04:30:49Z
20261005,nieuw,OMODA,1,2026-10-09T04:30:49Z
20261005,nieuw,LYNK&CO,7,2026-10-09T04:30:49Z
20261005,import,AUDI,32,2026-10-09T04:30:49Z
20261005,import,KNAUS,1,2026-10-09T04:30:49Z
20261005,import,DACIA,1,2026-10-09T04:30:49Z
20261005,import,SEAT,9,2026-10-09T04:30:49Z
20261005,nieuw,PEUGEOT,55,2026-10-09T04:30:49Z
20261005,nieuw,BYD,10,2026-10-09T04:30:49Z
20261005,import,ABARTH,1,2026-10-09T04:30:49Z
20261005,nieuw,LAND ROVER,4,2026-10-09T04:30:49Z
20261005,nieuw,VOLVO,49,2026-10-09T04:30:49Z
20261005,import,KIA,15,2026-10-09T04:30:49Z
20261005,nieuw,MITSUBISHI,1,2026-10-09T04:30:49Z
20261005,nieuw,DACIA,6,2026-10-09T04:30:49Z
20261005,nieuw,LEAPMOTOR,11,2026-10-09T04:30:49Z
20261005,import,DAIMLER BENZ,3,2026-10-09T04:30:49Z
20261005,import,TESLA,23,2026-10-09T04:30:49Z
20261005,nieuw,VOLKSWAGEN,68,2026-10-09T04:30:49Z
20261006,import,AM GENERAL,1,2026-10-09T04:30:49Z
20261006,import,LAND ROVER,15,2026-10-09T04:30:49Z
20261006,nieuw,MG,20,2026-10-09T04:30:49Z
20261006,import,DAIMLER BENZ,1,2026-10-09T04:30:49Z
20261006,import,FERRARI,2,2026-10-09T04:30:49Z
20261006,nieuw,BMW,26,2026-10-09T04:30:49Z
20261006,import,SUBARU,1,2026-10-09T04:30:49Z
20261006,import,LEXUS,8,2026-10-09T04:30:49Z
20261006,import,ADRIA,2,2026-10-09T04:30:49Z
20261006,nieuw,MITSUBISHI,3,2026-10-09T04:30:49Z
20261006,nieuw,MINI,26,2026-10-09T04:30:49Z
20261006,nieuw,DACIA,2,2026-10-09T04:30:49Z
20261006,import,JAECOO,1,2026-10-09T04:30:49Z
20261006,nieuw,CARTHAGO,3,2026-10-09T04:30:49Z
20261006,nieuw,CITROEN,5,2026-10-09T04:30:49Z
20261006,import,PEUGEOT,69,2026-10-09T04:30:49Z
20261006,import,VAZ,1,2026-10-09T04:30:49Z
20261006,import,SUN LIVING,1,2026-10-09T04:30:49Z
20261006,import,BMW,121,2026-10-09T04:30:49Z
20261006,nieuw,LYNK&CO,9,2026-10-09T04:30:49Z
20261006,import,VOLKSWAGEN,309,2026-10-09T04:30:49Z
20261006,import,MINI,19,2026-10-09T04:30:49Z
20261006,import,POESSL,2,2026-10-09T04:30:49Z
20261006,nieuw,MAZDA,15,2026-10-09T04:30:49Z
20261006,import,TESLA,35,2026-10-09T04:30:49Z
20261006,import,TESLA MOTORS,1,2026-10-09T04:30:49Z
20261006,import,RENAULT,59,2026-10-09T04:30:49Z
20261006,import,JAGUAR,3,2026-10-09T04:30:49Z
20261006,import,MG,8,2026-10-09T04:30:49Z
20261006,import,SKODA,33,2026-10-09T04:30:49Z
20261006,import,HYMER,4,2026-10-09T04:30:49Z
20261006,nieuw,VOLVO,40,2026-10-09T04:30:49Z
20261006,nieuw,LAND ROVER,10,2026-10-09T04:30:49Z
20261006,nieuw,SMART,4,2026-10-09T04:30:49Z
20261006,nieuw,NISSAN,10,2026-10-09T04:30:49Z
20261006,import,DS,3,2026-10-09T04:30:49Z
20261006,nieuw,GEELY,1,2026-10-09T04:30:49Z
20261006,import,JEEP,8,2026-10-09T04:30:49Z
20261006,nieuw,SUZUKI,27,2026-10-09T04:30:49Z
20261006,import,FORD,89,2026-10-09T04:30:49Z
20261006,nieuw,POLESTAR,3,2026-10-09T04:30:49Z
20261006,nieuw,MERCEDES-BENZ,32,2026-10-09T04:30:49Z
20261006,nieuw,LEAPMOTOR,11,2026-10-09T04:30:49Z
20261006,import,BURNSTER,1,2026-10-09T04:30:49Z
20261006,nieuw,DONGFENG,1,2026-10-09T04:30:49Z
20261006,nieuw,BENTLEY,1,2026-10-09T04:30:49Z
20261006,nieuw,KIA,95,2026-10-09T04:30:49Z
20261006,import,MERCEDES-AMG,2,2026-10-09T04:30:49Z
20261006,import,OMODA,1,2026-10-09T04:30:49Z
20261006,nieuw,KNAUS,1,2026-10-09T04:30:49Z
20261006,import,KIA,45,2026-10-09T04:30:49Z
20261006,import,CHALLENGER,1,2026-10-09T04:30:49Z
20261006,import,CUPRA,50,2026-10-09T04:30:49Z
20261006,import,FIAT,36,2026-10-09T04:30:49Z
20261006,import,ZEEKR,2,2026-10-09T04:30:49Z
20261006,import,WEINSBERG,1,2026-10-09T04:30:49Z
20261006,nieuw,PORSCHE,1,2026-10-09T04:30:49Z
20261006,import,AUTOMOBILI LAMBORGHINI S.,1,2026-10-09T04:30:49Z
20261006,import,OPEL,58,2026-10-09T04:30:49Z
20261006,import,LYNK&CO,18,2026-10-09T04:30:49Z
20261006,nieuw,JAECOO,3,2026-10-09T04:30:49Z
20261006,import,RAPIDO,1,2026-10-09T04:30:49Z
20261006,import,HYUNDAI,34,2026-10-09T04:30:49Z
20261006,import,BYD,14,2026-10-09T04:30:49Z
20261006,nieuw,VOLKSWAGEN,77,2026-10-09T04:30:49Z
20261006,nieuw,DODGE,1,2026-10-09T04:30:49Z
20261006,import,MOOVEO,1,2026-10-09T04:30:49Z
20261006,import,FACEL VEGA,1,2026-10-09T04:30:49Z
20261006,import,MC LAREN,1,2026-10-09T04:30:49Z
20261006,nieuw,JEEP,1,2026-10-09T04:30:49Z
20261006,nieuw,SEAT,7,2026-10-09T04:30:49Z
20261006,import,MERCEDES-BENZ,106,2026-10-09T04:30:49Z
20261006,nieuw,HONDA,3,2026-10-09T04:30:49Z
20261006,import,AUDI,129,2026-10-09T04:30:49Z
20261006,nieuw,SKODA,110,2026-10-09T04:30:49Z
20261006,import,NISSAN,38,2026-10-09T04:30:49Z
20261006,nieuw,AUDI,29,2026-10-09T04:30:49Z
20261006,import,PORSCHE,23,2026-10-09T04:30:49Z
20261006,import,LMC,1,2026-10-09T04:30:49Z
20261006,import,VOLVO,107,2026-10-09T04:30:49Z
20261006,nieuw,LUCID MOTORS,2,2026-10-09T04:30:49Z
20261006,nieuw,HYMER,1,2026-10-09T04:30:49Z
20261006,import,LAIKA CARAVANS S.P.A.,1,2026-10-09T04:30:49Z
20261006,import,MITSUBISHI,12,2026-10-09T04:30:49Z
20261006,import,POLESTAR,5,2026-10-09T04:30:49Z
20261006,nieuw,CUPRA,23,2026-10-09T04:30:49Z
20261006,nieuw,TOYOTA,42,2026-10-09T04:30:49Z
20261006,import,ALPINA,1,2026-10-09T04:30:49Z
20261006,import,HONDA,13,2026-10-09T04:30:49Z
20261006,nieuw,RAPIDO,1,2026-10-09T04:30:49Z
20261006,nieuw,SUN LIVING,1,2026-10-09T04:30:49Z
20261006,import,CARTHAGO,1,2026-10-09T04:30:49Z
20261006,import,ROLLS ROYCE,1,2026-10-09T04:30:49Z
20261006,import,DACIA,11,2026-10-09T04:30:49Z
20261006,nieuw,LEXUS,3,2026-10-09T04:30:49Z
20261006,nieuw,BYD,8,2026-10-09T04:30:49Z
20261006,nieuw,HYUNDAI,31,2026-10-09T04:30:49Z
20261006,nieuw,PEUGEOT,55,2026-10-09T04:30:49Z
20261006,nieuw,OPEL,11,2026-10-09T04:30:49Z
20261006,import,GEELY,5,2026-10-09T04:30:49Z
20261006,nieuw,RENAULT,14,2026-10-09T04:30:49Z
20261006,import,DS AUTOMOBILES,1,2026-10-09T04:30:49Z
20261006,nieuw,XPENG,3,2026-10-09T04:30:49Z
20261006,import,ALFA ROMEO,8,2026-10-09T04:30:49Z
20261006,import,DETHLEFFS,1,2026-10-09T04:30:49Z
20261006,import,CHEVROLET,1,2026-10-09T04:30:49Z
20261006,nieuw,FORD,47,2026-10-09T04:30:49Z
20261006,import,MAZDA,34,2026-10-09T04:30:49Z
20261006,nieuw,OMODA,4,2026-10-09T04:30:49Z
20261006,import,CAPRON,1,2026-10-09T04:30:49Z
20261006,nieuw,ZEEKR,6,2026-10-09T04:30:49Z
20261006,nieuw,MAN,4,2026-10-09T04:30:49Z
20261006,import,XPENG,1,2026-10-09T04:30:49Z
20261006,import,SUZUKI,29,2026-10-09T04:30:49Z
20261006,import,SEAT,46,2026-10-09T04:30:49Z
20261006,import,FISKER,1,2026-10-09T04:30:49Z
20261006,import,TOYOTA,135,2026-10-09T04:30:49Z
20261006,import,DEEPAL,3,2026-10-09T04:30:49Z
20261006,import,KARMANN MOBIL,2,2026-10-09T04:30:49Z
20261006,import,CITROEN,42,2026-10-09T04:30:49Z
20261007,nieuw,TESLA,2,2026-10-09T04:30:49Z
20261007,import,RENAULT,10,2026-10-09T04:30:49Z
20261007,import,OLDSMOBILE,1,2026-10-09T04:30:49Z
20261007,nieuw,OPEL,11,2026-10-09T04:30:49Z
20261007,nieuw,SUZUKI,31,2026-10-09T04:30:49Z
20261007,nieuw,MERCEDES-BENZ,28,2026-10-09T04:30:49Z
20261007,import,SUBARU,4,2026-10-09T04:30:49Z
20261007,nieuw,XPENG,7,2026-10-09T04:30:49Z
20261007,nieuw,VOLVO,66,2026-10-09T04:30:49Z
20261007,import,HONDA,1,2026-10-09T04:30:49Z
20261007,import,CITROEN,9,2026-10-09T04:30:49Z
20261007,import,VOLKSWAGEN,39,2026-10-09T04:30:49Z
20261007,import,SEAT,4,2026-10-09T04:30:49Z
20261007,nieuw,ALFA ROMEO,1,2026-10-09T04:30:49Z
20261007,import,HYMER,1,2026-10-09T04:30:49Z
20261007,import,NISSAN,13,2026-10-09T04:30:49Z
20261007,nieuw,CITROEN,5,2026-10-09T04:30:49Z
20261007,nieuw,ADRIA,1,2026-10-09T04:30:49Z
20261007,nieuw,FORD,17,2026-10-09T04:30:49Z
20261007,nieuw,DETHLEFFS,1,2026-10-09T04:30:49Z
20261007,import,VOLVO,12,2026-10-09T04:30:49Z
20261007,import,LAND ROVER,6,2026-10-09T04:30:49Z
20261007,nieuw,LEAPMOTOR,17,2026-10-09T04:30:49Z
20261007,import,GENESIS,1,2026-10-09T04:30:49Z
20261007,nieuw,SKODA,81,2026-10-09T04:30:49Z
20261007,nieuw,SUBARU,1,2026-10-09T04:30:49Z
20261007,nieuw,JAECOO,4,2026-10-09T04:30:49Z
20261007,import,FIAT,9,2026-10-09T04:30:49Z
20261007,import,MITSUBISHI,1,2026-10-09T04:30:49Z
20261007,nieuw,DACIA,9,2026-10-09T04:30:49Z
20261007,import,BMW,19,2026-10-09T04:30:49Z
20261007,import,SANTANA,1,2026-10-09T04:30:49Z
20261007,nieuw,ZEEKR,2,2026-10-09T04:30:49Z
20261007,nieuw,MAZDA,23,2026-10-09T04:30:49Z
20261007,nieuw,PORSCHE,3,2026-10-09T04:30:49Z
20261007,import,KIA,9,2026-10-09T04:30:49Z
20261007,import,MERCEDES-BENZ,16,2026-10-09T04:30:49Z
20261007,nieuw,VOLKSWAGEN,78,2026-10-09T04:30:49Z
20261007,import,POLESTAR,1,2026-10-09T04:30:49Z
20261007,nieuw,HYUNDAI,131,2026-10-09T04:30:49Z
20261007,import,CUPRA,4,2026-10-09T04:30:49Z
20261007,nieuw,PEUGEOT,24,2026-10-09T04:30:49Z
20261007,import,LA STRADA,1,2026-10-09T04:30:49Z
20261007,import,SAAB,1,2026-10-09T04:30:49Z
20261007,nieuw,CARTHAGO,1,2026-10-09T04:30:49Z
20261007,import,JEEP,2,2026-10-09T04:30:49Z
20261007,import,SKODA,2,2026-10-09T04:30:49Z
20261007,import,FERRARI,2,2026-10-09T04:30:49Z
20261007,nieuw,LYNK&CO,8,2026-10-09T04:30:49Z
20261007,nieuw,NISSAN,9,2026-10-09T04:30:49Z
20261007,import,FRANKIA,1,2026-10-09T04:30:49Z
20261007,import,DACIA,3,2026-10-09T04:30:49Z
20261007,nieuw,MITSUBISHI,4,2026-10-09T04:30:49Z
20261007,nieuw,CUPRA,44,2026-10-09T04:30:49Z
20261007,nieuw,GEELY,2,2026-10-09T04:30:49Z
20261007,import,PLYMOUTH,1,2026-10-09T04:30:49Z
20261007,import,PEUGEOT,7,2026-10-09T04:30:49Z
20261007,nieuw,FERRARI,2,2026-10-09T04:30:49Z
20261007,nieuw,ALPINE,1,2026-10-09T04:30:49Z
20261007,nieuw,RENAULT,49,2026-10-09T04:30:49Z
20261007,nieuw,LEXUS,1,2026-10-09T04:30:49Z
20261007,import,TESLA,2,2026-10-09T04:30:49Z
20261007,nieuw,TOYOTA,98,2026-10-09T04:30:49Z
20261007,import,AUDI,17,2026-10-09T04:30:49Z
20261007,nieuw,SMART,1,2026-10-09T04:30:49Z
20261007,nieuw,FIAT,3,2026-10-09T04:30:49Z
20261007,nieuw,MG,15,2026-10-09T04:30:49Z
20261007,import,LYNK&CO,4,2026-10-09T04:30:49Z
20261007,import,PORSCHE,7,2026-10-09T04:30:49Z
20261007,import,MINI,4,2026-10-09T04:30:49Z
20261007,import,BYD,2,2026-10-09T04:30:49Z
20261007,import,HYUNDAI,2,2026-10-09T04:30:49Z
20261007,import,OPEL,7,2026-10-09T04:30:49Z
20261007,nieuw,BYD,20,2026-10-09T04:30:49Z
20261007,nieuw,WEINSBERG,1,2026-10-09T04:30:49Z
20261007,import,E.GO,1,2026-10-09T04:30:49Z
20261007,nieuw,GENESIS,2,2026-10-09T04:30:49Z
20261007,import,ALLIED VEHICLES LTD,1,2026-10-09T04:30:49Z
20261007,nieuw,LAND ROVER,7,2026-10-09T04:30:49Z
20261007,import,FORD,9,2026-10-09T04:30:49Z
20261007,nieuw,HONDA,1,2026-10-09T04:30:49Z
20261007,import,JAGUAR,1,2026-10-09T04:30:49Z
20261007,import,TRIUMPH,1,2026-10-09T04:30:49Z
20261007,nieuw,SEAT,3,2026-10-09T04:30:49Z
20261007,nieuw,HYMER,3,2026-10-09T04:30:49Z
20261007,nieuw,JEEP,5,2026-10-09T04:30:49Z
20261007,nieuw,AUDI,26,2026-10-09T04:30:49Z
20261007,nieuw,MINI,11,2026-10-09T04:30:49Z
20261007,nieuw,BMW,40,2026-10-09T04:30:49Z
20261007,import,TOYOTA,11,2026-10-09T04:30:49Z
20261007,nieuw,KIA,99,2026-10-09T04:30:49Z
