datum,voertuigsoort,aantal,opgehaald_op
20260918,Bromfiets,216,2026-09-28T13:36:34Z
20260922,Land- of bosb aanhw of getr uitr stuk,25,2026-09-28T13:36:34Z
20260924,Bedrijfsauto,291,2026-09-28T13:36:34Z
20260925,Personenauto,3234,2026-09-28T13:36:34Z
20260926,Land- of bosbouwtrekker,9,2026-09-28T13:36:34Z
20260923,Land- of bosb aanhw of getr uitr stuk,6,2026-09-28T13:36:34Z
20260926,Bedrijfsauto,13,2026-09-28T13:36:34Z
20260926,Middenasaanhangwagen,48,2026-09-28T13:36:34Z
20260925,Driewielig motorrijtuig,6,2026-09-28T13:36:34Z
20260920,Middenasaanhangwagen,6,2026-09-28T13:36:34Z
20260922,Bromfiets,149,2026-09-28T13:36:34Z
20260922,Mobiele machine,33,2026-09-28T13:36:34Z
20260926,Personenauto,1463,2026-09-28T13:36:34Z
20260919,Driewielig motorrijtuig,4,2026-09-28T13:36:34Z
20260927,Land- of bosbouwtrekker,1,2026-09-28T13:36:34Z
20260922,Driewielig motorrijtuig,14,2026-09-28T13:36:34Z
20260923,Oplegger,37,2026-09-28T13:36:34Z
20260925,Land- of bosbouwtrekker,24,2026-09-28T13:36:34Z
20260922,Bus,1,2026-09-28T13:36:34Z
20260927,Mobiele machine,3,2026-09-28T13:36:34Z
20260919,Bromfiets,132,2026-09-28T13:36:34Z
20260925,Oplegger,34,2026-09-28T13:36:34Z
20260919,Middenasaanhangwagen,41,2026-09-28T13:36:34Z
20260924,Bromfiets,140,2026-09-28T13:36:34Z
20260919,Oplegger,1,2026-09-28T13:36:34Z
20260918,Bedrijfsauto,237,2026-09-28T13:36:34Z
20260922,Land- of bosbouwtrekker,32,2026-09-28T13:36:34Z
20260919,Bedrijfsauto,14,2026-09-28T13:36:34Z
20260924,Middenasaanhangwagen,163,2026-09-28T13:36:34Z
20260926,Motorfiets,133,2026-09-28T13:36:34Z
20260921,Driewielig motorrijtuig,3,2026-09-28T13:36:34Z
20260922,Bedrijfsauto,278,2026-09-28T13:36:34Z
20260919,Personenauto,1361,2026-09-28T13:36:34Z
20260925,Bedrijfsauto,297,2026-09-28T13:36:34Z
20260924,Motorfiets,121,2026-09-28T13:36:34Z
20260921,Bus,1,2026-09-28T13:36:34Z
20260921,Land- of bosbouwtrekker,40,2026-09-28T13:36:34Z
20260923,Motorfiets,118,2026-09-28T13:36:34Z
20260925,Motorfiets,151,2026-09-28T13:36:34Z
20260918,Land- of bosbouwtrekker,28,2026-09-28T13:36:34Z
20260918,Land- of bosb aanhw of getr uitr stuk,5,2026-09-28T13:36:34Z
20260922,Motorfiets,84,2026-09-28T13:36:34Z
20260924,Driewielig motorrijtuig,5,2026-09-28T13:36:34Z
20260921,Land- of bosb aanhw of getr uitr stuk,8,2026-09-28T13:36:34Z
20260927,Personenauto,118,2026-09-28T13:36:34Z
20260918,Mobiele machine,25,2026-09-28T13:36:34Z
20260927,Bromfiets,2,2026-09-28T13:36:34Z
20260926,Mobiele machine,2,2026-09-28T13:36:34Z
20260918,Motorfiets,161,2026-09-28T13:36:34Z
20260921,Motorfiets,23,2026-09-28T13:36:34Z
20260926,Driewielig motorrijtuig,2,2026-09-28T13:36:34Z
20260924,Bus,2,2026-09-28T13:36:34Z
20260918,Autonome aanhangwagen,2,2026-09-28T13:36:34Z
20260921,Bedrijfsauto,274,2026-09-28T13:36:34Z
20260919,Land- of bosbouwtrekker,3,2026-09-28T13:36:34Z
20260921,Oplegger,33,2026-09-28T13:36:34Z
20260926,Bromfiets,113,2026-09-28T13:36:34Z
20260921,Personenauto,1664,2026-09-28T13:36:34Z
20260921,Middenasaanhangwagen,150,2026-09-28T13:36:34Z
20260919,Mobiele machine,3,2026-09-28T13:36:34Z
20260921,Bromfiets,109,2026-09-28T13:36:34Z
20260923,Driewielig motorrijtuig,6,2026-09-28T13:36:34Z
20260919,Motorfiets,134,2026-09-28T13:36:34Z
20260918,Personenauto,3237,2026-09-28T13:36:34Z
20260927,Motorfiets,12,2026-09-28T13:36:34Z
20260922,Oplegger,133,2026-09-28T13:36:34Z
20260924,Land- of bosb aanhw of getr uitr stuk,9,2026-09-28T13:36:34Z
20260923,Land- of bosbouwtrekker,26,2026-09-28T13:36:34Z
20260923,Middenasaanhangwagen,125,2026-09-28T13:36:34Z
20260921,Autonome aanhangwagen,3,2026-09-28T13:36:34Z
20260918,Driewielig motorrijtuig,8,2026-09-28T13:36:34Z
20260925,Mobiele machine,30,2026-09-28T13:36:34Z
20260925,Land- of bosb aanhw of getr uitr stuk,20,2026-09-28T13:36:34Z
20260919,Land- of bosb aanhw of getr uitr stuk,2,2026-09-28T13:36:34Z
20260923,Autonome aanhangwagen,7,2026-09-28T13:36:34Z
20260923,Bedrijfsauto,301,2026-09-28T13:36:34Z
20260918,Motorfiets met zijspan,1,2026-09-28T13:36:34Z
20260922,Autonome aanhangwagen,5,2026-09-28T13:36:34Z
20260925,Middenasaanhangwagen,144,2026-09-28T13:36:34Z
20260923,Bromfiets,170,2026-09-28T13:36:34Z
20260924,Oplegger,55,2026-09-28T13:36:34Z
20260920,Motorfiets,16,2026-09-28T13:36:34Z
20260923,Personenauto,2556,2026-09-28T13:36:34Z
20260921,Mobiele machine,33,2026-09-28T13:36:34Z
20260927,Middenasaanhangwagen,5,2026-09-28T13:36:34Z
20260925,Bromfiets,205,2026-09-28T13:36:34Z
20260924,Land- of bosbouwtrekker,25,2026-09-28T13:36:34Z
20260922,Personenauto,2312,2026-09-28T13:36:34Z
20260924,Mobiele machine,23,2026-09-28T13:36:34Z
20260927,Driewielig motorrijtuig,2,2026-09-28T13:36:34Z
20260923,Mobiele machine,19,2026-09-28T13:36:34Z
20260920,Bromfiets,2,2026-09-28T13:36:34Z
20260925,Autonome aanhangwagen,2,2026-09-28T13:36:34Z
20260920,Personenauto,110,2026-09-28T13:36:34Z
20260922,Middenasaanhangwagen,148,2026-09-28T13:36:34Z
20260924,Personenauto,2472,2026-09-28T13:36:34Z
20260918,Oplegger,75,2026-09-28T13:36:34Z
20260918,Middenasaanhangwagen,157,2026-09-28T13:36:34Z
