locatie_code,locatie_naam,timestamp,datum,weekdag,tijd,beschikbaar
zp001,Zutphen,2026-08-26T11:16:01+02:00,2026-08-26,woensdag,11:16,47
zp001,Zutphen,2026-08-26T11:46:02+02:00,2026-08-26,woensdag,11:46,46
zp001,Zutphen,2026-08-26T12:01:02+02:00,2026-08-26,woensdag,12:01,44
zp001,Zutphen,2026-08-26T12:16:03+02:00,2026-08-26,woensdag,12:16,41
zp001,Zutphen,2026-08-26T12:46:02+02:00,2026-08-26,woensdag,12:46,44
zp001,Zutphen,2026-08-26T13:01:02+02:00,2026-08-26,woensdag,13:01,41
zp001,Zutphen,2026-08-26T13:16:02+02:00,2026-08-26,woensdag,13:16,41
zp001,Zutphen,2026-08-26T13:46:01+02:00,2026-08-26,woensdag,13:46,42
zp001,Zutphen,2026-08-26T14:01:02+02:00,2026-08-26,woensdag,14:01,42
zp001,Zutphen,2026-08-26T14:16:02+02:00,2026-08-26,woensdag,14:16,41
zp001,Zutphen,2026-08-26T14:31:02+02:00,2026-08-26,woensdag,14:31,40
zp001,Zutphen,2026-08-26T14:46:02+02:00,2026-08-26,woensdag,14:46,42
zp001,Zutphen,2026-08-26T15:01:01+02:00,2026-08-26,woensdag,15:01,43
zp001,Zutphen,2026-08-26T15:16:03+02:00,2026-08-26,woensdag,15:16,46
zp001,Zutphen,2026-08-26T15:31:02+02:00,2026-08-26,woensdag,15:31,46
zp001,Zutphen,2026-08-26T15:46:02+02:00,2026-08-26,woensdag,15:46,51
zp001,Zutphen,2026-08-26T16:01:02+02:00,2026-08-26,woensdag,16:01,54
zp001,Zutphen,2026-08-26T16:31:02+02:00,2026-08-26,woensdag,16:31,57
zp001,Zutphen,2026-08-26T16:46:02+02:00,2026-08-26,woensdag,16:46,58
zp001,Zutphen,2026-08-26T17:16:02+02:00,2026-08-26,woensdag,17:16,62
zp001,Zutphen,2026-08-26T17:46:02+02:00,2026-08-26,woensdag,17:46,68
zp001,Zutphen,2026-08-26T18:01:02+02:00,2026-08-26,woensdag,18:01,66
zp001,Zutphen,2026-08-26T18:16:03+02:00,2026-08-26,woensdag,18:16,66
zp001,Zutphen,2026-08-26T18:31:02+02:00,2026-08-26,woensdag,18:31,65
zp001,Zutphen,2026-08-26T18:46:02+02:00,2026-08-26,woensdag,18:46,66
zp001,Zutphen,2026-08-26T19:01:02+02:00,2026-08-26,woensdag,19:01,67
zp001,Zutphen,2026-08-26T19:16:02+02:00,2026-08-26,woensdag,19:16,67
zp001,Zutphen,2026-08-26T19:31:02+02:00,2026-08-26,woensdag,19:31,67
zp001,Zutphen,2026-08-26T20:01:03+02:00,2026-08-26,woensdag,20:01,65
zp001,Zutphen,2026-08-26T20:16:02+02:00,2026-08-26,woensdag,20:16,65
zp001,Zutphen,2026-08-26T20:46:05+02:00,2026-08-26,woensdag,20:46,62
zp001,Zutphen,2026-08-26T21:01:02+02:00,2026-08-26,woensdag,21:01,64
zp001,Zutphen,2026-08-26T21:16:02+02:00,2026-08-26,woensdag,21:16,63
zp001,Zutphen,2026-08-26T21:31:02+02:00,2026-08-26,woensdag,21:31,63
zp001,Zutphen,2026-08-26T22:01:03+02:00,2026-08-26,woensdag,22:01,63
zp001,Zutphen,2026-08-26T22:16:03+02:00,2026-08-26,woensdag,22:16,63
zp001,Zutphen,2026-08-26T22:31:02+02:00,2026-08-26,woensdag,22:31,62
zp001,Zutphen,2026-08-26T22:46:02+02:00,2026-08-26,woensdag,22:46,61
zp001,Zutphen,2026-08-26T23:01:03+02:00,2026-08-26,woensdag,23:01,62
zp001,Zutphen,2026-08-26T23:16:03+02:00,2026-08-26,woensdag,23:16,62
zp001,Zutphen,2026-08-26T23:31:02+02:00,2026-08-26,woensdag,23:31,62
zp001,Zutphen,2026-08-26T23:46:02+02:00,2026-08-26,woensdag,23:46,62
zp001,Zutphen,2026-08-27T00:01:04+02:00,2026-08-27,donderdag,00:01,62
zp001,Zutphen,2026-08-27T00:16:03+02:00,2026-08-27,donderdag,00:16,63
zp001,Zutphen,2026-08-27T00:31:03+02:00,2026-08-27,donderdag,00:31,63
zp001,Zutphen,2026-08-27T00:46:04+02:00,2026-08-27,donderdag,00:46,63
zp001,Zutphen,2026-08-27T01:01:03+02:00,2026-08-27,donderdag,01:01,63
zp001,Zutphen,2026-08-27T01:16:02+02:00,2026-08-27,donderdag,01:16,63
zp001,Zutphen,2026-08-27T01:31:02+02:00,2026-08-27,donderdag,01:31,63
zp001,Zutphen,2026-08-27T01:46:02+02:00,2026-08-27,donderdag,01:46,63
zp001,Zutphen,2026-08-27T02:01:02+02:00,2026-08-27,donderdag,02:01,63
zp001,Zutphen,2026-08-27T02:16:03+02:00,2026-08-27,donderdag,02:16,63
zp001,Zutphen,2026-08-27T02:31:03+02:00,2026-08-27,donderdag,02:31,63
zp001,Zutphen,2026-08-27T02:46:02+02:00,2026-08-27,donderdag,02:46,63
zp001,Zutphen,2026-08-27T03:01:03+02:00,2026-08-27,donderdag,03:01,63
zp001,Zutphen,2026-08-27T03:16:02+02:00,2026-08-27,donderdag,03:16,63
zp001,Zutphen,2026-08-27T03:31:04+02:00,2026-08-27,donderdag,03:31,63
zp001,Zutphen,2026-08-27T03:46:02+02:00,2026-08-27,donderdag,03:46,63
zp001,Zutphen,2026-08-27T04:01:01+02:00,2026-08-27,donderdag,04:01,63
zp001,Zutphen,2026-08-27T04:16:02+02:00,2026-08-27,donderdag,04:16,63
zp001,Zutphen,2026-08-27T04:31:02+02:00,2026-08-27,donderdag,04:31,63
zp001,Zutphen,2026-08-27T04:46:03+02:00,2026-08-27,donderdag,04:46,63
zp001,Zutphen,2026-08-27T05:01:03+02:00,2026-08-27,donderdag,05:01,63
zp001,Zutphen,2026-08-27T05:16:04+02:00,2026-08-27,donderdag,05:16,63
zp001,Zutphen,2026-08-27T05:31:03+02:00,2026-08-27,donderdag,05:31,63
zp001,Zutphen,2026-08-27T05:46:03+02:00,2026-08-27,donderdag,05:46,63
zp001,Zutphen,2026-08-27T06:01:01+02:00,2026-08-27,donderdag,06:01,63
zp001,Zutphen,2026-08-27T06:16:03+02:00,2026-08-27,donderdag,06:16,63
zp001,Zutphen,2026-08-27T06:46:03+02:00,2026-08-27,donderdag,06:46,63
zp001,Zutphen,2026-08-27T07:01:04+02:00,2026-08-27,donderdag,07:01,62
zp001,Zutphen,2026-08-27T07:16:02+02:00,2026-08-27,donderdag,07:16,63
zp001,Zutphen,2026-08-27T07:31:03+02:00,2026-08-27,donderdag,07:31,59
zp001,Zutphen,2026-08-27T07:46:02+02:00,2026-08-27,donderdag,07:46,58
zp001,Zutphen,2026-08-27T08:01:02+02:00,2026-08-27,donderdag,08:01,55
zp001,Zutphen,2026-08-27T08:31:02+02:00,2026-08-27,donderdag,08:31,53
zp001,Zutphen,2026-08-27T08:46:03+02:00,2026-08-27,donderdag,08:46,51
zp001,Zutphen,2026-08-27T09:16:02+02:00,2026-08-27,donderdag,09:16,45
zp001,Zutphen,2026-08-27T09:31:02+02:00,2026-08-27,donderdag,09:31,45
zp001,Zutphen,2026-08-27T09:46:02+02:00,2026-08-27,donderdag,09:46,45
zp001,Zutphen,2026-08-27T10:01:02+02:00,2026-08-27,donderdag,10:01,45
zp001,Zutphen,2026-08-27T10:16:02+02:00,2026-08-27,donderdag,10:16,44
zp001,Zutphen,2026-08-27T10:31:03+02:00,2026-08-27,donderdag,10:31,42
zp001,Zutphen,2026-08-27T11:16:03+02:00,2026-08-27,donderdag,11:16,36
zp001,Zutphen,2026-08-27T11:31:04+02:00,2026-08-27,donderdag,11:31,34
zp001,Zutphen,2026-08-27T11:46:05+02:00,2026-08-27,donderdag,11:46,36
zp001,Zutphen,2026-08-27T12:31:03+02:00,2026-08-27,donderdag,12:31,37
zp001,Zutphen,2026-08-27T12:46:03+02:00,2026-08-27,donderdag,12:46,36
zp001,Zutphen,2026-08-27T13:16:03+02:00,2026-08-27,donderdag,13:16,37
zp001,Zutphen,2026-08-27T13:46:03+02:00,2026-08-27,donderdag,13:46,34
zp001,Zutphen,2026-08-27T14:01:03+02:00,2026-08-27,donderdag,14:01,36
zp001,Zutphen,2026-08-27T14:16:05+02:00,2026-08-27,donderdag,14:16,35
zp001,Zutphen,2026-08-27T14:31:03+02:00,2026-08-27,donderdag,14:31,35
zp001,Zutphen,2026-08-27T14:46:02+02:00,2026-08-27,donderdag,14:46,30
zp001,Zutphen,2026-08-27T15:01:02+02:00,2026-08-27,donderdag,15:01,33
zp001,Zutphen,2026-08-27T15:16:02+02:00,2026-08-27,donderdag,15:16,37
zp001,Zutphen,2026-08-27T15:31:04+02:00,2026-08-27,donderdag,15:31,38
zp001,Zutphen,2026-08-27T15:46:04+02:00,2026-08-27,donderdag,15:46,38
zp001,Zutphen,2026-08-27T16:31:04+02:00,2026-08-27,donderdag,16:31,51
zp001,Zutphen,2026-08-27T17:01:02+02:00,2026-08-27,donderdag,17:01,52
zp001,Zutphen,2026-08-27T17:16:03+02:00,2026-08-27,donderdag,17:16,52
zp001,Zutphen,2026-08-27T17:31:02+02:00,2026-08-27,donderdag,17:31,55
zp001,Zutphen,2026-08-27T18:16:02+02:00,2026-08-27,donderdag,18:16,55
zp001,Zutphen,2026-08-27T18:31:03+02:00,2026-08-27,donderdag,18:31,59
zp001,Zutphen,2026-08-27T18:46:02+02:00,2026-08-27,donderdag,18:46,58
zp001,Zutphen,2026-08-27T19:01:02+02:00,2026-08-27,donderdag,19:01,59
zp001,Zutphen,2026-08-27T19:16:02+02:00,2026-08-27,donderdag,19:16,60
zp001,Zutphen,2026-08-27T19:31:02+02:00,2026-08-27,donderdag,19:31,65
zp001,Zutphen,2026-08-27T20:01:02+02:00,2026-08-27,donderdag,20:01,65
zp001,Zutphen,2026-08-27T20:16:02+02:00,2026-08-27,donderdag,20:16,65
zp001,Zutphen,2026-08-27T20:31:02+02:00,2026-08-27,donderdag,20:31,66
zp001,Zutphen,2026-08-27T20:46:03+02:00,2026-08-27,donderdag,20:46,68
zp001,Zutphen,2026-08-27T21:01:03+02:00,2026-08-27,donderdag,21:01,68
zp001,Zutphen,2026-08-27T21:16:03+02:00,2026-08-27,donderdag,21:16,69
zp001,Zutphen,2026-08-27T21:31:02+02:00,2026-08-27,donderdag,21:31,71
zp001,Zutphen,2026-08-27T21:46:02+02:00,2026-08-27,donderdag,21:46,71
zp001,Zutphen,2026-08-27T22:01:02+02:00,2026-08-27,donderdag,22:01,73
zp001,Zutphen,2026-08-27T22:16:03+02:00,2026-08-27,donderdag,22:16,74
zp001,Zutphen,2026-08-27T22:31:02+02:00,2026-08-27,donderdag,22:31,74
zp001,Zutphen,2026-08-27T22:46:02+02:00,2026-08-27,donderdag,22:46,74
zp001,Zutphen,2026-08-27T23:01:03+02:00,2026-08-27,donderdag,23:01,74
zp001,Zutphen,2026-08-27T23:16:03+02:00,2026-08-27,donderdag,23:16,74
zp001,Zutphen,2026-08-27T23:31:05+02:00,2026-08-27,donderdag,23:31,74
zp001,Zutphen,2026-08-27T23:46:03+02:00,2026-08-27,donderdag,23:46,74
zp001,Zutphen,2026-08-28T00:01:02+02:00,2026-08-28,vrijdag,00:01,74
zp001,Zutphen,2026-08-28T00:16:04+02:00,2026-08-28,vrijdag,00:16,74
zp001,Zutphen,2026-08-28T00:31:03+02:00,2026-08-28,vrijdag,00:31,72
zp001,Zutphen,2026-08-28T00:46:02+02:00,2026-08-28,vrijdag,00:46,72
zp001,Zutphen,2026-08-28T01:01:03+02:00,2026-08-28,vrijdag,01:01,72
zp001,Zutphen,2026-08-28T01:16:03+02:00,2026-08-28,vrijdag,01:16,72
zp001,Zutphen,2026-08-28T01:31:02+02:00,2026-08-28,vrijdag,01:31,72
zp001,Zutphen,2026-08-28T01:46:02+02:00,2026-08-28,vrijdag,01:46,72
zp001,Zutphen,2026-08-28T02:01:02+02:00,2026-08-28,vrijdag,02:01,72
zp001,Zutphen,2026-08-28T02:16:04+02:00,2026-08-28,vrijdag,02:16,72
zp001,Zutphen,2026-08-28T02:31:02+02:00,2026-08-28,vrijdag,02:31,72
zp001,Zutphen,2026-08-28T02:46:04+02:00,2026-08-28,vrijdag,02:46,72
zp001,Zutphen,2026-08-28T03:01:02+02:00,2026-08-28,vrijdag,03:01,72
zp001,Zutphen,2026-08-28T03:16:02+02:00,2026-08-28,vrijdag,03:16,72
zp001,Zutphen,2026-08-28T03:31:03+02:00,2026-08-28,vrijdag,03:31,72
zp001,Zutphen,2026-08-28T03:46:02+02:00,2026-08-28,vrijdag,03:46,72
zp001,Zutphen,2026-08-28T04:01:02+02:00,2026-08-28,vrijdag,04:01,72
zp001,Zutphen,2026-08-28T04:16:02+02:00,2026-08-28,vrijdag,04:16,72
zp001,Zutphen,2026-08-28T04:31:04+02:00,2026-08-28,vrijdag,04:31,72
zp001,Zutphen,2026-08-28T04:46:02+02:00,2026-08-28,vrijdag,04:46,72
zp001,Zutphen,2026-08-28T05:01:03+02:00,2026-08-28,vrijdag,05:01,72
zp001,Zutphen,2026-08-28T05:16:02+02:00,2026-08-28,vrijdag,05:16,72
zp001,Zutphen,2026-08-28T05:46:03+02:00,2026-08-28,vrijdag,05:46,72
zp001,Zutphen,2026-08-28T06:01:02+02:00,2026-08-28,vrijdag,06:01,72
zp001,Zutphen,2026-08-28T06:16:04+02:00,2026-08-28,vrijdag,06:16,72
zp001,Zutphen,2026-08-28T06:31:04+02:00,2026-08-28,vrijdag,06:31,73
zp001,Zutphen,2026-08-28T06:46:04+02:00,2026-08-28,vrijdag,06:46,73
zp001,Zutphen,2026-08-28T07:01:04+02:00,2026-08-28,vrijdag,07:01,73
zp001,Zutphen,2026-08-28T07:16:03+02:00,2026-08-28,vrijdag,07:16,74
zp001,Zutphen,2026-08-28T07:31:02+02:00,2026-08-28,vrijdag,07:31,74
zp001,Zutphen,2026-08-28T07:46:02+02:00,2026-08-28,vrijdag,07:46,74
zp001,Zutphen,2026-08-28T08:01:03+02:00,2026-08-28,vrijdag,08:01,72
zp001,Zutphen,2026-08-28T08:16:02+02:00,2026-08-28,vrijdag,08:16,72
zp001,Zutphen,2026-08-28T08:31:03+02:00,2026-08-28,vrijdag,08:31,72
zp001,Zutphen,2026-08-28T08:46:02+02:00,2026-08-28,vrijdag,08:46,68
zp001,Zutphen,2026-08-28T09:16:02+02:00,2026-08-28,vrijdag,09:16,65
zp001,Zutphen,2026-08-28T09:31:03+02:00,2026-08-28,vrijdag,09:31,64
zp001,Zutphen,2026-08-28T09:46:02+02:00,2026-08-28,vrijdag,09:46,61
zp001,Zutphen,2026-08-28T10:01:03+02:00,2026-08-28,vrijdag,10:01,62
zp001,Zutphen,2026-08-28T10:16:03+02:00,2026-08-28,vrijdag,10:16,61
zp001,Zutphen,2026-08-28T10:31:05+02:00,2026-08-28,vrijdag,10:31,61
zp001,Zutphen,2026-08-28T10:46:02+02:00,2026-08-28,vrijdag,10:46,58
zp001,Zutphen,2026-08-28T11:01:03+02:00,2026-08-28,vrijdag,11:01,58
zp001,Zutphen,2026-08-28T11:31:04+02:00,2026-08-28,vrijdag,11:31,60
zp001,Zutphen,2026-08-28T11:46:02+02:00,2026-08-28,vrijdag,11:46,60
zp001,Zutphen,2026-08-28T12:01:03+02:00,2026-08-28,vrijdag,12:01,63
zp001,Zutphen,2026-08-28T12:16:02+02:00,2026-08-28,vrijdag,12:16,61
zp001,Zutphen,2026-08-28T12:31:03+02:00,2026-08-28,vrijdag,12:31,60
zp001,Zutphen,2026-08-28T12:46:02+02:00,2026-08-28,vrijdag,12:46,60
zp001,Zutphen,2026-08-28T13:01:03+02:00,2026-08-28,vrijdag,13:01,60
zp001,Zutphen,2026-08-28T13:16:02+02:00,2026-08-28,vrijdag,13:16,60
zp001,Zutphen,2026-08-28T14:16:03+02:00,2026-08-28,vrijdag,14:16,61
zp001,Zutphen,2026-08-28T14:31:02+02:00,2026-08-28,vrijdag,14:31,60
zp001,Zutphen,2026-08-28T15:01:03+02:00,2026-08-28,vrijdag,15:01,61
zp001,Zutphen,2026-08-28T15:16:03+02:00,2026-08-28,vrijdag,15:16,61
zp001,Zutphen,2026-08-28T15:31:03+02:00,2026-08-28,vrijdag,15:31,61
zp001,Zutphen,2026-08-28T15:46:02+02:00,2026-08-28,vrijdag,15:46,60
zp001,Zutphen,2026-08-28T16:01:04+02:00,2026-08-28,vrijdag,16:01,59
zp001,Zutphen,2026-08-28T16:16:03+02:00,2026-08-28,vrijdag,16:16,60
zp001,Zutphen,2026-08-28T16:31:04+02:00,2026-08-28,vrijdag,16:31,62
zp001,Zutphen,2026-08-28T16:46:02+02:00,2026-08-28,vrijdag,16:46,64
zp001,Zutphen,2026-08-28T17:01:02+02:00,2026-08-28,vrijdag,17:01,63
zp001,Zutphen,2026-08-28T17:16:03+02:00,2026-08-28,vrijdag,17:16,63
zp001,Zutphen,2026-08-28T17:31:02+02:00,2026-08-28,vrijdag,17:31,64
zp001,Zutphen,2026-08-28T17:46:02+02:00,2026-08-28,vrijdag,17:46,59
zp001,Zutphen,2026-08-28T18:01:03+02:00,2026-08-28,vrijdag,18:01,57
zp001,Zutphen,2026-08-28T18:16:03+02:00,2026-08-28,vrijdag,18:16,55
zp001,Zutphen,2026-08-28T18:31:04+02:00,2026-08-28,vrijdag,18:31,55
zp001,Zutphen,2026-08-28T18:46:05+02:00,2026-08-28,vrijdag,18:46,57
zp001,Zutphen,2026-08-28T19:01:04+02:00,2026-08-28,vrijdag,19:01,56
zp001,Zutphen,2026-08-28T19:16:02+02:00,2026-08-28,vrijdag,19:16,54
zp001,Zutphen,2026-08-28T19:46:02+02:00,2026-08-28,vrijdag,19:46,52
zp001,Zutphen,2026-08-28T20:01:03+02:00,2026-08-28,vrijdag,20:01,53
zp001,Zutphen,2026-08-28T20:16:02+02:00,2026-08-28,vrijdag,20:16,54
zp001,Zutphen,2026-08-28T20:31:02+02:00,2026-08-28,vrijdag,20:31,52
zp001,Zutphen,2026-08-28T21:01:03+02:00,2026-08-28,vrijdag,21:01,54
zp001,Zutphen,2026-08-28T21:16:02+02:00,2026-08-28,vrijdag,21:16,53
zp001,Zutphen,2026-08-28T21:31:06+02:00,2026-08-28,vrijdag,21:31,57
zp001,Zutphen,2026-08-28T22:01:03+02:00,2026-08-28,vrijdag,22:01,58
zp001,Zutphen,2026-08-28T22:16:03+02:00,2026-08-28,vrijdag,22:16,59
zp001,Zutphen,2026-08-28T22:31:05+02:00,2026-08-28,vrijdag,22:31,60
zp001,Zutphen,2026-08-28T22:46:06+02:00,2026-08-28,vrijdag,22:46,60
zp001,Zutphen,2026-08-28T23:01:04+02:00,2026-08-28,vrijdag,23:01,60
zp001,Zutphen,2026-08-28T23:16:04+02:00,2026-08-28,vrijdag,23:16,62
zp001,Zutphen,2026-08-28T23:31:03+02:00,2026-08-28,vrijdag,23:31,65
zp001,Zutphen,2026-08-28T23:46:05+02:00,2026-08-28,vrijdag,23:46,65
zp001,Zutphen,2026-08-29T00:01:02+02:00,2026-08-29,zaterdag,00:01,65
zp001,Zutphen,2026-08-29T00:16:04+02:00,2026-08-29,zaterdag,00:16,65
zp001,Zutphen,2026-08-29T00:31:06+02:00,2026-08-29,zaterdag,00:31,65
zp001,Zutphen,2026-08-29T00:46:04+02:00,2026-08-29,zaterdag,00:46,64
zp001,Zutphen,2026-08-29T01:01:04+02:00,2026-08-29,zaterdag,01:01,64
zp001,Zutphen,2026-08-29T01:16:03+02:00,2026-08-29,zaterdag,01:16,64
zp001,Zutphen,2026-08-29T01:31:03+02:00,2026-08-29,zaterdag,01:31,64
zp001,Zutphen,2026-08-29T01:46:03+02:00,2026-08-29,zaterdag,01:46,64
zp001,Zutphen,2026-08-29T02:01:03+02:00,2026-08-29,zaterdag,02:01,64
zp001,Zutphen,2026-08-29T02:16:02+02:00,2026-08-29,zaterdag,02:16,64
zp001,Zutphen,2026-08-29T02:31:04+02:00,2026-08-29,zaterdag,02:31,64
zp001,Zutphen,2026-08-29T02:46:04+02:00,2026-08-29,zaterdag,02:46,64
zp001,Zutphen,2026-08-29T03:01:04+02:00,2026-08-29,zaterdag,03:01,64
zp001,Zutphen,2026-08-29T03:16:02+02:00,2026-08-29,zaterdag,03:16,64
zp001,Zutphen,2026-08-29T03:31:02+02:00,2026-08-29,zaterdag,03:31,64
zp001,Zutphen,2026-08-29T03:46:02+02:00,2026-08-29,zaterdag,03:46,64
zp001,Zutphen,2026-08-29T04:01:03+02:00,2026-08-29,zaterdag,04:01,64
zp001,Zutphen,2026-08-29T04:16:02+02:00,2026-08-29,zaterdag,04:16,64
zp001,Zutphen,2026-08-29T04:31:03+02:00,2026-08-29,zaterdag,04:31,64
zp001,Zutphen,2026-08-29T04:46:02+02:00,2026-08-29,zaterdag,04:46,64
zp001,Zutphen,2026-08-29T05:01:04+02:00,2026-08-29,zaterdag,05:01,64
zp001,Zutphen,2026-08-29T05:16:04+02:00,2026-08-29,zaterdag,05:16,64
zp001,Zutphen,2026-08-29T05:31:04+02:00,2026-08-29,zaterdag,05:31,64
zp001,Zutphen,2026-08-29T05:46:04+02:00,2026-08-29,zaterdag,05:46,64
zp001,Zutphen,2026-08-29T06:01:04+02:00,2026-08-29,zaterdag,06:01,64
zp001,Zutphen,2026-08-29T06:16:03+02:00,2026-08-29,zaterdag,06:16,64
zp001,Zutphen,2026-08-29T06:31:05+02:00,2026-08-29,zaterdag,06:31,64
zp001,Zutphen,2026-08-29T06:46:03+02:00,2026-08-29,zaterdag,06:46,64
zp001,Zutphen,2026-08-29T07:01:04+02:00,2026-08-29,zaterdag,07:01,64
zp001,Zutphen,2026-08-29T07:16:04+02:00,2026-08-29,zaterdag,07:16,64
zp001,Zutphen,2026-08-29T07:31:04+02:00,2026-08-29,zaterdag,07:31,64
zp001,Zutphen,2026-08-29T07:46:03+02:00,2026-08-29,zaterdag,07:46,64
zp001,Zutphen,2026-08-29T08:01:02+02:00,2026-08-29,zaterdag,08:01,64
zp001,Zutphen,2026-08-29T08:16:02+02:00,2026-08-29,zaterdag,08:16,64
zp001,Zutphen,2026-08-29T08:46:03+02:00,2026-08-29,zaterdag,08:46,64
zp001,Zutphen,2026-08-29T09:31:04+02:00,2026-08-29,zaterdag,09:31,60
zp001,Zutphen,2026-08-29T10:01:02+02:00,2026-08-29,zaterdag,10:01,61
zp001,Zutphen,2026-08-29T10:46:02+02:00,2026-08-29,zaterdag,10:46,55
zp001,Zutphen,2026-08-29T11:16:02+02:00,2026-08-29,zaterdag,11:16,55
zp001,Zutphen,2026-08-29T11:31:03+02:00,2026-08-29,zaterdag,11:31,55
zp001,Zutphen,2026-08-29T11:46:02+02:00,2026-08-29,zaterdag,11:46,53
zp001,Zutphen,2026-08-29T12:01:02+02:00,2026-08-29,zaterdag,12:01,50
zp001,Zutphen,2026-08-29T12:31:02+02:00,2026-08-29,zaterdag,12:31,44
zp001,Zutphen,2026-08-29T12:46:02+02:00,2026-08-29,zaterdag,12:46,42
zp001,Zutphen,2026-08-29T13:01:02+02:00,2026-08-29,zaterdag,13:01,41
zp001,Zutphen,2026-08-29T13:16:03+02:00,2026-08-29,zaterdag,13:16,37
zp001,Zutphen,2026-08-29T13:31:02+02:00,2026-08-29,zaterdag,13:31,38
zp001,Zutphen,2026-08-29T14:31:04+02:00,2026-08-29,zaterdag,14:31,29
zp001,Zutphen,2026-08-29T14:46:03+02:00,2026-08-29,zaterdag,14:46,28
zp001,Zutphen,2026-08-29T15:16:02+02:00,2026-08-29,zaterdag,15:16,30
zp001,Zutphen,2026-08-29T15:46:02+02:00,2026-08-29,zaterdag,15:46,29
zp001,Zutphen,2026-08-29T16:46:02+02:00,2026-08-29,zaterdag,16:46,29
zp001,Zutphen,2026-08-29T17:01:02+02:00,2026-08-29,zaterdag,17:01,29
zp001,Zutphen,2026-08-29T17:31:01+02:00,2026-08-29,zaterdag,17:31,30
zp001,Zutphen,2026-08-29T17:46:02+02:00,2026-08-29,zaterdag,17:46,33
zp001,Zutphen,2026-08-29T18:01:03+02:00,2026-08-29,zaterdag,18:01,34
zp001,Zutphen,2026-08-29T18:16:02+02:00,2026-08-29,zaterdag,18:16,34
zp001,Zutphen,2026-08-29T18:31:02+02:00,2026-08-29,zaterdag,18:31,33
zp001,Zutphen,2026-08-29T18:46:02+02:00,2026-08-29,zaterdag,18:46,34
zp001,Zutphen,2026-08-29T19:01:01+02:00,2026-08-29,zaterdag,19:01,34
zp001,Zutphen,2026-08-29T19:16:02+02:00,2026-08-29,zaterdag,19:16,36
zp001,Zutphen,2026-08-29T19:31:03+02:00,2026-08-29,zaterdag,19:31,38
zp001,Zutphen,2026-08-29T19:46:02+02:00,2026-08-29,zaterdag,19:46,36
zp001,Zutphen,2026-08-29T20:01:03+02:00,2026-08-29,zaterdag,20:01,38
zp001,Zutphen,2026-08-29T20:16:02+02:00,2026-08-29,zaterdag,20:16,38
zp001,Zutphen,2026-08-29T20:31:02+02:00,2026-08-29,zaterdag,20:31,38
zp001,Zutphen,2026-08-29T20:46:02+02:00,2026-08-29,zaterdag,20:46,38
zp001,Zutphen,2026-08-29T21:01:03+02:00,2026-08-29,zaterdag,21:01,39
zp001,Zutphen,2026-08-29T21:16:02+02:00,2026-08-29,zaterdag,21:16,39
zp001,Zutphen,2026-08-29T21:31:02+02:00,2026-08-29,zaterdag,21:31,39
zp001,Zutphen,2026-08-29T21:46:02+02:00,2026-08-29,zaterdag,21:46,42
zp001,Zutphen,2026-08-29T22:01:02+02:00,2026-08-29,zaterdag,22:01,43
zp001,Zutphen,2026-08-29T22:16:02+02:00,2026-08-29,zaterdag,22:16,44
zp001,Zutphen,2026-08-29T22:31:02+02:00,2026-08-29,zaterdag,22:31,44
zp001,Zutphen,2026-08-29T22:46:02+02:00,2026-08-29,zaterdag,22:46,45
zp001,Zutphen,2026-08-29T23:01:02+02:00,2026-08-29,zaterdag,23:01,46
zp001,Zutphen,2026-08-29T23:16:03+02:00,2026-08-29,zaterdag,23:16,46
zp001,Zutphen,2026-08-29T23:31:02+02:00,2026-08-29,zaterdag,23:31,48
zp001,Zutphen,2026-08-29T23:46:02+02:00,2026-08-29,zaterdag,23:46,47
zp001,Zutphen,2026-08-30T00:01:03+02:00,2026-08-30,zondag,00:01,47
zp001,Zutphen,2026-08-30T00:16:03+02:00,2026-08-30,zondag,00:16,48
zp001,Zutphen,2026-08-30T00:31:02+02:00,2026-08-30,zondag,00:31,50
zp001,Zutphen,2026-08-30T00:46:03+02:00,2026-08-30,zondag,00:46,50
zp001,Zutphen,2026-08-30T01:01:03+02:00,2026-08-30,zondag,01:01,50
zp001,Zutphen,2026-08-30T01:16:03+02:00,2026-08-30,zondag,01:16,50
zp001,Zutphen,2026-08-30T01:31:02+02:00,2026-08-30,zondag,01:31,50
zp001,Zutphen,2026-08-30T01:46:02+02:00,2026-08-30,zondag,01:46,50
zp001,Zutphen,2026-08-30T02:01:02+02:00,2026-08-30,zondag,02:01,50
zp001,Zutphen,2026-08-30T02:16:02+02:00,2026-08-30,zondag,02:16,50
zp001,Zutphen,2026-08-30T02:31:03+02:00,2026-08-30,zondag,02:31,50
zp001,Zutphen,2026-08-30T02:46:02+02:00,2026-08-30,zondag,02:46,50
zp001,Zutphen,2026-08-30T03:01:02+02:00,2026-08-30,zondag,03:01,50
zp001,Zutphen,2026-08-30T03:16:02+02:00,2026-08-30,zondag,03:16,50
zp001,Zutphen,2026-08-30T03:31:02+02:00,2026-08-30,zondag,03:31,50
zp001,Zutphen,2026-08-30T03:46:02+02:00,2026-08-30,zondag,03:46,50
zp001,Zutphen,2026-08-30T04:01:04+02:00,2026-08-30,zondag,04:01,50
zp001,Zutphen,2026-08-30T04:16:02+02:00,2026-08-30,zondag,04:16,50
zp001,Zutphen,2026-08-30T04:31:03+02:00,2026-08-30,zondag,04:31,50
zp001,Zutphen,2026-08-30T04:46:02+02:00,2026-08-30,zondag,04:46,50
zp001,Zutphen,2026-08-30T05:01:02+02:00,2026-08-30,zondag,05:01,50
zp001,Zutphen,2026-08-30T05:16:02+02:00,2026-08-30,zondag,05:16,50
zp001,Zutphen,2026-08-30T05:31:02+02:00,2026-08-30,zondag,05:31,50
zp001,Zutphen,2026-08-30T05:46:02+02:00,2026-08-30,zondag,05:46,50
zp001,Zutphen,2026-08-30T06:16:02+02:00,2026-08-30,zondag,06:16,50
zp001,Zutphen,2026-08-30T06:31:02+02:00,2026-08-30,zondag,06:31,50
zp001,Zutphen,2026-08-30T06:46:02+02:00,2026-08-30,zondag,06:46,50
zp001,Zutphen,2026-08-30T07:01:04+02:00,2026-08-30,zondag,07:01,51
zp001,Zutphen,2026-08-30T07:16:03+02:00,2026-08-30,zondag,07:16,51
zp001,Zutphen,2026-08-30T07:31:04+02:00,2026-08-30,zondag,07:31,51
zp001,Zutphen,2026-08-30T07:46:02+02:00,2026-08-30,zondag,07:46,51
zp001,Zutphen,2026-08-30T08:01:02+02:00,2026-08-30,zondag,08:01,51
zp001,Zutphen,2026-08-30T08:16:03+02:00,2026-08-30,zondag,08:16,51
zp001,Zutphen,2026-08-30T08:31:03+02:00,2026-08-30,zondag,08:31,51
zp001,Zutphen,2026-08-30T08:46:02+02:00,2026-08-30,zondag,08:46,51
zp001,Zutphen,2026-08-30T09:01:03+02:00,2026-08-30,zondag,09:01,51
zp001,Zutphen,2026-08-30T09:46:03+02:00,2026-08-30,zondag,09:46,48
zp001,Zutphen,2026-08-30T10:01:03+02:00,2026-08-30,zondag,10:01,48
zp001,Zutphen,2026-08-30T10:16:03+02:00,2026-08-30,zondag,10:16,50
zp001,Zutphen,2026-08-30T10:31:03+02:00,2026-08-30,zondag,10:31,50
zp001,Zutphen,2026-08-30T10:46:02+02:00,2026-08-30,zondag,10:46,50
zp001,Zutphen,2026-08-30T11:01:02+02:00,2026-08-30,zondag,11:01,50
zp001,Zutphen,2026-08-30T11:16:03+02:00,2026-08-30,zondag,11:16,53
zp001,Zutphen,2026-08-30T11:31:03+02:00,2026-08-30,zondag,11:31,54
zp001,Zutphen,2026-08-30T11:46:03+02:00,2026-08-30,zondag,11:46,48
zp001,Zutphen,2026-08-30T12:01:03+02:00,2026-08-30,zondag,12:01,48
zp001,Zutphen,2026-08-30T12:16:03+02:00,2026-08-30,zondag,12:16,49
zp001,Zutphen,2026-08-30T12:31:02+02:00,2026-08-30,zondag,12:31,51
zp001,Zutphen,2026-08-30T12:46:03+02:00,2026-08-30,zondag,12:46,52
zp001,Zutphen,2026-08-30T13:01:03+02:00,2026-08-30,zondag,13:01,54
zp001,Zutphen,2026-08-30T13:31:03+02:00,2026-08-30,zondag,13:31,53
zp001,Zutphen,2026-08-30T13:46:02+02:00,2026-08-30,zondag,13:46,52
zp001,Zutphen,2026-08-30T14:16:03+02:00,2026-08-30,zondag,14:16,46
zp001,Zutphen,2026-08-30T14:31:03+02:00,2026-08-30,zondag,14:31,47
zp001,Zutphen,2026-08-30T14:46:02+02:00,2026-08-30,zondag,14:46,45
zp001,Zutphen,2026-08-30T15:01:03+02:00,2026-08-30,zondag,15:01,46
zp001,Zutphen,2026-08-30T15:16:03+02:00,2026-08-30,zondag,15:16,46
zp001,Zutphen,2026-08-30T15:31:02+02:00,2026-08-30,zondag,15:31,47
zp001,Zutphen,2026-08-30T15:46:02+02:00,2026-08-30,zondag,15:46,48
zp001,Zutphen,2026-08-30T16:01:02+02:00,2026-08-30,zondag,16:01,48
zp001,Zutphen,2026-08-30T16:16:03+02:00,2026-08-30,zondag,16:16,48
zp001,Zutphen,2026-08-30T16:31:02+02:00,2026-08-30,zondag,16:31,49
zp001,Zutphen,2026-08-30T16:46:02+02:00,2026-08-30,zondag,16:46,51
zp001,Zutphen,2026-08-30T17:01:03+02:00,2026-08-30,zondag,17:01,53
zp001,Zutphen,2026-08-30T17:16:03+02:00,2026-08-30,zondag,17:16,55
zp001,Zutphen,2026-08-30T17:31:02+02:00,2026-08-30,zondag,17:31,55
zp001,Zutphen,2026-08-30T17:46:02+02:00,2026-08-30,zondag,17:46,58
zp001,Zutphen,2026-08-30T18:01:03+02:00,2026-08-30,zondag,18:01,59
zp001,Zutphen,2026-08-30T18:16:02+02:00,2026-08-30,zondag,18:16,59
zp001,Zutphen,2026-08-30T18:31:02+02:00,2026-08-30,zondag,18:31,60
zp001,Zutphen,2026-08-30T18:46:02+02:00,2026-08-30,zondag,18:46,60
zp001,Zutphen,2026-08-30T19:01:02+02:00,2026-08-30,zondag,19:01,61
zp001,Zutphen,2026-08-30T19:16:02+02:00,2026-08-30,zondag,19:16,65
zp001,Zutphen,2026-08-30T19:31:03+02:00,2026-08-30,zondag,19:31,65
zp001,Zutphen,2026-08-30T19:46:02+02:00,2026-08-30,zondag,19:46,65
zp001,Zutphen,2026-08-30T20:01:02+02:00,2026-08-30,zondag,20:01,69
zp001,Zutphen,2026-08-30T20:16:02+02:00,2026-08-30,zondag,20:16,69
zp001,Zutphen,2026-08-30T20:31:02+02:00,2026-08-30,zondag,20:31,71
zp001,Zutphen,2026-08-30T20:46:02+02:00,2026-08-30,zondag,20:46,72
zp001,Zutphen,2026-08-30T21:01:02+02:00,2026-08-30,zondag,21:01,73
zp001,Zutphen,2026-08-30T21:16:02+02:00,2026-08-30,zondag,21:16,74
zp001,Zutphen,2026-08-30T21:31:02+02:00,2026-08-30,zondag,21:31,76
zp001,Zutphen,2026-08-30T21:46:03+02:00,2026-08-30,zondag,21:46,76
zp001,Zutphen,2026-08-30T22:01:02+02:00,2026-08-30,zondag,22:01,75
zp001,Zutphen,2026-08-30T22:16:03+02:00,2026-08-30,zondag,22:16,75
zp001,Zutphen,2026-08-30T22:31:03+02:00,2026-08-30,zondag,22:31,74
zp001,Zutphen,2026-08-30T22:46:02+02:00,2026-08-30,zondag,22:46,75
zp001,Zutphen,2026-08-30T23:01:02+02:00,2026-08-30,zondag,23:01,75
zp001,Zutphen,2026-08-30T23:16:02+02:00,2026-08-30,zondag,23:16,75
zp001,Zutphen,2026-08-30T23:31:01+02:00,2026-08-30,zondag,23:31,75
zp001,Zutphen,2026-08-30T23:46:02+02:00,2026-08-30,zondag,23:46,73
zp001,Zutphen,2026-08-31T00:01:02+02:00,2026-08-31,maandag,00:01,73
zp001,Zutphen,2026-08-31T00:16:03+02:00,2026-08-31,maandag,00:16,73
zp001,Zutphen,2026-08-31T00:31:04+02:00,2026-08-31,maandag,00:31,73
zp001,Zutphen,2026-08-31T00:46:02+02:00,2026-08-31,maandag,00:46,73
zp001,Zutphen,2026-08-31T01:01:03+02:00,2026-08-31,maandag,01:01,73
zp001,Zutphen,2026-08-31T01:16:02+02:00,2026-08-31,maandag,01:16,72
zp001,Zutphen,2026-08-31T01:31:02+02:00,2026-08-31,maandag,01:31,72
zp001,Zutphen,2026-08-31T01:46:02+02:00,2026-08-31,maandag,01:46,72
zp001,Zutphen,2026-08-31T02:01:02+02:00,2026-08-31,maandag,02:01,72
zp001,Zutphen,2026-08-31T02:16:03+02:00,2026-08-31,maandag,02:16,72
zp001,Zutphen,2026-08-31T02:31:02+02:00,2026-08-31,maandag,02:31,72
zp001,Zutphen,2026-08-31T02:46:02+02:00,2026-08-31,maandag,02:46,72
zp001,Zutphen,2026-08-31T03:01:03+02:00,2026-08-31,maandag,03:01,72
zp001,Zutphen,2026-08-31T03:16:02+02:00,2026-08-31,maandag,03:16,72
zp001,Zutphen,2026-08-31T03:31:02+02:00,2026-08-31,maandag,03:31,72
zp001,Zutphen,2026-08-31T03:46:02+02:00,2026-08-31,maandag,03:46,72
zp001,Zutphen,2026-08-31T04:01:02+02:00,2026-08-31,maandag,04:01,72
zp001,Zutphen,2026-08-31T04:16:02+02:00,2026-08-31,maandag,04:16,72
zp001,Zutphen,2026-08-31T04:31:03+02:00,2026-08-31,maandag,04:31,72
zp001,Zutphen,2026-08-31T04:46:03+02:00,2026-08-31,maandag,04:46,72
zp001,Zutphen,2026-08-31T05:01:03+02:00,2026-08-31,maandag,05:01,72
zp001,Zutphen,2026-08-31T05:16:03+02:00,2026-08-31,maandag,05:16,72
zp001,Zutphen,2026-08-31T05:31:03+02:00,2026-08-31,maandag,05:31,72
zp001,Zutphen,2026-08-31T05:46:03+02:00,2026-08-31,maandag,05:46,72
zp001,Zutphen,2026-08-31T06:01:02+02:00,2026-08-31,maandag,06:01,72
zp001,Zutphen,2026-08-31T06:16:03+02:00,2026-08-31,maandag,06:16,72
zp001,Zutphen,2026-08-31T06:31:02+02:00,2026-08-31,maandag,06:31,73
zp001,Zutphen,2026-08-31T06:46:03+02:00,2026-08-31,maandag,06:46,73
zp001,Zutphen,2026-08-31T07:01:02+02:00,2026-08-31,maandag,07:01,71
zp001,Zutphen,2026-08-31T07:31:02+02:00,2026-08-31,maandag,07:31,68
zp001,Zutphen,2026-08-31T07:46:03+02:00,2026-08-31,maandag,07:46,67
zp001,Zutphen,2026-08-31T08:01:03+02:00,2026-08-31,maandag,08:01,60
zp001,Zutphen,2026-08-31T08:16:04+02:00,2026-08-31,maandag,08:16,60
zp001,Zutphen,2026-08-31T08:31:03+02:00,2026-08-31,maandag,08:31,55
zp001,Zutphen,2026-08-31T08:46:03+02:00,2026-08-31,maandag,08:46,52
zp001,Zutphen,2026-08-31T09:16:03+02:00,2026-08-31,maandag,09:16,49
zp001,Zutphen,2026-08-31T09:46:03+02:00,2026-08-31,maandag,09:46,49
zp001,Zutphen,2026-08-31T10:01:06+02:00,2026-08-31,maandag,10:01,48
zp001,Zutphen,2026-08-31T10:16:02+02:00,2026-08-31,maandag,10:16,46
zp001,Zutphen,2026-08-31T10:31:03+02:00,2026-08-31,maandag,10:31,47
zp001,Zutphen,2026-08-31T10:46:02+02:00,2026-08-31,maandag,10:46,46
zp001,Zutphen,2026-08-31T11:01:04+02:00,2026-08-31,maandag,11:01,44
zp001,Zutphen,2026-08-31T11:31:03+02:00,2026-08-31,maandag,11:31,42
zp001,Zutphen,2026-08-31T11:46:03+02:00,2026-08-31,maandag,11:46,42
zp001,Zutphen,2026-08-31T12:16:03+02:00,2026-08-31,maandag,12:16,42
zp001,Zutphen,2026-08-31T12:31:04+02:00,2026-08-31,maandag,12:31,41
zp001,Zutphen,2026-08-31T13:01:03+02:00,2026-08-31,maandag,13:01,44
zp001,Zutphen,2026-08-31T13:16:03+02:00,2026-08-31,maandag,13:16,45
zp001,Zutphen,2026-08-31T13:31:03+02:00,2026-08-31,maandag,13:31,43
zp001,Zutphen,2026-08-31T13:46:03+02:00,2026-08-31,maandag,13:46,41
zp001,Zutphen,2026-08-31T14:01:04+02:00,2026-08-31,maandag,14:01,41
zp001,Zutphen,2026-08-31T14:16:02+02:00,2026-08-31,maandag,14:16,41
zp001,Zutphen,2026-08-31T14:46:03+02:00,2026-08-31,maandag,14:46,40
zp001,Zutphen,2026-08-31T15:01:03+02:00,2026-08-31,maandag,15:01,39
zp001,Zutphen,2026-08-31T15:16:02+02:00,2026-08-31,maandag,15:16,40
zp001,Zutphen,2026-08-31T15:46:02+02:00,2026-08-31,maandag,15:46,42
zp001,Zutphen,2026-08-31T16:01:03+02:00,2026-08-31,maandag,16:01,47
zp001,Zutphen,2026-08-31T16:46:04+02:00,2026-08-31,maandag,16:46,50
zp001,Zutphen,2026-08-31T17:01:02+02:00,2026-08-31,maandag,17:01,56
zp001,Zutphen,2026-08-31T17:16:02+02:00,2026-08-31,maandag,17:16,56
zp001,Zutphen,2026-08-31T17:46:02+02:00,2026-08-31,maandag,17:46,61
zp001,Zutphen,2026-08-31T18:01:02+02:00,2026-08-31,maandag,18:01,63
zp001,Zutphen,2026-08-31T18:16:03+02:00,2026-08-31,maandag,18:16,62
zp001,Zutphen,2026-08-31T18:46:02+02:00,2026-08-31,maandag,18:46,67
zp001,Zutphen,2026-08-31T19:01:03+02:00,2026-08-31,maandag,19:01,67
zp001,Zutphen,2026-08-31T19:16:03+02:00,2026-08-31,maandag,19:16,67
zp001,Zutphen,2026-08-31T19:31:04+02:00,2026-08-31,maandag,19:31,67
zp001,Zutphen,2026-08-31T19:46:03+02:00,2026-08-31,maandag,19:46,67
zp001,Zutphen,2026-08-31T20:16:02+02:00,2026-08-31,maandag,20:16,68
zp001,Zutphen,2026-08-31T20:31:02+02:00,2026-08-31,maandag,20:31,69
zp001,Zutphen,2026-08-31T20:46:03+02:00,2026-08-31,maandag,20:46,70
zp001,Zutphen,2026-08-31T21:01:01+02:00,2026-08-31,maandag,21:01,70
zp001,Zutphen,2026-08-31T21:16:02+02:00,2026-08-31,maandag,21:16,70
zp001,Zutphen,2026-08-31T21:31:02+02:00,2026-08-31,maandag,21:31,71
zp001,Zutphen,2026-08-31T22:01:02+02:00,2026-08-31,maandag,22:01,71
zp001,Zutphen,2026-08-31T22:16:03+02:00,2026-08-31,maandag,22:16,72
zp001,Zutphen,2026-08-31T22:46:02+02:00,2026-08-31,maandag,22:46,72
zp001,Zutphen,2026-08-31T23:01:03+02:00,2026-08-31,maandag,23:01,72
zp001,Zutphen,2026-08-31T23:16:03+02:00,2026-08-31,maandag,23:16,72
zp001,Zutphen,2026-08-31T23:31:02+02:00,2026-08-31,maandag,23:31,72
zp001,Zutphen,2026-08-31T23:46:02+02:00,2026-08-31,maandag,23:46,72
