peilmoment,station_uic,treinen_laag,treinen_middel,treinen_hoog,overig
2026-09-29T15:13:41Z,8400113,6,0,0,0
2026-09-29T15:13:41Z,8400317,6,0,0,0
2026-09-29T15:13:41Z,8400614,8,2,3,0
2026-09-29T15:13:41Z,8400066,7,7,3,0
2026-09-29T15:13:41Z,8400360,5,1,0,0
2026-09-29T15:13:41Z,8400388,2,2,0,0
2026-09-29T15:13:41Z,8400058,29,31,14,0
2026-09-29T15:13:41Z,8400335,8,3,3,0
2026-09-29T15:13:41Z,8400621,24,45,54,0
2026-09-29T15:13:41Z,8400231,3,6,4,0
2026-09-29T15:13:41Z,8400435,14,7,0,0
2026-09-29T15:13:41Z,8400334,14,0,0,0
2026-09-29T15:13:41Z,8400702,18,6,2,0
2026-09-29T15:13:41Z,8400125,4,0,0,0
2026-09-29T15:13:41Z,8400294,3,1,0,0
2026-09-29T15:13:41Z,8400176,16,2,1,0
2026-09-29T15:13:41Z,8400100,2,3,0,0
2026-09-29T15:13:41Z,8400263,2,6,0,0
2026-09-29T15:13:41Z,8400570,0,1,3,0
2026-09-29T15:13:41Z,8400628,3,1,0,0
2026-09-29T15:13:41Z,8400529,22,8,7,0
2026-09-29T15:13:41Z,8400567,3,0,0,0
2026-09-29T15:13:41Z,8400659,2,5,4,0
2026-09-29T15:13:41Z,8400419,5,3,2,0
2026-09-29T15:13:41Z,8400690,2,2,0,0
2026-09-29T15:13:41Z,8400141,7,1,2,0
2026-09-29T15:13:41Z,8400384,6,3,1,0
2026-09-29T15:13:41Z,8400603,2,3,5,0
2026-09-29T15:13:41Z,8400394,9,8,1,0
2026-09-29T15:13:41Z,8400710,8,2,0,0
2026-09-29T15:13:41Z,8400732,5,1,0,0
2026-09-29T15:13:41Z,8400072,3,2,0,0
2026-09-29T15:13:41Z,8400308,4,1,0,0
2026-09-29T15:13:41Z,8400320,4,0,4,0
2026-09-29T15:13:41Z,8400741,8,3,0,0
2026-09-29T15:13:41Z,8400470,22,13,2,0
2026-09-29T15:13:41Z,8400052,17,2,1,0
2026-09-29T15:13:41Z,8400752,9,2,0,0
2026-09-29T15:13:41Z,8400501,3,0,0,0
2026-09-29T15:13:41Z,8400482,0,1,4,0
2026-09-29T15:13:41Z,8400230,14,0,0,0
2026-09-29T15:13:41Z,8400653,12,0,0,0
2026-09-29T15:13:41Z,8400050,23,0,3,0
2026-09-29T15:13:41Z,8400147,4,3,0,0
2026-09-29T15:13:41Z,8400675,3,1,0,0
2026-09-29T15:13:41Z,8400135,8,3,0,0
2026-09-29T15:13:41Z,8400049,5,0,1,0
2026-09-29T15:13:41Z,8400499,2,1,1,0
2026-09-29T15:13:41Z,8400166,1,2,8,0
2026-09-29T15:13:41Z,8400517,2,0,0,0
2026-09-29T15:13:41Z,8400466,2,2,0,0
2026-09-29T15:13:41Z,8400380,9,19,17,0
2026-09-29T15:13:41Z,8400450,7,3,2,0
2026-09-29T15:13:41Z,8400495,11,10,1,0
2026-09-29T15:13:41Z,8400051,10,6,0,0
2026-09-29T15:13:41Z,8400305,15,0,1,0
2026-09-29T15:13:41Z,8400387,6,2,1,0
2026-09-29T15:13:41Z,8400129,1,4,4,0
2026-09-29T15:13:41Z,8400520,5,1,0,0
2026-09-29T15:13:41Z,8400379,7,4,0,0
2026-09-29T15:13:41Z,8400531,6,1,0,0
2026-09-29T15:13:41Z,8400226,9,0,0,0
2026-09-29T15:13:41Z,8400163,5,1,4,0
2026-09-29T15:13:41Z,8400073,6,8,1,0
2026-09-29T15:13:41Z,8400607,7,5,7,0
2026-09-29T15:13:41Z,8400127,14,0,0,0
2026-09-29T15:13:41Z,8400606,13,4,7,0
2026-09-29T15:13:41Z,8400436,18,0,0,0
2026-09-29T15:13:41Z,8400047,6,3,4,0
2026-09-29T15:13:41Z,8400336,16,0,0,0
2026-09-29T15:13:41Z,8400112,3,2,4,0
2026-09-29T15:13:41Z,8400206,30,14,8,0
2026-09-29T15:13:41Z,8400640,3,2,0,0
2026-09-29T15:13:41Z,8400071,28,18,2,0
2026-09-29T15:13:41Z,8400332,7,3,5,0
2026-09-29T15:13:41Z,8400460,2,1,7,0
2026-09-29T15:13:41Z,8400623,5,4,5,0
2026-09-29T15:13:41Z,8400086,4,1,0,0
2026-09-29T15:13:41Z,8400114,1,2,4,0
2026-09-29T15:13:41Z,8400266,5,0,1,0
2026-09-29T15:13:41Z,8400684,23,4,0,0
2026-09-29T15:13:41Z,8400733,1,0,0,0
2026-09-29T15:13:41Z,8400065,14,0,0,0
2026-09-29T15:13:41Z,8400170,23,18,11,0
2026-09-29T15:13:41Z,8400740,8,3,0,0
2026-09-29T15:13:41Z,8400667,2,2,0,0
2026-09-29T15:13:41Z,8400600,8,0,0,0
2026-09-29T15:13:41Z,8400057,9,27,14,0
2026-09-29T15:13:41Z,8400651,8,4,1,0
2026-09-29T15:13:41Z,8400118,3,3,0,0
2026-09-29T15:13:41Z,8400599,4,2,0,0
2026-09-29T15:13:41Z,8400253,18,0,0,0
2026-09-29T15:13:41Z,8400390,15,28,19,0
2026-09-29T15:13:41Z,8400480,6,0,0,0
2026-09-29T15:13:41Z,8400506,3,1,0,0
2026-09-29T15:13:41Z,8400526,21,2,0,0
2026-09-29T15:13:41Z,8400311,6,0,0,0
2026-09-29T15:13:41Z,8400731,18,11,12,0
2026-09-29T15:13:41Z,8400080,14,5,5,0
2026-09-29T15:13:41Z,8400090,7,4,0,0
2026-09-29T15:13:41Z,8400207,9,3,1,0
2026-09-29T15:13:41Z,8400055,13,18,11,0
2026-09-29T15:13:41Z,8400081,12,1,0,0
2026-09-29T15:13:41Z,8400544,3,3,0,0
2026-09-29T15:13:41Z,8400079,2,7,2,0
2026-09-29T15:13:41Z,8400598,3,3,2,0
2026-09-29T15:13:41Z,8400644,7,0,0,0
2026-09-29T15:13:41Z,8400165,0,2,4,0
2026-09-29T15:13:41Z,8400685,5,5,6,0
2026-09-29T15:13:41Z,8400737,2,0,0,0
2026-09-29T15:13:41Z,8400297,3,2,1,0
2026-09-29T15:13:41Z,8400180,26,4,0,0
2026-09-29T15:13:41Z,8400108,18,0,0,0
2026-09-29T15:13:41Z,8400569,3,0,0,0
2026-09-29T15:13:41Z,8400082,8,4,0,0
2026-09-29T15:13:41Z,8400594,2,6,3,0
2026-09-29T15:13:41Z,8400367,12,0,0,0
2026-09-29T15:13:41Z,8400185,4,1,1,0
2026-09-29T15:13:41Z,8400132,8,0,0,0
2026-09-29T15:13:41Z,8400242,2,1,1,0
2026-09-29T15:13:41Z,8400183,4,2,0,0
2026-09-29T15:13:41Z,8400530,33,17,14,0
2026-09-29T15:13:41Z,8400469,2,3,0,0
2026-09-29T15:13:41Z,8400507,4,6,2,0
2026-09-29T15:13:41Z,8400056,2,5,3,0
2026-09-29T15:13:41Z,8400074,3,22,18,0
2026-09-29T15:13:41Z,8400313,16,1,1,0
2026-09-29T15:13:41Z,8400245,3,2,0,0
2026-09-29T15:13:41Z,8400216,3,1,0,0
2026-09-29T15:13:41Z,8400235,0,1,5,0
2026-09-29T15:13:41Z,8400627,4,0,0,0
2026-09-29T15:13:41Z,8400339,14,0,0,0
2026-09-29T15:13:41Z,8400196,1,4,4,0
2026-09-29T15:13:41Z,8400212,4,4,0,0
2026-09-29T15:13:41Z,8400221,2,4,0,0
2026-09-29T15:13:41Z,8400059,44,22,20,0
2026-09-29T15:13:41Z,8400486,11,2,0,0
2026-09-29T15:13:41Z,8400691,4,2,0,0
2026-09-29T15:13:41Z,8400637,5,2,1,0
2026-09-29T15:13:41Z,8400424,2,4,0,0
2026-09-29T15:13:41Z,8400711,9,4,0,0
2026-09-29T15:13:41Z,8400126,4,0,0,0
2026-09-29T15:13:41Z,8400124,2,4,0,0
2026-09-29T15:13:41Z,8400370,12,0,0,0
2026-09-29T15:13:41Z,8400133,8,4,3,0
2026-09-29T15:13:41Z,8400655,2,0,1,0
2026-09-29T15:13:41Z,8400542,6,3,2,0
2026-09-29T15:13:41Z,8400279,3,5,3,0
2026-09-29T15:13:41Z,8400498,2,0,0,0
2026-09-29T15:13:41Z,8400354,12,0,0,0
2026-09-29T15:13:41Z,8400523,22,3,0,0
2026-09-29T15:13:41Z,8400285,13,12,0,0
2026-09-29T15:13:41Z,8400417,2,2,0,0
2026-09-29T15:13:41Z,8400674,4,0,0,0
2026-09-29T15:13:41Z,8400475,10,3,0,0
2026-09-29T15:13:41Z,8400543,4,2,0,0
2026-09-29T15:13:41Z,8400075,3,2,0,0
2026-09-29T15:13:41Z,8400613,6,2,2,0
2026-09-29T15:13:41Z,8400549,14,0,0,0
2026-09-29T15:13:41Z,8400309,14,3,1,0
2026-09-29T15:13:41Z,8400154,12,1,1,0
2026-09-29T15:13:41Z,8400496,4,4,0,0
2026-09-29T15:13:41Z,8400322,6,10,4,0
2026-09-29T15:13:41Z,8400508,2,3,0,0
2026-09-29T15:13:41Z,8400328,5,1,0,0
2026-09-29T15:13:41Z,8400363,6,4,3,0
2026-09-29T15:13:41Z,8400278,3,4,4,0
2026-09-29T15:13:41Z,8400368,13,0,0,0
2026-09-29T15:13:41Z,8400218,13,1,0,0
2026-09-29T15:13:41Z,8400282,15,12,9,0
2026-09-29T15:13:41Z,8400382,10,0,0,0
2026-09-29T15:13:41Z,8400400,1,7,1,0
2026-09-29T15:13:41Z,8400069,12,0,0,0
2026-09-29T15:13:41Z,8400270,5,3,1,0
2026-09-29T15:13:41Z,8400533,6,1,4,0
2026-09-29T15:13:41Z,8400251,3,3,2,0
2026-09-29T15:13:41Z,8400707,12,1,0,0
2026-09-29T15:13:41Z,8400173,21,8,1,0
2026-09-29T15:13:41Z,8400238,3,2,1,0
2026-09-29T15:13:41Z,8400194,7,14,13,0
2026-09-29T15:13:41Z,8400337,20,1,0,0
2026-09-29T15:13:41Z,8400340,7,2,5,0
2026-09-29T15:13:41Z,8400121,7,2,1,0
2026-09-29T15:13:41Z,8400364,8,5,0,0
2026-09-29T15:13:41Z,8400652,9,0,0,0
2026-09-29T15:13:41Z,8400054,8,2,2,0
2026-09-29T15:13:41Z,8400306,18,1,1,0
2026-09-29T15:13:41Z,8400489,2,0,0,0
2026-09-29T15:13:41Z,8400747,11,20,5,0
2026-09-29T15:13:41Z,8400452,3,2,3,0
2026-09-29T15:13:41Z,8400227,10,3,0,0
2026-09-29T15:13:41Z,8400728,2,0,2,0
2026-09-29T15:13:41Z,8400519,5,0,0,0
2026-09-29T15:13:41Z,8400455,5,2,0,0
2026-09-29T15:13:41Z,8400324,2,1,3,0
2026-09-29T15:13:41Z,8400509,2,2,0,0
2026-09-29T15:13:41Z,8400172,15,1,0,0
2026-09-29T15:13:41Z,8400179,1,3,3,0
2026-09-29T15:13:41Z,8400451,9,3,1,0
2026-09-29T15:13:41Z,8400229,3,3,0,0
2026-09-29T15:13:41Z,8400145,2,2,2,0
2026-09-29T15:13:41Z,8400131,18,10,5,0
2026-09-29T15:13:41Z,8400061,8,30,22,0
2026-09-29T15:13:41Z,8400620,1,4,6,0
2026-09-29T15:13:41Z,8400553,25,13,7,0
2026-09-29T15:13:41Z,8400280,21,19,12,0
2026-09-29T15:13:41Z,8400299,4,0,0,0
2026-09-29T15:13:41Z,8400257,14,3,0,0
2026-09-29T15:13:41Z,8400524,4,1,3,0
2026-09-29T15:13:41Z,8400515,4,4,0,0
2026-09-29T15:13:41Z,8400538,5,1,0,0
2026-09-29T15:13:41Z,8400327,0,1,1,0
2026-09-29T15:13:41Z,8400104,7,3,0,0
2026-09-29T15:13:41Z,8400200,13,11,5,0
2026-09-29T15:13:41Z,8400060,2,12,5,0
2026-09-29T15:13:41Z,8400319,32,21,13,0
2026-09-29T15:13:41Z,8400198,6,0,0,0
2026-09-29T15:13:41Z,8400704,2,0,0,0
2026-09-29T15:13:41Z,8400705,5,0,1,0
2026-09-29T15:13:41Z,8400182,9,5,5,0
2026-09-29T15:13:41Z,8400307,6,0,0,0
2026-09-29T15:13:41Z,8400330,4,1,0,0
2026-09-29T15:13:41Z,8400316,10,6,0,0
2026-09-29T15:13:41Z,8400300,2,2,0,0
2026-09-29T15:13:41Z,8400561,22,21,24,0
2026-09-29T15:13:41Z,8400210,7,0,0,0
2026-09-29T15:13:41Z,8400303,14,0,0,0
2026-09-29T15:13:41Z,8400181,9,1,0,0
2026-09-29T15:13:41Z,8400564,21,4,0,0
2026-09-29T15:13:41Z,8400615,12,0,0,0
2026-09-29T15:13:41Z,8400151,24,4,2,0
2026-09-29T15:13:41Z,8400597,11,16,7,0
2026-09-29T15:13:41Z,8400053,8,4,0,0
2026-09-29T15:13:41Z,8400505,2,4,5,0
2026-09-29T15:13:41Z,8400329,3,0,0,0
2026-09-29T15:13:41Z,8400244,12,2,0,0
2026-09-29T15:13:41Z,8400136,5,0,0,0
2026-09-29T15:13:41Z,8400477,10,3,0,0
2026-09-29T15:13:41Z,8400117,14,0,0,0
2026-09-29T15:13:41Z,8400578,14,2,0,0
2026-09-29T15:13:41Z,8400677,3,1,0,0
2026-09-29T15:13:41Z,8400521,12,0,0,0
2026-09-29T15:13:41Z,8400571,3,0,0,0
2026-09-29T15:13:41Z,8400188,3,4,4,0
2026-09-29T15:13:41Z,8400596,3,0,0,0
2026-09-29T15:13:41Z,8400258,23,15,8,0
2026-09-29T15:13:41Z,8400744,15,2,0,0
2026-09-29T15:13:41Z,8400432,5,0,0,0
2026-09-29T15:13:41Z,8400302,10,8,0,0
2026-09-29T15:13:41Z,8400228,4,1,1,0
2026-09-29T15:13:41Z,8400658,9,2,0,0
