peilmoment,systeem_id,aanbieder,plaats,soort,voertuigtype,beschikbaar,gereserveerd,defect,mediaan_bereik_km,stations,stations_verhuur,vrije_plekken
2026-10-01T00:05:26Z,check_almere,Check Technologies,Almere,los,moped/electric,74,0,11,33,,,
2026-10-01T00:05:26Z,check_amersfoort,Check Technologies,Amersfoort,los,moped/electric,192,0,14,31.5,,,
2026-10-01T00:05:26Z,check_amstelveen,Check Technologies,Amstelveen,los,moped/electric,101,0,2,56.7,,,
2026-10-01T00:05:26Z,check_amsterdam,Check Technologies,Amsterdam,los,moped/electric,726,10,59,52.2,,,
2026-10-01T00:05:26Z,check_breda,Check Technologies,Breda,los,bicycle/electric_assist,190,1,12,33.6,,,
2026-10-01T00:05:26Z,check_breda,Check Technologies,Breda,los,moped/electric,254,0,29,27.6,,,
2026-10-01T00:05:26Z,check_delft,Check Technologies,Delft,los,moped/electric,74,2,16,28.2,,,
2026-10-01T00:05:26Z,check_denhaag,Check Technologies,Den Haag,los,moped/electric,551,1,70,34.2,,,
2026-10-01T00:05:26Z,check_diemen,Check Technologies,Diemen,los,moped/electric,11,0,5,32.4,,,
2026-10-01T00:05:26Z,check_groningen,Check Technologies,Groningen,los,moped/electric,363,0,42,37.8,,,
2026-10-01T00:05:26Z,check_haarlem,Check Technologies,Haarlem,los,moped/electric,95,0,5,61.2,,,
2026-10-01T00:05:26Z,check_hilversum,Check Technologies,Hilversum,los,moped/electric,72,1,12,30.6,,,
2026-10-01T00:05:26Z,check_leeuwarden,Check Technologies,Leeuwarden,los,moped/electric,98,0,15,30.6,,,
2026-10-01T00:05:26Z,check_rijswijk,Check Technologies,Rijswijk,los,moped/electric,41,0,9,40.2,,,
2026-10-01T00:05:26Z,check_rotterdam,Check Technologies,Rotterdam,los,bicycle/electric_assist,604,2,44,36.6,,,
2026-10-01T00:05:26Z,check_rotterdam,Check Technologies,Rotterdam,los,moped/electric,1131,2,126,52.2,,,
2026-10-01T00:05:26Z,check_schiedam,Check Technologies,Schiedam,los,bicycle/electric_assist,46,0,14,24.299999999999997,,,
2026-10-01T00:05:26Z,check_schiedam,Check Technologies,Schiedam,los,moped/electric,151,0,28,43.2,,,
2026-10-01T00:05:26Z,check_tilburg,Check Technologies,Tilburg,los,bicycle/electric_assist,210,0,31,27.6,,,
2026-10-01T00:05:26Z,check_tilburg,Check Technologies,Tilburg,los,moped/electric,114,0,15,28.8,,,
2026-10-01T00:05:26Z,check_zaandam,Check Technologies,Zaandam,los,moped/electric,23,0,1,54,,,
2026-10-01T00:05:26Z,check_voorburg,Check Voorburg,Voorburg,los,moped/electric,67,0,14,25.8,,,
2026-10-01T00:05:26Z,CKL,Cykl,Wageningen,los,bicycle/human,27,0,0,,,,
2026-10-01T00:05:26Z,CKL,Cykl,Wageningen,station,,27,,,,14,14,71
2026-10-01T00:05:26Z,donkey_am,Donkey Republic Amsterdam,Amsterdam,station,,230,,,,33,31,186
2026-10-01T00:05:26Z,donkey_den_haag,Donkey Republic Den Haag,Den Haag,los,bicycle/human,33,0,0,,,,
2026-10-01T00:05:26Z,donkey_den_haag,Donkey Republic Den Haag,Den Haag,station,,899,,,,698,698,3116
2026-10-01T00:05:26Z,donkey_dordrecht,Donkey Republic Dordrecht,Dordrecht,los,bicycle/human,31,0,0,,,,
2026-10-01T00:05:26Z,donkey_dordrecht,Donkey Republic Dordrecht,Dordrecht,station,,389,,,,202,202,1074
2026-10-01T00:05:26Z,donkey_gorinchem,Donkey Republic Gorinchem,Gorinchem,los,bicycle/human,31,0,0,,,,
2026-10-01T00:05:26Z,donkey_gorinchem,Donkey Republic Gorinchem,Gorinchem,station,,597,,,,323,322,1667
2026-10-01T00:05:26Z,donkey_katwijk,Donkey Republic Katwijk,Katwijk,los,bicycle/human,34,0,0,,,,
2026-10-01T00:05:26Z,donkey_katwijk,Donkey Republic Katwijk,Katwijk,station,,346,,,,427,427,1645
2026-10-01T00:05:26Z,donkey_qbuzz,Donkey Republic Qbuzz,Dordrecht,los,bicycle/human,31,0,0,,,,
2026-10-01T00:05:26Z,donkey_qbuzz,Donkey Republic Qbuzz,Dordrecht,station,,389,,,,202,202,1074
2026-10-01T00:05:26Z,donkey_rivierenland,Donkey Republic Rivierenland,Rivierenland,los,bicycle/human,4,0,0,,,,
2026-10-01T00:05:26Z,donkey_rivierenland,Donkey Republic Rivierenland,Rivierenland,station,,19,,,,3,3,37
2026-10-01T00:05:26Z,donkey_rt,Donkey Republic Rotterdam,Rotterdam,station,,0,,,,3,3,20
2026-10-01T00:05:26Z,donkey_rotterdam_den_haag,Donkey Republic Rotterdam/Den Haag,Rotterdam/Den Haag,station,,0,,,,3,3,20
2026-10-01T00:05:26Z,donkey_ut,Donkey Republic Utrecht,Utrecht,station,,0,,,,25,25,171
2026-10-01T00:05:26Z,donkey_utrechtse_heuvelrug,Donkey Republic Utrechtse Heuvelrug,Utrechtse Heuvelrug,station,,0,,,,0,0,0
2026-10-01T00:05:26Z,cooltra_amsterdam,Felyx Amsterdam,Amsterdam,los,moped/electric,638,1,142,21.6,,,
2026-10-01T00:05:26Z,cooltra_delft,Felyx Delft,Delft,los,moped/electric,87,0,27,33.6,,,
2026-10-01T00:05:26Z,cooltra_eindhoven,Felyx Eindhoven,Eindhoven,los,moped/electric,276,0,27,37.296,,,
2026-10-01T00:05:26Z,cooltra_haarlem,Felyx Haarlem,Haarlem,los,moped/electric,92,0,57,26.4,,,
2026-10-01T00:05:26Z,cooltra_nijmegen,Felyx Nijmegen,Nijmegen,los,bicycle/electric_assist,231,0,35,46.8,,,
2026-10-01T00:05:26Z,cooltra_rotterdam,Felyx Rotterdam,Rotterdam,los,bicycle/electric_assist,1001,0,141,38.4,,,
2026-10-01T00:05:26Z,cooltra_rotterdam,Felyx Rotterdam,Rotterdam,los,moped/electric,700,1,547,37.3265,,,
2026-10-01T00:05:26Z,cooltra_the_hague,Felyx The Hague,The Hague,los,moped/electric,434,0,114,40,,,
2026-10-01T00:05:26Z,goabout,GoAbout,Netherlands,station,,70,,,,44,44,0
2026-10-01T00:05:26Z,ns_ov_fiets,NS OV Fiets,Netherlands,station,,13452,,,,284,284,284
2026-10-01T01:05:27Z,check_almere,Check Technologies,Almere,los,moped/electric,72,0,12,32.4,,,
2026-10-01T01:05:27Z,check_amersfoort,Check Technologies,Amersfoort,los,moped/electric,192,0,14,31.5,,,
2026-10-01T01:05:27Z,check_amstelveen,Check Technologies,Amstelveen,los,moped/electric,102,0,2,56.7,,,
2026-10-01T01:05:27Z,check_amsterdam,Check Technologies,Amsterdam,los,moped/electric,734,5,56,52.2,,,
2026-10-01T01:05:27Z,check_breda,Check Technologies,Breda,los,bicycle/electric_assist,191,0,12,33.6,,,
2026-10-01T01:05:27Z,check_breda,Check Technologies,Breda,los,moped/electric,255,0,29,27.3,,,
2026-10-01T01:05:27Z,check_delft,Check Technologies,Delft,los,moped/electric,75,0,16,27.6,,,
2026-10-01T01:05:27Z,check_denhaag,Check Technologies,Den Haag,los,moped/electric,561,0,61,33.6,,,
2026-10-01T01:05:27Z,check_diemen,Check Technologies,Diemen,los,moped/electric,11,0,5,32.4,,,
2026-10-01T01:05:27Z,check_groningen,Check Technologies,Groningen,los,moped/electric,363,0,42,37.2,,,
2026-10-01T01:05:27Z,check_haarlem,Check Technologies,Haarlem,los,moped/electric,95,0,5,61.2,,,
2026-10-01T01:05:27Z,check_hilversum,Check Technologies,Hilversum,los,moped/electric,73,0,12,30.6,,,
2026-10-01T01:05:27Z,check_leeuwarden,Check Technologies,Leeuwarden,los,moped/electric,98,0,15,30,,,
2026-10-01T01:05:27Z,check_rijswijk,Check Technologies,Rijswijk,los,moped/electric,43,0,9,40.2,,,
2026-10-01T01:05:27Z,check_rotterdam,Check Technologies,Rotterdam,los,bicycle/electric_assist,600,0,47,36,,,
2026-10-01T01:05:27Z,check_rotterdam,Check Technologies,Rotterdam,los,moped/electric,1130,1,127,51.75,,,
2026-10-01T01:05:27Z,check_schiedam,Check Technologies,Schiedam,los,bicycle/electric_assist,46,0,14,24,,,
2026-10-01T01:05:27Z,check_schiedam,Check Technologies,Schiedam,los,moped/electric,150,0,29,44.1,,,
2026-10-01T01:05:27Z,check_tilburg,Check Technologies,Tilburg,los,moped/electric,114,0,15,28.8,,,
2026-10-01T01:05:27Z,check_tilburg,Check Technologies,Tilburg,los,bicycle/electric_assist,209,0,31,27.6,,,
2026-10-01T01:05:27Z,check_zaandam,Check Technologies,Zaandam,los,moped/electric,23,0,1,54,,,
2026-10-01T01:05:27Z,check_voorburg,Check Voorburg,Voorburg,los,moped/electric,66,0,14,26.1,,,
2026-10-01T01:05:27Z,CKL,Cykl,Wageningen,los,bicycle/human,27,0,0,,,,
2026-10-01T01:05:27Z,CKL,Cykl,Wageningen,station,,27,,,,14,14,71
2026-10-01T01:05:27Z,donkey_am,Donkey Republic Amsterdam,Amsterdam,station,,226,,,,33,31,188
2026-10-01T01:05:27Z,donkey_den_haag,Donkey Republic Den Haag,Den Haag,los,bicycle/human,33,0,0,,,,
2026-10-01T01:05:27Z,donkey_den_haag,Donkey Republic Den Haag,Den Haag,station,,900,,,,698,698,3116
2026-10-01T01:05:27Z,donkey_dordrecht,Donkey Republic Dordrecht,Dordrecht,los,bicycle/human,31,0,0,,,,
2026-10-01T01:05:27Z,donkey_dordrecht,Donkey Republic Dordrecht,Dordrecht,station,,388,,,,202,202,1074
2026-10-01T01:05:27Z,donkey_gorinchem,Donkey Republic Gorinchem,Gorinchem,los,bicycle/human,31,0,0,,,,
2026-10-01T01:05:27Z,donkey_gorinchem,Donkey Republic Gorinchem,Gorinchem,station,,596,,,,323,322,1667
2026-10-01T01:05:27Z,donkey_katwijk,Donkey Republic Katwijk,Katwijk,los,bicycle/human,34,0,0,,,,
2026-10-01T01:05:27Z,donkey_katwijk,Donkey Republic Katwijk,Katwijk,station,,346,,,,427,427,1645
2026-10-01T01:05:27Z,donkey_qbuzz,Donkey Republic Qbuzz,Dordrecht,los,bicycle/human,31,0,0,,,,
2026-10-01T01:05:27Z,donkey_qbuzz,Donkey Republic Qbuzz,Dordrecht,station,,388,,,,202,202,1074
2026-10-01T01:05:27Z,donkey_rivierenland,Donkey Republic Rivierenland,Rivierenland,los,bicycle/human,4,0,0,,,,
2026-10-01T01:05:27Z,donkey_rivierenland,Donkey Republic Rivierenland,Rivierenland,station,,19,,,,3,3,37
2026-10-01T01:05:27Z,donkey_rt,Donkey Republic Rotterdam,Rotterdam,station,,0,,,,3,3,20
2026-10-01T01:05:27Z,donkey_rotterdam_den_haag,Donkey Republic Rotterdam/Den Haag,Rotterdam/Den Haag,station,,0,,,,3,3,20
2026-10-01T01:05:27Z,donkey_ut,Donkey Republic Utrecht,Utrecht,station,,0,,,,25,25,171
2026-10-01T01:05:27Z,donkey_utrechtse_heuvelrug,Donkey Republic Utrechtse Heuvelrug,Utrechtse Heuvelrug,station,,0,,,,0,0,0
2026-10-01T01:05:27Z,cooltra_amsterdam,Felyx Amsterdam,Amsterdam,los,moped/electric,631,5,145,21.6,,,
2026-10-01T01:05:27Z,cooltra_delft,Felyx Delft,Delft,los,moped/electric,87,0,27,33.6,,,
2026-10-01T01:05:27Z,cooltra_eindhoven,Felyx Eindhoven,Eindhoven,los,moped/electric,275,0,28,37.296,,,
2026-10-01T01:05:27Z,cooltra_haarlem,Felyx Haarlem,Haarlem,los,moped/electric,91,0,58,26.4,,,
2026-10-01T01:05:27Z,cooltra_nijmegen,Felyx Nijmegen,Nijmegen,los,bicycle/electric_assist,232,0,34,46.400000000000006,,,
2026-10-01T01:05:27Z,cooltra_rotterdam,Felyx Rotterdam,Rotterdam,los,bicycle/electric_assist,1013,0,129,39.2,,,
2026-10-01T01:05:27Z,cooltra_rotterdam,Felyx Rotterdam,Rotterdam,los,moped/electric,715,1,532,37.3265,,,
2026-10-01T01:05:27Z,cooltra_the_hague,Felyx The Hague,The Hague,los,moped/electric,433,0,115,40,,,
2026-10-01T01:05:27Z,goabout,GoAbout,Netherlands,station,,70,,,,44,44,0
2026-10-01T01:05:27Z,ns_ov_fiets,NS OV Fiets,Netherlands,station,,13452,,,,284,284,284
2026-10-01T02:05:29Z,check_almere,Check Technologies,Almere,los,moped/electric,73,0,12,32.4,,,
2026-10-01T02:05:29Z,check_amersfoort,Check Technologies,Amersfoort,los,moped/electric,192,0,14,31.5,,,
2026-10-01T02:05:29Z,check_amstelveen,Check Technologies,Amstelveen,los,moped/electric,104,0,2,57.6,,,
2026-10-01T02:05:29Z,check_amsterdam,Check Technologies,Amsterdam,los,moped/electric,733,3,57,52.2,,,
2026-10-01T02:05:29Z,check_breda,Check Technologies,Breda,los,moped/electric,256,0,29,27.6,,,
2026-10-01T02:05:29Z,check_breda,Check Technologies,Breda,los,bicycle/electric_assist,190,0,13,33,,,
2026-10-01T02:05:29Z,check_delft,Check Technologies,Delft,los,moped/electric,75,0,16,27.6,,,
2026-10-01T02:05:29Z,check_denhaag,Check Technologies,Den Haag,los,moped/electric,560,0,62,33.6,,,
2026-10-01T02:05:29Z,check_diemen,Check Technologies,Diemen,los,moped/electric,14,0,5,32.4,,,
2026-10-01T02:05:29Z,check_groningen,Check Technologies,Groningen,los,moped/electric,364,0,41,37.2,,,
2026-10-01T02:05:29Z,check_haarlem,Check Technologies,Haarlem,los,moped/electric,95,0,5,61.2,,,
2026-10-01T02:05:29Z,check_hilversum,Check Technologies,Hilversum,los,moped/electric,73,0,12,30.6,,,
2026-10-01T02:05:29Z,check_leeuwarden,Check Technologies,Leeuwarden,los,moped/electric,97,1,15,30,,,
2026-10-01T02:05:29Z,check_rijswijk,Check Technologies,Rijswijk,los,moped/electric,43,0,9,40.2,,,
2026-10-01T02:05:29Z,check_rotterdam,Check Technologies,Rotterdam,los,moped/electric,1131,2,127,51.75,,,
2026-10-01T02:05:29Z,check_rotterdam,Check Technologies,Rotterdam,los,bicycle/electric_assist,600,2,47,36.6,,,
2026-10-01T02:05:29Z,check_schiedam,Check Technologies,Schiedam,los,moped/electric,149,0,29,43.650000000000006,,,
2026-10-01T02:05:29Z,check_schiedam,Check Technologies,Schiedam,los,bicycle/electric_assist,46,0,14,24,,,
2026-10-01T02:05:29Z,check_tilburg,Check Technologies,Tilburg,los,moped/electric,114,0,15,28.8,,,
2026-10-01T02:05:29Z,check_tilburg,Check Technologies,Tilburg,los,bicycle/electric_assist,207,0,32,27.6,,,
2026-10-01T02:05:29Z,check_zaandam,Check Technologies,Zaandam,los,moped/electric,23,0,1,54,,,
2026-10-01T02:05:29Z,check_voorburg,Check Voorburg,Voorburg,los,moped/electric,66,0,14,26.4,,,
2026-10-01T02:05:29Z,CKL,Cykl,Wageningen,los,bicycle/human,27,0,0,,,,
2026-10-01T02:05:29Z,CKL,Cykl,Wageningen,station,,27,,,,14,14,71
2026-10-01T02:05:29Z,donkey_am,Donkey Republic Amsterdam,Amsterdam,station,,230,,,,33,31,187
2026-10-01T02:05:29Z,donkey_den_haag,Donkey Republic Den Haag,Den Haag,los,bicycle/human,35,0,0,,,,
2026-10-01T02:05:29Z,donkey_den_haag,Donkey Republic Den Haag,Den Haag,station,,902,,,,698,698,3114
2026-10-01T02:05:29Z,donkey_dordrecht,Donkey Republic Dordrecht,Dordrecht,los,bicycle/human,31,0,0,,,,
2026-10-01T02:05:29Z,donkey_dordrecht,Donkey Republic Dordrecht,Dordrecht,station,,388,,,,202,202,1074
2026-10-01T02:05:29Z,donkey_gorinchem,Donkey Republic Gorinchem,Gorinchem,los,bicycle/human,31,0,0,,,,
2026-10-01T02:05:29Z,donkey_gorinchem,Donkey Republic Gorinchem,Gorinchem,station,,596,,,,323,322,1667
2026-10-01T02:05:29Z,donkey_katwijk,Donkey Republic Katwijk,Katwijk,los,bicycle/human,36,0,0,,,,
2026-10-01T02:05:29Z,donkey_katwijk,Donkey Republic Katwijk,Katwijk,station,,345,,,,427,427,1646
2026-10-01T02:05:29Z,donkey_qbuzz,Donkey Republic Qbuzz,Dordrecht,los,bicycle/human,31,0,0,,,,
2026-10-01T02:05:29Z,donkey_qbuzz,Donkey Republic Qbuzz,Dordrecht,station,,388,,,,202,202,1074
2026-10-01T02:05:29Z,donkey_rivierenland,Donkey Republic Rivierenland,Rivierenland,los,bicycle/human,4,0,0,,,,
2026-10-01T02:05:29Z,donkey_rivierenland,Donkey Republic Rivierenland,Rivierenland,station,,19,,,,3,3,37
2026-10-01T02:05:29Z,donkey_rt,Donkey Republic Rotterdam,Rotterdam,station,,0,,,,3,3,20
2026-10-01T02:05:29Z,donkey_rotterdam_den_haag,Donkey Republic Rotterdam/Den Haag,Rotterdam/Den Haag,station,,0,,,,3,3,20
2026-10-01T02:05:29Z,donkey_ut,Donkey Republic Utrecht,Utrecht,station,,0,,,,25,25,171
2026-10-01T02:05:29Z,donkey_utrechtse_heuvelrug,Donkey Republic Utrechtse Heuvelrug,Utrechtse Heuvelrug,station,,0,,,,0,0,0
2026-10-01T02:05:29Z,cooltra_amsterdam,Felyx Amsterdam,Amsterdam,los,moped/electric,633,2,146,21.6,,,
2026-10-01T02:05:29Z,cooltra_delft,Felyx Delft,Delft,los,moped/electric,86,0,28,33.6,,,
2026-10-01T02:05:29Z,cooltra_eindhoven,Felyx Eindhoven,Eindhoven,los,moped/electric,274,0,29,37.296,,,
2026-10-01T02:05:29Z,cooltra_haarlem,Felyx Haarlem,Haarlem,los,moped/electric,90,0,59,26.4,,,
2026-10-01T02:05:29Z,cooltra_nijmegen,Felyx Nijmegen,Nijmegen,los,bicycle/electric_assist,230,0,36,46,,,
2026-10-01T02:05:29Z,cooltra_rotterdam,Felyx Rotterdam,Rotterdam,los,moped/electric,720,2,526,37.3265,,,
2026-10-01T02:05:29Z,cooltra_rotterdam,Felyx Rotterdam,Rotterdam,los,bicycle/electric_assist,1020,0,123,39.2,,,
2026-10-01T02:05:29Z,cooltra_the_hague,Felyx The Hague,The Hague,los,moped/electric,429,1,118,40,,,
2026-10-01T02:05:29Z,goabout,GoAbout,Netherlands,station,,70,,,,44,44,0
2026-10-01T02:05:29Z,ns_ov_fiets,NS OV Fiets,Netherlands,station,,13452,,,,284,284,284
2026-10-01T03:05:27Z,check_almere,Check Technologies,Almere,los,moped/electric,74,0,12,32.4,,,
2026-10-01T03:05:27Z,check_amersfoort,Check Technologies,Amersfoort,los,moped/electric,192,0,14,31.5,,,
2026-10-01T03:05:27Z,check_amstelveen,Check Technologies,Amstelveen,los,moped/electric,103,0,3,57.6,,,
2026-10-01T03:05:27Z,check_amsterdam,Check Technologies,Amsterdam,los,moped/electric,729,1,58,51.75,,,
2026-10-01T03:05:27Z,check_breda,Check Technologies,Breda,los,moped/electric,253,2,30,27.6,,,
2026-10-01T03:05:27Z,check_breda,Check Technologies,Breda,los,bicycle/electric_assist,191,0,13,33.3,,,
2026-10-01T03:05:27Z,check_delft,Check Technologies,Delft,los,moped/electric,75,0,16,27.6,,,
2026-10-01T03:05:27Z,check_denhaag,Check Technologies,Den Haag,los,moped/electric,560,1,62,33.6,,,
2026-10-01T03:05:27Z,check_diemen,Check Technologies,Diemen,los,moped/electric,14,0,5,32.4,,,
2026-10-01T03:05:27Z,check_groningen,Check Technologies,Groningen,los,moped/electric,364,0,41,37.2,,,
2026-10-01T03:05:27Z,check_haarlem,Check Technologies,Haarlem,los,moped/electric,95,0,5,61.2,,,
2026-10-01T03:05:27Z,check_hilversum,Check Technologies,Hilversum,los,moped/electric,72,1,12,30,,,
2026-10-01T03:05:27Z,check_leeuwarden,Check Technologies,Leeuwarden,los,moped/electric,98,0,15,30,,,
2026-10-01T03:05:27Z,check_rijswijk,Check Technologies,Rijswijk,los,moped/electric,43,0,9,40.2,,,
2026-10-01T03:05:27Z,check_rotterdam,Check Technologies,Rotterdam,los,moped/electric,1131,1,128,51.75,,,
2026-10-01T03:05:27Z,check_rotterdam,Check Technologies,Rotterdam,los,bicycle/electric_assist,601,0,49,36,,,
2026-10-01T03:05:27Z,check_schiedam,Check Technologies,Schiedam,los,moped/electric,148,0,29,43.2,,,
2026-10-01T03:05:27Z,check_schiedam,Check Technologies,Schiedam,los,bicycle/electric_assist,46,0,14,24,,,
2026-10-01T03:05:27Z,check_tilburg,Check Technologies,Tilburg,los,moped/electric,114,0,15,28.8,,,
2026-10-01T03:05:27Z,check_tilburg,Check Technologies,Tilburg,los,bicycle/electric_assist,206,0,34,27.3,,,
2026-10-01T03:05:27Z,check_zaandam,Check Technologies,Zaandam,los,moped/electric,23,0,1,54,,,
2026-10-01T03:05:27Z,check_voorburg,Check Voorburg,Voorburg,los,moped/electric,66,0,14,26.1,,,
2026-10-01T03:05:27Z,CKL,Cykl,Wageningen,los,bicycle/human,27,0,0,,,,
2026-10-01T03:05:27Z,CKL,Cykl,Wageningen,station,,27,,,,14,14,71
2026-10-01T03:05:27Z,donkey_am,Donkey Republic Amsterdam,Amsterdam,station,,230,,,,33,32,187
2026-10-01T03:05:27Z,donkey_den_haag,Donkey Republic Den Haag,Den Haag,los,bicycle/human,35,0,0,,,,
2026-10-01T03:05:27Z,donkey_den_haag,Donkey Republic Den Haag,Den Haag,station,,901,,,,698,698,3115
2026-10-01T03:05:27Z,donkey_dordrecht,Donkey Republic Dordrecht,Dordrecht,los,bicycle/human,31,0,0,,,,
2026-10-01T03:05:27Z,donkey_dordrecht,Donkey Republic Dordrecht,Dordrecht,station,,388,,,,202,202,1074
2026-10-01T03:05:27Z,donkey_gorinchem,Donkey Republic Gorinchem,Gorinchem,los,bicycle/human,31,0,0,,,,
2026-10-01T03:05:27Z,donkey_gorinchem,Donkey Republic Gorinchem,Gorinchem,station,,596,,,,323,323,1667
2026-10-01T03:05:27Z,donkey_katwijk,Donkey Republic Katwijk,Katwijk,los,bicycle/human,36,0,0,,,,
2026-10-01T03:05:27Z,donkey_katwijk,Donkey Republic Katwijk,Katwijk,station,,347,,,,427,427,1644
2026-10-01T03:05:27Z,donkey_qbuzz,Donkey Republic Qbuzz,Dordrecht,los,bicycle/human,31,0,0,,,,
2026-10-01T03:05:27Z,donkey_qbuzz,Donkey Republic Qbuzz,Dordrecht,station,,388,,,,202,202,1074
2026-10-01T03:05:27Z,donkey_rivierenland,Donkey Republic Rivierenland,Rivierenland,los,bicycle/human,4,0,0,,,,
2026-10-01T03:05:27Z,donkey_rivierenland,Donkey Republic Rivierenland,Rivierenland,station,,19,,,,3,3,37
2026-10-01T03:05:27Z,donkey_rt,Donkey Republic Rotterdam,Rotterdam,station,,0,,,,3,3,20
2026-10-01T03:05:27Z,donkey_rotterdam_den_haag,Donkey Republic Rotterdam/Den Haag,Rotterdam/Den Haag,station,,0,,,,3,3,20
2026-10-01T03:05:27Z,donkey_ut,Donkey Republic Utrecht,Utrecht,station,,0,,,,25,25,171
2026-10-01T03:05:27Z,donkey_utrechtse_heuvelrug,Donkey Republic Utrechtse Heuvelrug,Utrechtse Heuvelrug,station,,0,,,,0,0,0
2026-10-01T03:05:27Z,cooltra_amsterdam,Felyx Amsterdam,Amsterdam,los,moped/electric,628,4,149,21.6,,,
2026-10-01T03:05:27Z,cooltra_delft,Felyx Delft,Delft,los,moped/electric,86,0,28,33.6,,,
2026-10-01T03:05:27Z,cooltra_eindhoven,Felyx Eindhoven,Eindhoven,los,moped/electric,272,0,31,37.296,,,
2026-10-01T03:05:27Z,cooltra_haarlem,Felyx Haarlem,Haarlem,los,moped/electric,90,0,59,26.4,,,
2026-10-01T03:05:27Z,cooltra_nijmegen,Felyx Nijmegen,Nijmegen,los,bicycle/electric_assist,230,0,36,45.599999999999994,,,
2026-10-01T03:05:27Z,cooltra_rotterdam,Felyx Rotterdam,Rotterdam,los,moped/electric,734,4,510,37.3265,,,
2026-10-01T03:05:27Z,cooltra_rotterdam,Felyx Rotterdam,Rotterdam,los,bicycle/electric_assist,1015,2,126,39.2,,,
2026-10-01T03:05:27Z,cooltra_the_hague,Felyx The Hague,The Hague,los,moped/electric,430,0,118,40,,,
2026-10-01T03:05:27Z,goabout,GoAbout,Netherlands,station,,70,,,,44,44,0
2026-10-01T03:05:27Z,ns_ov_fiets,NS OV Fiets,Netherlands,station,,13452,,,,284,284,284
