melding_id,type,titel,impact,oorzaak,situatie,fase,begin,eind,verwacht_eind,stations,aantal_stations,buitenland,eerst_gezien,laatst_gezien
6067965,DISRUPTION,Groningen Europapark - Leeuwarden.,3,aanrijding,Door een aanrijding: tussen Hurdegaryp en Leeuwarden rijden er geen treinen.,Impact bekend,2026-09-29T21:22:00,2026-09-29T23:45:00,2026-09-29T23:45:00,GERP GN ZH GK BP DWE FWD HDG LWC LW,10,false,2026-09-29T22:05:28Z,2026-09-29T22:05:28Z
6067954,DISRUPTION,Amsterdam - Utrecht; Amsterdam - Gouda.,3,defecte trein,Door een defecte trein: tussen Amsterdam Centraal en Amsterdam Bijlmer ArenA rijden er veel minder treinen.,Gevolgen bekend,2026-09-29T16:14:00,2026-09-29T17:30:00,2026-09-29T17:30:00,ASD ASDM ASA DVD ASB ASHD AC BKL WD GDG GD MAS UTZL UT,14,false,2026-09-29T17:05:25Z,2026-09-29T17:05:25Z
7008150,MAINTENANCE,Maastricht - Liège / Luik.,3,werkzaamheden,Door werkzaamheden: tussen Maastricht en Luik Guillemins rijden er bussen.,,2026-09-28T20:30:00,2026-10-01T22:50:00,,MT MTR EDN FVS BRESSX LUIK,6,true,2026-09-29T15:13:41Z,2026-09-29T22:05:28Z
6067949,DISRUPTION,Schiphol - Lelystad; Hoofddorp - Schiphol - Hilversum.,3,defect spoor,Door een defect spoor: tussen Duivendrecht en Weesp rijden er veel minder treinen.,Impact bekend,2026-09-29T13:05:00,2026-09-29T18:30:00,2026-09-29T18:30:00,SHL ASDZ RAI DVD DMNZ WP AMPO ALMM ALM ALMP ALMB ALMO LLS HFD NDB BSMZ HVSM HVS,18,false,2026-09-29T15:13:41Z,2026-09-29T18:05:30Z
6067956,DISRUPTION,Amsterdam - Almere.,3,defecte trein,Door een defecte trein: tussen Weesp en Almere Centrum is er vertraging en rijden er minder treinen.,Gevolgen bekend,2026-09-29T17:05:00,2026-09-29T17:45:00,2026-09-29T17:45:00,ASD ASDM ASSP DMN WP AMPO ALMM ALM,8,false,2026-09-29T17:05:25Z,2026-09-29T17:05:25Z
6067950,DISRUPTION,Almelo - Hengelo.,1,seinstoring,Door een seinstoring: tussen Almelo en Hengelo is er een verstoring in de treindienst.,Gevolgen bekend,2026-09-29T14:47:24,2026-09-29T17:15:00,2026-09-29T17:15:00,AML AMRI BN HGL,4,false,2026-09-29T15:13:41Z,2026-09-29T15:13:41Z
7004492,MAINTENANCE,Groningen - Leer.,3,aangepaste dienstregeling,Door een aangepaste dienstregeling: tussen Bad Nieuweschans en Weener rijden er bussen.,,2024-02-01T03:00:00,2026-10-04T21:58:00,,GN GERP KW MTH HGZ ZB SDA WS NSCH WR LEER,11,true,2026-09-29T15:13:41Z,2026-09-29T22:05:28Z
6067952,DISRUPTION,Schiphol - Leiden; Schiphol - Rotterdam.,2,defecte trein,Door een defecte trein: tussen Schiphol Airport en Rotterdam Centraal is er een verstoring in de treindienst en tussen Schiphol Airport en Leiden Centraal is er een verstoring in de treindienst.,Gevolgen bekend,2026-09-29T15:54:29,2026-09-29T16:45:00,2026-09-29T16:45:00,SHL HFD RTD NVP SSH LEDN,6,false,2026-09-29T16:05:28Z,2026-09-29T16:05:28Z
6067958,DISRUPTION,Zwolle - Groningen.,3,gestrande trein,Tussen Groningen en Assen zijn de beperkingen voorbij.,Storing voorbij,2026-09-29T18:42:00,2026-09-29T19:15:00,2026-09-29T19:15:00,ZL MP HGV BL ASN HRN GERP GN,8,false,2026-09-29T19:05:29Z,2026-09-29T19:05:29Z
6067926,DISRUPTION,Hengelo - Bielefeld.,3,spoorproblemen buitenland,Door spoorproblemen in het buitenland: tussen Hengelo en Bad Bentheim rijden er minder treinen.,Impact bekend,2026-09-28T11:11:00,2026-09-29T22:15:00,2026-09-29T22:15:00,HGL HGLO ODZ BH RHEINE OSNH BUENDE BIELEF,8,true,2026-09-29T15:13:41Z,2026-09-29T20:05:34Z
6067951,DISRUPTION,Arnhem - Nijmegen.,3,technisch onderzoek,Door technisch onderzoek: tussen Arnhem Centraal en Nijmegen is er later vandaag hinder in de treindienst.,Impact bekend,2026-09-29T15:08:00,2026-09-29T18:30:00,2026-09-29T18:30:00,AH AHZ EST NML NM,5,false,2026-09-29T15:13:41Z,2026-09-29T18:05:30Z
6067960,DISRUPTION,Zwolle - Groningen.,3,gestrande trein,Door een gestrande trein: tussen Meppel en Assen is er vertraging en rijden er minder treinen.,Gevolgen bekend,2026-09-29T19:24:00,2026-09-29T20:45:00,2026-09-29T20:45:00,ZL MP HGV BL ASN HRN GERP GN,8,false,2026-09-29T20:05:34Z,2026-09-29T20:05:34Z
7008415,MAINTENANCE,Amsterdam - Utrecht; Breukelen - Gouda.,3,werkzaamheden,Door werkzaamheden: tussen Utrecht Centraal en Maarssen is de dienstregeling aangepast en rijden er bussen en tussen Woerden en Breukelen is de dienstregeling aangepast.,,2026-09-29T21:30:00,2026-09-29T23:00:00,,ASD ASDM ASA DVD ASB ASHD AC BKL MAS UTZL UT WD GDG GD,14,false,2026-09-29T22:05:28Z,2026-09-29T22:05:28Z
6067957,DISRUPTION,Rotterdam - Breda.,2,defecte trein,Door een defecte trein: tussen Rotterdam Centraal en Breda is er vertraging en rijden er minder treinen.,Gevolgen bekend,2026-09-29T17:23:00,2026-09-29T19:00:00,2026-09-29T19:00:00,RTD RTB RTZ RLB BDPB BD,6,false,2026-09-29T18:05:30Z,2026-09-29T18:05:30Z
