kwartier_utc,metingen,gem_power_in_activated_afrr,gem_power_out_activated_afrr,gem_power_in_igcc,gem_power_out_igcc,gem_power_in_mfrrda,gem_power_out_mfrrda,gem_highest_upward_regulation_price,gem_lowest_downward_regulation_price,gem_mid_price,gem_picasso_contribution_power_in,gem_picasso_contribution_power_out,gem_mari_contribution_power_in,gem_mari_contribution_power_out,min_highest_upward_regulation_price,max_highest_upward_regulation_price,min_lowest_downward_regulation_price,max_lowest_downward_regulation_price,min_mid_price,max_mid_price
2026-09-29T12:00:00Z,33,2.79,7.06,38.27,0.55,0,0,60.83,59.95,134.37,0,188.76,0,0,96,125.18,109.7,145,134.37,134.37
2026-09-29T12:15:00Z,75,23.41,0,18.32,0,0,0,93.76,,121.84,0,266.69,0,0,96,146.75,,,121.84,121.84
2026-09-29T12:30:00Z,75,6.31,0.39,5.21,5.1,0,0,40.06,26.97,301.2,0,493.26,0,0,125.18,125.18,140,506.4,301.2,301.2
2026-09-29T12:45:00Z,75,0,61.6,0.07,14.05,0,0,,105.26,125.87,0,270.81,0,0,,,89,141.21,125.87,125.87
2026-09-29T13:00:00Z,75,0.43,39.89,7.28,20.71,0,0,12.63,102.12,130.5,12.18,92.82,0,0,96,129,89,162.81,130.5,130.5
2026-09-29T13:15:00Z,75,41.59,0,23,0.03,0,0,127.78,,133,0,464.71,0,0,96,150,,,133,133
2026-09-29T13:30:00Z,75,55.01,0,21.57,0.08,0,0,115.35,,135.03,0,438.56,0,0,125.18,177,,,135.03,135.03
2026-09-29T13:45:00Z,75,106,0,22.76,0.26,0,0,162.57,,137.11,0,509.66,0,0,118.57,177,,,137.11,137.11
2026-09-29T14:00:00Z,75,27.36,16.59,0.6,25.59,0,0,66.11,88.56,139.12,0,566.09,0,0,96,200,129,181.37,139.12,139.12
2026-09-29T14:15:00Z,75,3.83,39.03,0.01,29.04,0,0,28.16,104.68,141.63,0.05,153.72,0,0,96,192,100,162.6,141.63,141.63
2026-09-29T14:30:00Z,75,73.68,0,2.25,6.48,0,0,143.85,,143,0,496.92,0,0,96,250.58,,,143,143
2026-09-29T14:45:00Z,75,133.89,0,26.48,4.89,0,0,204.25,,143.27,0,635.73,0,0,192,225.45,,,143.27,143.27
2026-09-29T15:00:00Z,58,71.81,50.62,27.42,5.7,0,0,137.72,107.78,142.36,0,426.61,0,0,96,230,129,165.5,142.36,142.36
2026-09-29T15:15:00Z,75,210.87,0,4.89,0,0,0,227.45,,146.28,0,340.62,0,0,192,265,,,146.28,146.28
2026-09-29T15:30:00Z,75,150.33,0,48.52,0.15,0,0,230.12,,145.5,93.78,12.54,0,0,170,255.31,,,145.5,145.5
2026-09-29T15:45:00Z,4,152.75,0,3.02,0,0,0,240,,140.96,63.42,4.28,0,0,240,240,,,140.96,140.96
2026-09-29T16:00:00Z,75,86.08,0,5.24,0.13,0,0,198.94,,143,1.09,120.41,0,0,140,230,,,143,143
2026-09-29T16:15:00Z,75,112.04,0,3.85,0,0,0,204.96,,154.37,1.75,55.69,0,0,150,250,,,154.37,154.37
2026-09-29T16:30:00Z,75,199.56,0,4.78,0,0,0,251.48,,151.45,0,157.15,0,0,235.8,400,,,151.45,151.45
2026-09-29T16:45:00Z,75,215.93,0,27.71,0,0,0,247.63,,147.7,0,245.54,0,0,240.7,275,,,147.7,147.7
2026-09-29T17:00:00Z,73,142.21,0,5.99,0,0,0,232.14,,141.05,0,174.61,0,0,126.21,400,,,141.05,141.05
2026-09-29T17:15:00Z,75,136.95,0,17.85,0,0,0,199.76,,137.73,6.97,14.13,0,0,96,218.1,,,137.73,137.73
2026-09-29T17:30:00Z,75,164.77,0,20.04,0,0,0,229.27,,133.48,7.97,14.73,0,0,200,249.9,,,133.48,133.48
2026-09-29T17:45:00Z,75,57.2,15.69,7.53,0,0,0,139.19,44.11,130.79,0,7.59,0,0,126.21,192,137.1,152,130.79,130.79
2026-09-29T18:00:00Z,71,0.27,118.52,1.47,0,0,0,5.41,138.18,140.5,0,1.47,0,0,96,96,128.53,164.3,140.5,140.5
2026-09-29T18:15:00Z,75,0.09,56.2,1.26,0,0,0,3.84,142.36,130.1,0,0.59,0,0,96,96,140,148.13,130.1,130.1
2026-09-29T18:30:00Z,75,35.35,33.35,11.55,0,0,0,117.06,101.19,130.1,0.5,9.98,0,0,96,192,124.8,164.2,130.1,130.1
2026-09-29T18:45:00Z,9,0,331.33,0,1.88,0,0,,110.31,130.05,99.46,0,0,0,,,109.7,111.43,130.05,130.05
2026-09-29T19:00:00Z,75,0,262.53,0,1.11,0,0,,120.6,130.05,111.35,0,0,0,,,109.8,130.26,130.05,130.05
2026-09-29T19:15:00Z,75,0,231.91,0,0.65,0,0,,119.65,130,64.02,0,0,0,,,102,134.53,130,130
2026-09-29T19:30:00Z,75,0,267.76,0,9.62,0,0,,116.42,130,95.55,0,0,0,,,101.53,129.8,130,130
2026-09-29T19:45:00Z,4,0,316.25,0,15.2,0,0,,92.93,129.95,239.48,0,0,0,,,82.5,101.4,129.95,129.95
2026-09-29T20:00:00Z,75,17.81,65.91,14.35,0.35,0,0,88.38,40.09,129.95,350.98,15.13,0,0,96,153.13,56.83,152.31,129.95,129.95
2026-09-29T20:15:00Z,75,12.27,0,189.42,0,0,0,58.72,,129.9,0,0,0,0,96,192,,,129.9,129.9
2026-09-29T20:30:00Z,75,12.63,0,40.35,0.06,0,0,69.67,,129.9,470.69,0,0,0,96,140,,,129.9,129.9
2026-09-29T20:45:00Z,6,115.17,0,23.43,0,0,0,151.16,,119.55,502.03,0,0,0,150,152.31,,,119.55,119.55
2026-09-29T21:00:00Z,75,136.32,0,9.31,0,0,0,156.07,,119.55,470.15,0,0,0,96,206.2,,,119.55,119.55
2026-09-29T21:15:00Z,75,235.57,0,0,0,0,0,229.35,,119.45,559.68,0,0,0,167.28,300,,,119.45,119.45
2026-09-29T21:30:00Z,75,15.51,0.47,0,0,0,0,63.72,18.92,119.45,529.6,0,0,0,96,140,141.9,141.9,119.45,119.45
2026-09-29T21:45:00Z,23,1.57,1.04,0,0.17,0,0,27.03,74.37,119.4,564.41,0,0,0,96,111.21,141.8,142.8,119.4,119.4
2026-09-29T22:00:00Z,75,0,69.27,0,1.03,0,0,,113.97,169.72,197.77,0,0,0,,,20.7,134.17,169.72,169.72
2026-09-29T22:15:00Z,75,0,45.52,9.57,0,0,0,,86.87,169.19,89.11,0.07,0,0,,,20.7,135.17,169.19,169.19
2026-09-29T22:30:00Z,75,0.01,84.65,0.05,0,0,0,1.31,107.02,152.55,44.78,0.02,0,0,98,98,96.27,111.15,152.55,152.55
2026-09-29T22:45:00Z,39,0,105.92,0.08,0,0,0,,96.22,152.21,298.8,0,0,0,,,87.99,100,152.21,152.21
2026-09-29T23:00:00Z,75,0,174.4,7.17,0.23,0,0,,33.58,152.61,204.88,0,0,0,,,18.5,96.27,152.61,152.61
2026-09-29T23:15:00Z,75,0,101.56,0.62,0.94,0,0,,82.24,152.59,178.47,0,0,0,,,35.7,130,152.59,152.59
2026-09-29T23:30:00Z,75,0,71.25,1.37,0,0,0,,108.77,152.94,139.02,0,0,0,,,35.55,137.34,152.94,152.94
2026-09-29T23:45:00Z,35,0,79.49,0,0,0,0,,90.52,153.4,28.57,0,0,0,,,35.7,110,153.4,153.4
2026-09-30T00:00:00Z,75,0.07,49.73,0.05,0,0,0,2.75,101.37,154.24,224.79,0,0,0,98,108.07,39.6,128,154.24,154.24
2026-09-30T00:15:00Z,75,0,36.73,0,0.27,0,0,,109.46,155.79,279.93,0,0,0,,,100,135.17,155.79,155.79
2026-09-30T00:30:00Z,75,99.21,0.13,39.97,0,0,0,127.4,9.45,157.65,147.71,0,0,0,105.49,132.67,177.26,177.26,157.65,157.65
2026-09-30T00:45:00Z,41,127.85,0,0,0,0,0,125.71,,159.93,16.63,22.66,0,0,121.7,127.36,,,159.93,159.93
2026-09-30T01:00:00Z,75,156.44,0,0,0,0,0,139.35,,162.16,12.04,0,0,0,137.7,142.3,,,162.16,162.16
2026-09-30T01:15:00Z,75,203.6,0,0,0,0,0,141.69,,165.15,16.23,0,0,0,138.66,142.3,,,165.15,165.15
2026-09-30T01:30:00Z,75,37.32,2.57,0,0,0,0,79.85,42.03,168.65,9.02,0,0,0,80,137.7,111.15,257.29,168.65,168.65
2026-09-30T01:45:00Z,41,0,19.34,0,0,0,0,,138.13,172.19,6.98,0,0,0,,,13.6,177.26,172.19,172.19
2026-09-30T02:00:00Z,75,0,55.89,0.1,0.27,0,0,,97.25,175.59,62.09,4.16,0,0,,,14.7,177.26,175.59,175.59
2026-09-30T02:15:00Z,75,7.05,30.95,9.6,0,0,0,36.06,129.09,179.46,101.87,0.11,0,0,98,141.7,14.7,177.26,179.46,179.46
2026-09-30T02:30:00Z,75,1.88,64.77,0,0,0,0,,121.76,183.1,68.44,0,0,0,,,111.15,138.46,183.1,183.1
2026-09-30T02:45:00Z,37,0,111.92,9.33,0,0,0,,101.04,186.09,176.49,0,0,0,,,87.18,111.15,186.09,186.09
2026-09-30T03:00:00Z,75,3.03,54.13,108.44,0,0,0,44.32,113.48,188.09,51.03,14.1,0,0,80,126,31.1,152.31,188.09,188.09
2026-09-30T03:15:00Z,75,12.83,18.57,136.22,0,0,0,43.98,139.38,190.96,102.65,0,0,0,98,152.31,113.49,177.26,190.96,190.96
2026-09-30T03:30:00Z,75,115.24,0,63.7,0,0,0,150.43,,192.89,157.6,0,0,0,142,162.6,,,192.89,192.89
2026-09-30T03:45:00Z,42,45.24,8.52,2.76,0,0,0,128.17,48.28,194.08,93.02,2.02,0,0,113.89,142.36,102.66,157.74,194.08,194.08
2026-09-30T04:00:00Z,75,14.25,111.33,12.51,0,0,0,46.63,103.68,194.45,164.52,0,0,0,98,178.76,71.59,177.26,194.45,194.45
2026-09-30T04:15:00Z,75,1.91,94.41,7.12,0.02,0,0,,134.78,193.91,255.7,0,0,0,,,95.44,162,193.91,193.91
2026-09-30T04:30:00Z,57,0,82.65,0,8.24,0,0,,147.81,192.63,285.81,0,0,0,,,138.46,177.26,192.63,192.63
2026-09-30T04:45:00Z,75,13.49,90.51,1.68,3.93,0,0,41.51,121.93,190.88,138.07,25.54,0,0,98,166.37,138.46,177.26,190.88,190.88
2026-09-30T05:00:00Z,70,107.79,0,3.84,0.56,0,0,168.06,,188.22,11.88,58.09,0,0,145,200,,,188.22,188.22
2026-09-30T05:15:00Z,75,92.49,0.6,16.93,0.31,0,0,159.82,19.04,185.8,47.37,6.91,0,0,113.89,200,204,204,185.8,185.8
2026-09-30T05:30:00Z,75,25.6,28.23,42.97,0.41,0,0,63.8,121.92,182.26,154.57,0,0,0,113.89,152.31,154,209,182.26,182.26
2026-09-30T05:45:00Z,75,71.29,11.35,16.08,0,0,0,128.26,61.01,178.33,27.04,36.37,0,0,98,200,208,208,178.33,178.33
2026-09-30T06:00:00Z,71,16.04,3.01,3,38.02,0,0,107.34,37.18,189.52,134.74,6.39,0,0,80,162.7,220,220,189.52,189.52
2026-09-30T06:15:00Z,75,0.04,107.63,0,13.74,0,0,,170.12,184.56,10.37,25.29,0,0,,,130,205,184.56,184.56
2026-09-30T06:30:00Z,75,18.95,117.92,5.75,0,0,0,82.04,124.59,179.37,0.62,74.4,0,0,98,152.31,101,189,179.37,179.37
2026-09-30T06:45:00Z,6,0,95.67,0,0,0,0,,164.37,174.5,0,212.7,0,0,,,142.1,169,174.5,174.5
2026-09-30T07:00:00Z,51,0.04,6.29,0,64.8,0,0,3.84,104.14,170.33,0,321.03,0,0,98,98,177.55,193,170.33,170.33
2026-09-30T07:15:00Z,75,0,61.59,0,31.43,0,0,,163.02,165.91,61.44,16.81,0,0,,,111.15,177.55,165.91,165.91
2026-09-30T07:30:00Z,75,4.47,27.75,1.1,4.75,0,0,50.6,60.88,128.78,72.39,41.27,0,0,80,150,80,177.55,128.78,128.78
2026-09-30T07:45:00Z,75,0,18.28,0,13.63,0,0,,62.16,128.71,1.14,78.37,0,0,,,126.96,138.46,128.71,128.71
2026-09-30T08:00:00Z,75,38.28,22.52,92.41,1.41,0,0,100.61,67.63,109.48,99.89,1.1,0,0,98,152.68,130,142.2,109.48,109.48
2026-09-30T08:15:00Z,75,162.25,0,45.24,0,0,0,169.52,,108.95,3.9,124.25,0,0,150,180,,,108.95,108.95
2026-09-30T08:30:00Z,75,141.99,4.97,21.03,0,0,0,163.19,29.52,111.58,0,165.36,0,0,113.89,195,117.06,142.5,111.58,111.58
2026-09-30T08:45:00Z,75,146.32,6.43,9.92,0,0,0,159.48,35.64,109.22,0,10.15,0,0,98,212,138.46,142.7,109.22,109.22
2026-09-30T09:00:00Z,68,181.49,8.09,53.33,0.16,0,0,181.55,38.78,167.8,37.14,69.24,0,0,113.89,238,130,150.32,167.8,167.8
