begin_utc,eind_utc,prijs_eur_mwh,opgehaald_op
2026-09-28T22:00:00Z,2026-09-28T22:15:00Z,195.3,2026-09-29T23:05:46Z
2026-09-28T22:15:00Z,2026-09-28T22:30:00Z,189.32,2026-09-29T23:05:46Z
2026-09-28T22:30:00Z,2026-09-28T22:45:00Z,180.28,2026-09-29T23:05:46Z
2026-09-28T22:45:00Z,2026-09-28T23:00:00Z,174.27,2026-09-29T23:05:46Z
2026-09-28T23:00:00Z,2026-09-28T23:15:00Z,182.48,2026-09-29T23:05:46Z
2026-09-28T23:15:00Z,2026-09-28T23:30:00Z,176.41,2026-09-29T23:05:46Z
2026-09-28T23:30:00Z,2026-09-28T23:45:00Z,170.15,2026-09-29T23:05:46Z
2026-09-28T23:45:00Z,2026-09-29T00:00:00Z,167.65,2026-09-29T23:05:46Z
2026-09-29T00:00:00Z,2026-09-29T00:15:00Z,171.81,2026-09-29T23:05:46Z
2026-09-29T00:15:00Z,2026-09-29T00:30:00Z,170.06,2026-09-29T23:05:46Z
2026-09-29T00:30:00Z,2026-09-29T00:45:00Z,168.89,2026-09-29T23:05:46Z
2026-09-29T00:45:00Z,2026-09-29T01:00:00Z,167.74,2026-09-29T23:05:46Z
2026-09-29T01:00:00Z,2026-09-29T01:15:00Z,164.35,2026-09-29T23:05:46Z
2026-09-29T01:15:00Z,2026-09-29T01:30:00Z,165.26,2026-09-29T23:05:46Z
2026-09-29T01:30:00Z,2026-09-29T01:45:00Z,165.15,2026-09-29T23:05:46Z
2026-09-29T01:45:00Z,2026-09-29T02:00:00Z,165.2,2026-09-29T23:05:46Z
2026-09-29T02:00:00Z,2026-09-29T02:15:00Z,162.16,2026-09-29T23:05:46Z
2026-09-29T02:15:00Z,2026-09-29T02:30:00Z,161.73,2026-09-29T23:05:46Z
2026-09-29T02:30:00Z,2026-09-29T02:45:00Z,159.75,2026-09-29T23:05:46Z
2026-09-29T02:45:00Z,2026-09-29T03:00:00Z,158.23,2026-09-29T23:05:46Z
2026-09-29T03:00:00Z,2026-09-29T03:15:00Z,154.62,2026-09-29T23:05:46Z
2026-09-29T03:15:00Z,2026-09-29T03:30:00Z,158.2,2026-09-29T23:05:46Z
2026-09-29T03:30:00Z,2026-09-29T03:45:00Z,170.53,2026-09-29T23:05:46Z
2026-09-29T03:45:00Z,2026-09-29T04:00:00Z,178.95,2026-09-29T23:05:46Z
2026-09-29T04:00:00Z,2026-09-29T04:15:00Z,180,2026-09-29T23:05:46Z
2026-09-29T04:15:00Z,2026-09-29T04:30:00Z,194.88,2026-09-29T23:05:46Z
2026-09-29T04:30:00Z,2026-09-29T04:45:00Z,201.11,2026-09-29T23:05:46Z
2026-09-29T04:45:00Z,2026-09-29T05:00:00Z,218.09,2026-09-29T23:05:46Z
2026-09-29T05:00:00Z,2026-09-29T05:15:00Z,229.18,2026-09-29T23:05:46Z
2026-09-29T05:15:00Z,2026-09-29T05:30:00Z,232.18,2026-09-29T23:05:46Z
2026-09-29T05:30:00Z,2026-09-29T05:45:00Z,226.43,2026-09-29T23:05:46Z
2026-09-29T05:45:00Z,2026-09-29T06:00:00Z,222.94,2026-09-29T23:05:46Z
2026-09-29T06:00:00Z,2026-09-29T06:15:00Z,239.11,2026-09-29T23:05:46Z
2026-09-29T06:15:00Z,2026-09-29T06:30:00Z,230.31,2026-09-29T23:05:46Z
2026-09-29T06:30:00Z,2026-09-29T06:45:00Z,213.7,2026-09-29T23:05:46Z
2026-09-29T06:45:00Z,2026-09-29T07:00:00Z,175.56,2026-09-29T23:05:46Z
2026-09-29T07:00:00Z,2026-09-29T07:15:00Z,212.76,2026-09-29T23:05:46Z
2026-09-29T07:15:00Z,2026-09-29T07:30:00Z,188.46,2026-09-29T23:05:46Z
2026-09-29T07:30:00Z,2026-09-29T07:45:00Z,175,2026-09-29T23:05:46Z
2026-09-29T07:45:00Z,2026-09-29T08:00:00Z,165.73,2026-09-29T23:05:46Z
2026-09-29T08:00:00Z,2026-09-29T08:15:00Z,188.51,2026-09-29T23:05:46Z
2026-09-29T08:15:00Z,2026-09-29T08:30:00Z,175.78,2026-09-29T23:05:46Z
2026-09-29T08:30:00Z,2026-09-29T08:45:00Z,168.35,2026-09-29T23:05:46Z
2026-09-29T08:45:00Z,2026-09-29T09:00:00Z,151.32,2026-09-29T23:05:46Z
2026-09-29T09:00:00Z,2026-09-29T09:15:00Z,144.34,2026-09-29T23:05:46Z
2026-09-29T09:15:00Z,2026-09-29T09:30:00Z,138.72,2026-09-29T23:05:46Z
2026-09-29T09:30:00Z,2026-09-29T09:45:00Z,121.35,2026-09-29T23:05:46Z
2026-09-29T09:45:00Z,2026-09-29T10:00:00Z,110.24,2026-09-29T23:05:46Z
2026-09-29T10:00:00Z,2026-09-29T10:15:00Z,106.49,2026-09-29T23:05:46Z
2026-09-29T10:15:00Z,2026-09-29T10:30:00Z,96.9,2026-09-29T23:05:46Z
2026-09-29T10:30:00Z,2026-09-29T10:45:00Z,95.55,2026-09-29T23:05:46Z
2026-09-29T10:45:00Z,2026-09-29T11:00:00Z,81.06,2026-09-29T23:05:46Z
2026-09-29T11:00:00Z,2026-09-29T11:15:00Z,87.08,2026-09-29T23:05:46Z
2026-09-29T11:15:00Z,2026-09-29T11:30:00Z,78.19,2026-09-29T23:05:46Z
2026-09-29T11:30:00Z,2026-09-29T11:45:00Z,70.72,2026-09-29T23:05:46Z
2026-09-29T11:45:00Z,2026-09-29T12:00:00Z,65.61,2026-09-29T23:05:46Z
2026-09-29T12:00:00Z,2026-09-29T12:15:00Z,65.66,2026-09-29T23:05:46Z
2026-09-29T12:15:00Z,2026-09-29T12:30:00Z,79.03,2026-09-29T23:05:46Z
2026-09-29T12:30:00Z,2026-09-29T12:45:00Z,88.03,2026-09-29T23:05:46Z
2026-09-29T12:45:00Z,2026-09-29T13:00:00Z,93.47,2026-09-29T23:05:46Z
2026-09-29T13:00:00Z,2026-09-29T13:15:00Z,89.63,2026-09-29T23:05:46Z
2026-09-29T13:15:00Z,2026-09-29T13:30:00Z,108.4,2026-09-29T23:05:46Z
2026-09-29T13:30:00Z,2026-09-29T13:45:00Z,118.68,2026-09-29T23:05:46Z
2026-09-29T13:45:00Z,2026-09-29T14:00:00Z,128.84,2026-09-29T23:05:46Z
2026-09-29T14:00:00Z,2026-09-29T14:15:00Z,114.21,2026-09-29T23:05:46Z
2026-09-29T14:15:00Z,2026-09-29T14:30:00Z,143.4,2026-09-29T23:05:46Z
2026-09-29T14:30:00Z,2026-09-29T14:45:00Z,160.1,2026-09-29T23:05:46Z
2026-09-29T14:45:00Z,2026-09-29T15:00:00Z,197.53,2026-09-29T23:05:46Z
2026-09-29T15:00:00Z,2026-09-29T15:15:00Z,177.13,2026-09-29T23:05:46Z
2026-09-29T15:15:00Z,2026-09-29T15:30:00Z,195.91,2026-09-29T23:05:46Z
2026-09-29T15:30:00Z,2026-09-29T15:45:00Z,203.32,2026-09-29T23:05:46Z
2026-09-29T15:45:00Z,2026-09-29T16:00:00Z,216.34,2026-09-29T23:05:46Z
2026-09-29T16:00:00Z,2026-09-29T16:15:00Z,210.56,2026-09-29T23:05:46Z
2026-09-29T16:15:00Z,2026-09-29T16:30:00Z,225.04,2026-09-29T23:05:46Z
2026-09-29T16:30:00Z,2026-09-29T16:45:00Z,233.06,2026-09-29T23:05:46Z
2026-09-29T16:45:00Z,2026-09-29T17:00:00Z,245.3,2026-09-29T23:05:46Z
2026-09-29T17:00:00Z,2026-09-29T17:15:00Z,243.3,2026-09-29T23:05:46Z
2026-09-29T17:15:00Z,2026-09-29T17:30:00Z,229.4,2026-09-29T23:05:46Z
2026-09-29T17:30:00Z,2026-09-29T17:45:00Z,214.56,2026-09-29T23:05:46Z
2026-09-29T17:45:00Z,2026-09-29T18:00:00Z,200.1,2026-09-29T23:05:46Z
2026-09-29T18:00:00Z,2026-09-29T18:15:00Z,194.52,2026-09-29T23:05:46Z
2026-09-29T18:15:00Z,2026-09-29T18:30:00Z,187.2,2026-09-29T23:05:46Z
2026-09-29T18:30:00Z,2026-09-29T18:45:00Z,181.38,2026-09-29T23:05:46Z
2026-09-29T18:45:00Z,2026-09-29T19:00:00Z,175.37,2026-09-29T23:05:46Z
2026-09-29T19:00:00Z,2026-09-29T19:15:00Z,183.94,2026-09-29T23:05:46Z
2026-09-29T19:15:00Z,2026-09-29T19:30:00Z,173.87,2026-09-29T23:05:46Z
2026-09-29T19:30:00Z,2026-09-29T19:45:00Z,169.44,2026-09-29T23:05:46Z
2026-09-29T19:45:00Z,2026-09-29T20:00:00Z,168.75,2026-09-29T23:05:46Z
2026-09-29T20:00:00Z,2026-09-29T20:15:00Z,172.58,2026-09-29T23:05:46Z
2026-09-29T20:15:00Z,2026-09-29T20:30:00Z,165.29,2026-09-29T23:05:46Z
2026-09-29T20:30:00Z,2026-09-29T20:45:00Z,167.15,2026-09-29T23:05:46Z
2026-09-29T20:45:00Z,2026-09-29T21:00:00Z,150.98,2026-09-29T23:05:46Z
2026-09-29T21:00:00Z,2026-09-29T21:15:00Z,139.69,2026-09-29T23:05:46Z
2026-09-29T21:15:00Z,2026-09-29T21:30:00Z,136.8,2026-09-29T23:05:46Z
2026-09-29T21:30:00Z,2026-09-29T21:45:00Z,128.69,2026-09-29T23:05:46Z
2026-09-29T21:45:00Z,2026-09-29T22:00:00Z,122.73,2026-09-29T23:05:46Z
2026-09-29T22:00:00Z,2026-09-29T22:15:00Z,115.34,2026-09-30T07:05:30Z
2026-09-29T22:15:00Z,2026-09-29T22:30:00Z,101.95,2026-09-30T07:05:30Z
2026-09-29T22:30:00Z,2026-09-29T22:45:00Z,105.54,2026-09-30T07:05:30Z
2026-09-29T22:45:00Z,2026-09-29T23:00:00Z,90.72,2026-09-30T07:05:30Z
2026-09-29T23:00:00Z,2026-09-29T23:15:00Z,105.1,2026-09-30T07:05:30Z
2026-09-29T23:15:00Z,2026-09-29T23:30:00Z,98.57,2026-09-30T07:05:30Z
2026-09-29T23:30:00Z,2026-09-29T23:45:00Z,99.4,2026-09-30T07:05:30Z
2026-09-29T23:45:00Z,2026-09-30T00:00:00Z,101.14,2026-09-30T07:05:30Z
2026-09-30T00:00:00Z,2026-09-30T00:15:00Z,95.91,2026-09-30T07:05:30Z
2026-09-30T00:15:00Z,2026-09-30T00:30:00Z,100.99,2026-09-30T07:05:30Z
2026-09-30T00:30:00Z,2026-09-30T00:45:00Z,94.16,2026-09-30T07:05:30Z
2026-09-30T00:45:00Z,2026-09-30T01:00:00Z,96.49,2026-09-30T07:05:30Z
2026-09-30T01:00:00Z,2026-09-30T01:15:00Z,97.12,2026-09-30T07:05:30Z
2026-09-30T01:15:00Z,2026-09-30T01:30:00Z,94.77,2026-09-30T07:05:30Z
2026-09-30T01:30:00Z,2026-09-30T01:45:00Z,96.29,2026-09-30T07:05:30Z
2026-09-30T01:45:00Z,2026-09-30T02:00:00Z,96.05,2026-09-30T07:05:30Z
2026-09-30T02:00:00Z,2026-09-30T02:15:00Z,98.3,2026-09-30T07:05:30Z
2026-09-30T02:15:00Z,2026-09-30T02:30:00Z,92.11,2026-09-30T07:05:30Z
2026-09-30T02:30:00Z,2026-09-30T02:45:00Z,94.95,2026-09-30T07:05:30Z
2026-09-30T02:45:00Z,2026-09-30T03:00:00Z,103.24,2026-09-30T07:05:30Z
2026-09-30T03:00:00Z,2026-09-30T03:15:00Z,104.47,2026-09-30T07:05:30Z
2026-09-30T03:15:00Z,2026-09-30T03:30:00Z,109.97,2026-09-30T07:05:30Z
2026-09-30T03:30:00Z,2026-09-30T03:45:00Z,114.1,2026-09-30T07:05:30Z
2026-09-30T03:45:00Z,2026-09-30T04:00:00Z,127.82,2026-09-30T07:05:30Z
2026-09-30T04:00:00Z,2026-09-30T04:15:00Z,145.54,2026-09-30T07:05:30Z
2026-09-30T04:15:00Z,2026-09-30T04:30:00Z,160.48,2026-09-30T07:05:30Z
2026-09-30T04:30:00Z,2026-09-30T04:45:00Z,167.31,2026-09-30T07:05:30Z
2026-09-30T04:45:00Z,2026-09-30T05:00:00Z,167.87,2026-09-30T07:05:30Z
2026-09-30T05:00:00Z,2026-09-30T05:15:00Z,192.63,2026-09-30T07:05:30Z
2026-09-30T05:15:00Z,2026-09-30T05:30:00Z,206.82,2026-09-30T07:05:30Z
2026-09-30T05:30:00Z,2026-09-30T05:45:00Z,209.56,2026-09-30T07:05:30Z
2026-09-30T05:45:00Z,2026-09-30T06:00:00Z,204.92,2026-09-30T07:05:30Z
2026-09-30T06:00:00Z,2026-09-30T06:15:00Z,222.3,2026-09-30T07:05:30Z
2026-09-30T06:15:00Z,2026-09-30T06:30:00Z,208.31,2026-09-30T07:05:30Z
2026-09-30T06:30:00Z,2026-09-30T06:45:00Z,190.68,2026-09-30T07:05:30Z
2026-09-30T06:45:00Z,2026-09-30T07:00:00Z,167.46,2026-09-30T07:05:30Z
2026-09-30T07:00:00Z,2026-09-30T07:15:00Z,196.07,2026-09-30T07:05:30Z
2026-09-30T07:15:00Z,2026-09-30T07:30:00Z,171.89,2026-09-30T07:05:30Z
2026-09-30T07:30:00Z,2026-09-30T07:45:00Z,152.19,2026-09-30T07:05:30Z
2026-09-30T07:45:00Z,2026-09-30T08:00:00Z,139.49,2026-09-30T07:05:30Z
2026-09-30T08:00:00Z,2026-09-30T08:15:00Z,128.47,2026-09-30T07:05:30Z
2026-09-30T08:15:00Z,2026-09-30T08:30:00Z,119.4,2026-09-30T07:05:30Z
2026-09-30T08:30:00Z,2026-09-30T08:45:00Z,111.36,2026-09-30T07:05:30Z
2026-09-30T08:45:00Z,2026-09-30T09:00:00Z,82.79,2026-09-30T07:05:30Z
2026-09-30T09:00:00Z,2026-09-30T09:15:00Z,115.23,2026-09-30T07:05:30Z
2026-09-30T09:15:00Z,2026-09-30T09:30:00Z,93.46,2026-09-30T07:05:30Z
2026-09-30T09:30:00Z,2026-09-30T09:45:00Z,83.71,2026-09-30T07:05:30Z
2026-09-30T09:45:00Z,2026-09-30T10:00:00Z,40.38,2026-09-30T07:05:30Z
2026-09-30T10:00:00Z,2026-09-30T10:15:00Z,63.42,2026-09-30T07:05:30Z
2026-09-30T10:15:00Z,2026-09-30T10:30:00Z,42.38,2026-09-30T07:05:30Z
2026-09-30T10:30:00Z,2026-09-30T10:45:00Z,34.62,2026-09-30T07:05:30Z
2026-09-30T10:45:00Z,2026-09-30T11:00:00Z,34.22,2026-09-30T07:05:30Z
2026-09-30T11:00:00Z,2026-09-30T11:15:00Z,54.46,2026-09-30T07:05:30Z
2026-09-30T11:15:00Z,2026-09-30T11:30:00Z,67.81,2026-09-30T07:05:30Z
2026-09-30T11:30:00Z,2026-09-30T11:45:00Z,83.33,2026-09-30T07:05:30Z
2026-09-30T11:45:00Z,2026-09-30T12:00:00Z,105.4,2026-09-30T07:05:30Z
2026-09-30T12:00:00Z,2026-09-30T12:15:00Z,88.38,2026-09-30T07:05:30Z
2026-09-30T12:15:00Z,2026-09-30T12:30:00Z,96.36,2026-09-30T07:05:30Z
2026-09-30T12:30:00Z,2026-09-30T12:45:00Z,112.99,2026-09-30T07:05:30Z
2026-09-30T12:45:00Z,2026-09-30T13:00:00Z,124,2026-09-30T07:05:30Z
2026-09-30T13:00:00Z,2026-09-30T13:15:00Z,105.6,2026-09-30T07:05:30Z
2026-09-30T13:15:00Z,2026-09-30T13:30:00Z,129.33,2026-09-30T07:05:30Z
2026-09-30T13:30:00Z,2026-09-30T13:45:00Z,136.14,2026-09-30T07:05:30Z
2026-09-30T13:45:00Z,2026-09-30T14:00:00Z,129.6,2026-09-30T07:05:30Z
2026-09-30T14:00:00Z,2026-09-30T14:15:00Z,127.83,2026-09-30T07:05:30Z
2026-09-30T14:15:00Z,2026-09-30T14:30:00Z,136.95,2026-09-30T07:05:30Z
2026-09-30T14:30:00Z,2026-09-30T14:45:00Z,171.18,2026-09-30T07:05:30Z
2026-09-30T14:45:00Z,2026-09-30T15:00:00Z,191.32,2026-09-30T07:05:30Z
2026-09-30T15:00:00Z,2026-09-30T15:15:00Z,174.22,2026-09-30T07:05:30Z
2026-09-30T15:15:00Z,2026-09-30T15:30:00Z,197.14,2026-09-30T07:05:30Z
2026-09-30T15:30:00Z,2026-09-30T15:45:00Z,213.86,2026-09-30T07:05:30Z
2026-09-30T15:45:00Z,2026-09-30T16:00:00Z,233.19,2026-09-30T07:05:30Z
2026-09-30T16:00:00Z,2026-09-30T16:15:00Z,215.12,2026-09-30T07:05:30Z
2026-09-30T16:15:00Z,2026-09-30T16:30:00Z,229.16,2026-09-30T07:05:30Z
2026-09-30T16:30:00Z,2026-09-30T16:45:00Z,234.96,2026-09-30T07:05:30Z
2026-09-30T16:45:00Z,2026-09-30T17:00:00Z,252.52,2026-09-30T07:05:30Z
2026-09-30T17:00:00Z,2026-09-30T17:15:00Z,244.24,2026-09-30T07:05:30Z
2026-09-30T17:15:00Z,2026-09-30T17:30:00Z,250.8,2026-09-30T07:05:30Z
2026-09-30T17:30:00Z,2026-09-30T17:45:00Z,261.11,2026-09-30T07:05:30Z
2026-09-30T17:45:00Z,2026-09-30T18:00:00Z,262.36,2026-09-30T07:05:30Z
2026-09-30T18:00:00Z,2026-09-30T18:15:00Z,251.09,2026-09-30T07:05:30Z
2026-09-30T18:15:00Z,2026-09-30T18:30:00Z,249.86,2026-09-30T07:05:30Z
2026-09-30T18:30:00Z,2026-09-30T18:45:00Z,233.27,2026-09-30T07:05:30Z
2026-09-30T18:45:00Z,2026-09-30T19:00:00Z,222.5,2026-09-30T07:05:30Z
2026-09-30T19:00:00Z,2026-09-30T19:15:00Z,244.89,2026-09-30T07:05:30Z
2026-09-30T19:15:00Z,2026-09-30T19:30:00Z,212.45,2026-09-30T07:05:30Z
2026-09-30T19:30:00Z,2026-09-30T19:45:00Z,206.17,2026-09-30T07:05:30Z
2026-09-30T19:45:00Z,2026-09-30T20:00:00Z,173.47,2026-09-30T07:05:30Z
2026-09-30T20:00:00Z,2026-09-30T20:15:00Z,196.39,2026-09-30T07:05:30Z
2026-09-30T20:15:00Z,2026-09-30T20:30:00Z,190.82,2026-09-30T07:05:30Z
2026-09-30T20:30:00Z,2026-09-30T20:45:00Z,193.88,2026-09-30T07:05:30Z
2026-09-30T20:45:00Z,2026-09-30T21:00:00Z,178.92,2026-09-30T07:05:30Z
2026-09-30T21:00:00Z,2026-09-30T21:15:00Z,190.07,2026-09-30T07:05:30Z
2026-09-30T21:15:00Z,2026-09-30T21:30:00Z,173.55,2026-09-30T07:05:30Z
2026-09-30T21:30:00Z,2026-09-30T21:45:00Z,183.91,2026-09-30T07:05:30Z
2026-09-30T21:45:00Z,2026-09-30T22:00:00Z,163.79,2026-09-30T07:05:30Z
