tijdstip_utc,land,gw
2026-09-26T22:00:00Z,Belgium,-2.279
2026-09-26T22:15:00Z,Belgium,-1.928
2026-09-26T22:30:00Z,Belgium,-1.749
2026-09-26T22:45:00Z,Belgium,-1.518
2026-09-26T23:00:00Z,Belgium,-1.766
2026-09-26T23:15:00Z,Belgium,-2.09
2026-09-26T23:30:00Z,Belgium,-2.088
2026-09-26T23:45:00Z,Belgium,-1.916
2026-09-27T00:00:00Z,Belgium,-1.806
2026-09-27T00:15:00Z,Belgium,-1.799
2026-09-27T00:30:00Z,Belgium,-1.766
2026-09-27T00:45:00Z,Belgium,-1.691
2026-09-27T01:00:00Z,Belgium,-1.804
2026-09-27T01:15:00Z,Belgium,-1.822
2026-09-27T01:30:00Z,Belgium,-1.964
2026-09-27T01:45:00Z,Belgium,-1.931
2026-09-27T02:00:00Z,Belgium,-1.859
2026-09-27T02:15:00Z,Belgium,-1.882
2026-09-27T02:30:00Z,Belgium,-1.853
2026-09-27T02:45:00Z,Belgium,-1.892
2026-09-27T03:00:00Z,Belgium,-2.018
2026-09-27T03:15:00Z,Belgium,-2.062
2026-09-27T03:30:00Z,Belgium,-2.056
2026-09-27T03:45:00Z,Belgium,-2.072
2026-09-27T04:00:00Z,Belgium,-1.917
2026-09-27T04:15:00Z,Belgium,-1.952
2026-09-27T04:30:00Z,Belgium,-1.975
2026-09-27T04:45:00Z,Belgium,-2.012
2026-09-27T05:00:00Z,Belgium,-1.922
2026-09-27T05:15:00Z,Belgium,-1.997
2026-09-27T05:30:00Z,Belgium,-2.071
2026-09-27T05:45:00Z,Belgium,-2.053
2026-09-27T06:00:00Z,Belgium,-2.457
2026-09-27T06:15:00Z,Belgium,-2.412
2026-09-27T06:30:00Z,Belgium,-2.431
2026-09-27T06:45:00Z,Belgium,-2.174
2026-09-27T07:00:00Z,Belgium,-2.062
2026-09-27T07:15:00Z,Belgium,-1.857
2026-09-27T07:30:00Z,Belgium,-1.924
2026-09-27T07:45:00Z,Belgium,-1.962
2026-09-27T08:00:00Z,Belgium,-2.557
2026-09-27T08:15:00Z,Belgium,-2.546
2026-09-27T08:30:00Z,Belgium,-2.673
2026-09-27T08:45:00Z,Belgium,-2.86
2026-09-27T09:00:00Z,Belgium,-2.485
2026-09-27T09:15:00Z,Belgium,-2.698
2026-09-27T09:30:00Z,Belgium,-2.778
2026-09-27T09:45:00Z,Belgium,-2.585
2026-09-27T10:00:00Z,Belgium,-2.798
2026-09-27T10:15:00Z,Belgium,-2.843
2026-09-27T10:30:00Z,Belgium,-2.849
2026-09-27T10:45:00Z,Belgium,-2.817
2026-09-27T11:00:00Z,Belgium,-2.984
2026-09-27T11:15:00Z,Belgium,-3.019
2026-09-27T11:30:00Z,Belgium,-2.812
2026-09-27T11:45:00Z,Belgium,-2.389
2026-09-27T12:00:00Z,Belgium,-2.71
2026-09-27T12:15:00Z,Belgium,-2.898
2026-09-27T12:30:00Z,Belgium,-2.819
2026-09-27T12:45:00Z,Belgium,-2.597
2026-09-27T13:00:00Z,Belgium,-2.48
2026-09-27T13:15:00Z,Belgium,-1.949
2026-09-27T13:30:00Z,Belgium,-1.263
2026-09-27T13:45:00Z,Belgium,-0.83
2026-09-27T14:00:00Z,Belgium,-0.995
2026-09-27T14:15:00Z,Belgium,-0.531
2026-09-27T14:30:00Z,Belgium,-0.486
2026-09-27T14:45:00Z,Belgium,-0.412
2026-09-27T15:00:00Z,Belgium,-0.699
2026-09-27T15:15:00Z,Belgium,-0.544
2026-09-27T15:30:00Z,Belgium,-0.827
2026-09-27T15:45:00Z,Belgium,-1.24
2026-09-27T16:00:00Z,Belgium,-1.324
2026-09-27T16:15:00Z,Belgium,-1.897
2026-09-27T16:30:00Z,Belgium,-2.047
2026-09-27T16:45:00Z,Belgium,-1.717
2026-09-27T17:00:00Z,Belgium,-2.8
2026-09-27T17:15:00Z,Belgium,-3.058
2026-09-27T17:30:00Z,Belgium,-3.028
2026-09-27T17:45:00Z,Belgium,-2.435
2026-09-27T18:00:00Z,Belgium,-2.929
2026-09-27T18:15:00Z,Belgium,-2.821
2026-09-27T18:30:00Z,Belgium,-2.993
2026-09-27T18:45:00Z,Belgium,-3.114
2026-09-27T19:00:00Z,Belgium,-3.38
2026-09-27T19:15:00Z,Belgium,-3.329
2026-09-27T19:30:00Z,Belgium,-3.503
2026-09-27T19:45:00Z,Belgium,-3.418
2026-09-27T20:00:00Z,Belgium,-3.369
2026-09-27T20:15:00Z,Belgium,-3.43
2026-09-27T20:30:00Z,Belgium,-3.82
2026-09-27T20:45:00Z,Belgium,-3.733
2026-09-27T21:00:00Z,Belgium,-3.448
2026-09-27T21:15:00Z,Belgium,-3.151
2026-09-27T21:30:00Z,Belgium,-3.184
2026-09-27T21:45:00Z,Belgium,-2.988
2026-09-26T22:00:00Z,Denmark,0.033
2026-09-26T22:15:00Z,Denmark,0.48
2026-09-26T22:30:00Z,Denmark,0.614
2026-09-26T22:45:00Z,Denmark,0.637
2026-09-26T23:00:00Z,Denmark,0.551
2026-09-26T23:15:00Z,Denmark,-0.014
2026-09-26T23:30:00Z,Denmark,-0.032
2026-09-26T23:45:00Z,Denmark,0.01
2026-09-27T00:00:00Z,Denmark,0.325
2026-09-27T00:15:00Z,Denmark,0.594
2026-09-27T00:30:00Z,Denmark,0.628
2026-09-27T00:45:00Z,Denmark,0.602
2026-09-27T01:00:00Z,Denmark,0.555
2026-09-27T01:15:00Z,Denmark,0.537
2026-09-27T01:30:00Z,Denmark,0.54
2026-09-27T01:45:00Z,Denmark,0.515
2026-09-27T02:00:00Z,Denmark,0.525
2026-09-27T02:15:00Z,Denmark,0.593
2026-09-27T02:30:00Z,Denmark,0.552
2026-09-27T02:45:00Z,Denmark,0.554
2026-09-27T03:00:00Z,Denmark,0.487
2026-09-27T03:15:00Z,Denmark,0.446
2026-09-27T03:30:00Z,Denmark,0.454
2026-09-27T03:45:00Z,Denmark,0.469
2026-09-27T04:00:00Z,Denmark,0.466
2026-09-27T04:15:00Z,Denmark,0.488
2026-09-27T04:30:00Z,Denmark,0.489
2026-09-27T04:45:00Z,Denmark,0.475
2026-09-27T05:00:00Z,Denmark,0.3
2026-09-27T05:15:00Z,Denmark,0.41
2026-09-27T05:30:00Z,Denmark,0.611
2026-09-27T05:45:00Z,Denmark,0.681
2026-09-27T06:00:00Z,Denmark,0.578
2026-09-27T06:15:00Z,Denmark,0.527
2026-09-27T06:30:00Z,Denmark,0.638
2026-09-27T06:45:00Z,Denmark,0.644
2026-09-27T07:00:00Z,Denmark,0.684
2026-09-27T07:15:00Z,Denmark,0.61
2026-09-27T07:30:00Z,Denmark,0.613
2026-09-27T07:45:00Z,Denmark,0.625
2026-09-27T08:00:00Z,Denmark,0.315
2026-09-27T08:15:00Z,Denmark,0.098
2026-09-27T08:30:00Z,Denmark,-0.217
2026-09-27T08:45:00Z,Denmark,-0.536
2026-09-27T09:00:00Z,Denmark,-0.622
2026-09-27T09:15:00Z,Denmark,-0.668
2026-09-27T09:30:00Z,Denmark,-0.687
2026-09-27T09:45:00Z,Denmark,-0.676
2026-09-27T10:00:00Z,Denmark,-0.691
2026-09-27T10:15:00Z,Denmark,-0.681
2026-09-27T10:30:00Z,Denmark,-0.695
2026-09-27T10:45:00Z,Denmark,-0.693
2026-09-27T11:00:00Z,Denmark,-0.699
2026-09-27T11:15:00Z,Denmark,-0.697
2026-09-27T11:30:00Z,Denmark,-0.696
2026-09-27T11:45:00Z,Denmark,-0.697
2026-09-27T12:00:00Z,Denmark,-0.697
2026-09-27T12:15:00Z,Denmark,-0.697
2026-09-27T12:30:00Z,Denmark,-0.697
2026-09-27T12:45:00Z,Denmark,-0.697
2026-09-27T13:00:00Z,Denmark,-0.692
2026-09-27T13:15:00Z,Denmark,-0.683
2026-09-27T13:30:00Z,Denmark,-0.693
2026-09-27T13:45:00Z,Denmark,-0.654
2026-09-27T14:00:00Z,Denmark,-0.586
2026-09-27T14:15:00Z,Denmark,-0.601
2026-09-27T14:30:00Z,Denmark,-0.165
2026-09-27T14:45:00Z,Denmark,0.043
2026-09-27T15:00:00Z,Denmark,0.555
2026-09-27T15:15:00Z,Denmark,0.691
2026-09-27T15:30:00Z,Denmark,0.701
2026-09-27T15:45:00Z,Denmark,0.7
2026-09-27T16:00:00Z,Denmark,0.7
2026-09-27T16:15:00Z,Denmark,0.7
2026-09-27T16:30:00Z,Denmark,0.7
2026-09-27T16:45:00Z,Denmark,0.701
2026-09-27T17:00:00Z,Denmark,0.701
2026-09-27T17:15:00Z,Denmark,0.7
2026-09-27T17:30:00Z,Denmark,0.7
2026-09-27T17:45:00Z,Denmark,0.7
2026-09-27T18:00:00Z,Denmark,0.7
2026-09-27T18:15:00Z,Denmark,0.7
2026-09-27T18:30:00Z,Denmark,0.7
2026-09-27T18:45:00Z,Denmark,0.7
2026-09-27T19:00:00Z,Denmark,0.7
2026-09-27T19:15:00Z,Denmark,0.7
2026-09-27T19:30:00Z,Denmark,0.7
2026-09-27T19:45:00Z,Denmark,0.7
2026-09-27T20:00:00Z,Denmark,0.7
2026-09-27T20:15:00Z,Denmark,0.699
2026-09-27T20:30:00Z,Denmark,0.692
2026-09-27T20:45:00Z,Denmark,0.69
2026-09-27T21:00:00Z,Denmark,0.616
2026-09-27T21:15:00Z,Denmark,0.633
2026-09-27T21:30:00Z,Denmark,0.516
2026-09-27T21:45:00Z,Denmark,0.471
2026-09-26T22:00:00Z,Germany,-1.466
2026-09-26T22:15:00Z,Germany,-2.178
2026-09-26T22:30:00Z,Germany,-1.943
2026-09-26T22:45:00Z,Germany,-1.563
2026-09-26T23:00:00Z,Germany,-1.09
2026-09-26T23:15:00Z,Germany,-0.101
2026-09-26T23:30:00Z,Germany,0.321
2026-09-26T23:45:00Z,Germany,0.323
2026-09-27T00:00:00Z,Germany,0.11
2026-09-27T00:15:00Z,Germany,0.237
2026-09-27T00:30:00Z,Germany,0.545
2026-09-27T00:45:00Z,Germany,0.745
2026-09-27T01:00:00Z,Germany,0.521
2026-09-27T01:15:00Z,Germany,0.573
2026-09-27T01:30:00Z,Germany,0.472
2026-09-27T01:45:00Z,Germany,0.367
2026-09-27T02:00:00Z,Germany,0.356
2026-09-27T02:15:00Z,Germany,0.37
2026-09-27T02:30:00Z,Germany,0.392
2026-09-27T02:45:00Z,Germany,0.476
2026-09-27T03:00:00Z,Germany,0.51
2026-09-27T03:15:00Z,Germany,0.596
2026-09-27T03:30:00Z,Germany,0.597
2026-09-27T03:45:00Z,Germany,0.729
2026-09-27T04:00:00Z,Germany,0.47
2026-09-27T04:15:00Z,Germany,0.574
2026-09-27T04:30:00Z,Germany,0.579
2026-09-27T04:45:00Z,Germany,0.63
2026-09-27T05:00:00Z,Germany,1.251
2026-09-27T05:15:00Z,Germany,1.863
2026-09-27T05:30:00Z,Germany,2.219
2026-09-27T05:45:00Z,Germany,2.502
2026-09-27T06:00:00Z,Germany,3.281
2026-09-27T06:15:00Z,Germany,3.682
2026-09-27T06:30:00Z,Germany,3.996
2026-09-27T06:45:00Z,Germany,3.97
2026-09-27T07:00:00Z,Germany,4.161
2026-09-27T07:15:00Z,Germany,3.965
2026-09-27T07:30:00Z,Germany,4.069
2026-09-27T07:45:00Z,Germany,3.918
2026-09-27T08:00:00Z,Germany,4.159
2026-09-27T08:15:00Z,Germany,3.975
2026-09-27T08:30:00Z,Germany,4.236
2026-09-27T08:45:00Z,Germany,4.268
2026-09-27T09:00:00Z,Germany,3.903
2026-09-27T09:15:00Z,Germany,3.808
2026-09-27T09:30:00Z,Germany,3.394
2026-09-27T09:45:00Z,Germany,3.062
2026-09-27T10:00:00Z,Germany,2.96
2026-09-27T10:15:00Z,Germany,3.183
2026-09-27T10:30:00Z,Germany,3.078
2026-09-27T10:45:00Z,Germany,2.984
2026-09-27T11:00:00Z,Germany,3.182
2026-09-27T11:15:00Z,Germany,2.938
2026-09-27T11:30:00Z,Germany,2.979
2026-09-27T11:45:00Z,Germany,2.854
2026-09-27T12:00:00Z,Germany,2.994
2026-09-27T12:15:00Z,Germany,3.294
2026-09-27T12:30:00Z,Germany,3.236
2026-09-27T12:45:00Z,Germany,3.291
2026-09-27T13:00:00Z,Germany,3.471
2026-09-27T13:15:00Z,Germany,3.316
2026-09-27T13:30:00Z,Germany,2.809
2026-09-27T13:45:00Z,Germany,2.576
2026-09-27T14:00:00Z,Germany,2.651
2026-09-27T14:15:00Z,Germany,2.731
2026-09-27T14:30:00Z,Germany,2.824
2026-09-27T14:45:00Z,Germany,2.836
2026-09-27T15:00:00Z,Germany,1.861
2026-09-27T15:15:00Z,Germany,1.575
2026-09-27T15:30:00Z,Germany,1.277
2026-09-27T15:45:00Z,Germany,1.132
2026-09-27T16:00:00Z,Germany,0.874
2026-09-27T16:15:00Z,Germany,0.916
2026-09-27T16:30:00Z,Germany,1.26
2026-09-27T16:45:00Z,Germany,1.117
2026-09-27T17:00:00Z,Germany,2.204
2026-09-27T17:15:00Z,Germany,2.35
2026-09-27T17:30:00Z,Germany,2.259
2026-09-27T17:45:00Z,Germany,1.667
2026-09-27T18:00:00Z,Germany,2.151
2026-09-27T18:15:00Z,Germany,1.959
2026-09-27T18:30:00Z,Germany,1.968
2026-09-27T18:45:00Z,Germany,2.289
2026-09-27T19:00:00Z,Germany,2.395
2026-09-27T19:15:00Z,Germany,2.294
2026-09-27T19:30:00Z,Germany,2.394
2026-09-27T19:45:00Z,Germany,2.299
2026-09-27T20:00:00Z,Germany,2.169
2026-09-27T20:15:00Z,Germany,1.972
2026-09-27T20:30:00Z,Germany,1.836
2026-09-27T20:45:00Z,Germany,1.687
2026-09-27T21:00:00Z,Germany,2.404
2026-09-27T21:15:00Z,Germany,2.015
2026-09-27T21:30:00Z,Germany,2.337
2026-09-27T21:45:00Z,Germany,1.761
2026-09-26T22:00:00Z,Norway,0
2026-09-26T22:15:00Z,Norway,0
2026-09-26T22:30:00Z,Norway,0
2026-09-26T22:45:00Z,Norway,0
2026-09-26T23:00:00Z,Norway,0
2026-09-26T23:15:00Z,Norway,0
2026-09-26T23:30:00Z,Norway,0
2026-09-26T23:45:00Z,Norway,0
2026-09-27T00:00:00Z,Norway,0
2026-09-27T00:15:00Z,Norway,0
2026-09-27T00:30:00Z,Norway,0
2026-09-27T00:45:00Z,Norway,0
2026-09-27T01:00:00Z,Norway,0
2026-09-27T01:15:00Z,Norway,0
2026-09-27T01:30:00Z,Norway,0
2026-09-27T01:45:00Z,Norway,0
2026-09-27T02:00:00Z,Norway,0
2026-09-27T02:15:00Z,Norway,0
2026-09-27T02:30:00Z,Norway,0
2026-09-27T02:45:00Z,Norway,0
2026-09-27T03:00:00Z,Norway,0
2026-09-27T03:15:00Z,Norway,0
2026-09-27T03:30:00Z,Norway,0
2026-09-27T03:45:00Z,Norway,0
2026-09-27T04:00:00Z,Norway,0
2026-09-27T04:15:00Z,Norway,0
2026-09-27T04:30:00Z,Norway,0
2026-09-27T04:45:00Z,Norway,0
2026-09-27T05:00:00Z,Norway,0
2026-09-27T05:15:00Z,Norway,0
2026-09-27T05:30:00Z,Norway,0
2026-09-27T05:45:00Z,Norway,0
2026-09-27T06:00:00Z,Norway,0
2026-09-27T06:15:00Z,Norway,0
2026-09-27T06:30:00Z,Norway,0
2026-09-27T06:45:00Z,Norway,0
2026-09-27T07:00:00Z,Norway,0
2026-09-27T07:15:00Z,Norway,0
2026-09-27T07:30:00Z,Norway,0
2026-09-27T07:45:00Z,Norway,0
2026-09-27T08:00:00Z,Norway,0
2026-09-27T08:15:00Z,Norway,0
2026-09-27T08:30:00Z,Norway,0
2026-09-27T08:45:00Z,Norway,0
2026-09-27T09:00:00Z,Norway,0
2026-09-27T09:15:00Z,Norway,0
2026-09-27T09:30:00Z,Norway,0
2026-09-27T09:45:00Z,Norway,0
2026-09-27T10:00:00Z,Norway,0
2026-09-27T10:15:00Z,Norway,0
2026-09-27T10:30:00Z,Norway,0
2026-09-27T10:45:00Z,Norway,0
2026-09-27T11:00:00Z,Norway,0
2026-09-27T11:15:00Z,Norway,0
2026-09-27T11:30:00Z,Norway,0
2026-09-27T11:45:00Z,Norway,0
2026-09-27T12:00:00Z,Norway,0
2026-09-27T12:15:00Z,Norway,0
2026-09-27T12:30:00Z,Norway,0
2026-09-27T12:45:00Z,Norway,0
2026-09-27T13:00:00Z,Norway,0
2026-09-27T13:15:00Z,Norway,0
2026-09-27T13:30:00Z,Norway,0
2026-09-27T13:45:00Z,Norway,0
2026-09-27T14:00:00Z,Norway,0
2026-09-27T14:15:00Z,Norway,0
2026-09-27T14:30:00Z,Norway,0
2026-09-27T14:45:00Z,Norway,0
2026-09-27T15:00:00Z,Norway,0
2026-09-27T15:15:00Z,Norway,0
2026-09-27T15:30:00Z,Norway,0
2026-09-27T15:45:00Z,Norway,0
2026-09-27T16:00:00Z,Norway,0
2026-09-27T16:15:00Z,Norway,0
2026-09-27T16:30:00Z,Norway,0
2026-09-27T16:45:00Z,Norway,0
2026-09-27T17:00:00Z,Norway,0
2026-09-27T17:15:00Z,Norway,0
2026-09-27T17:30:00Z,Norway,0
2026-09-27T17:45:00Z,Norway,0
2026-09-27T18:00:00Z,Norway,0
2026-09-27T18:15:00Z,Norway,0
2026-09-27T18:30:00Z,Norway,0
2026-09-27T18:45:00Z,Norway,0
2026-09-27T19:00:00Z,Norway,0
2026-09-27T19:15:00Z,Norway,0
2026-09-27T19:30:00Z,Norway,0
2026-09-27T19:45:00Z,Norway,0
2026-09-27T20:00:00Z,Norway,0
2026-09-27T20:15:00Z,Norway,0
2026-09-27T20:30:00Z,Norway,0
2026-09-27T20:45:00Z,Norway,0
2026-09-27T21:00:00Z,Norway,0
2026-09-27T21:15:00Z,Norway,0
2026-09-27T21:30:00Z,Norway,0
2026-09-27T21:45:00Z,Norway,0
2026-09-26T22:00:00Z,United Kingdom,0.521
2026-09-26T22:15:00Z,United Kingdom,0.522
2026-09-26T22:30:00Z,United Kingdom,0.522
2026-09-26T22:45:00Z,United Kingdom,0.52
2026-09-26T23:00:00Z,United Kingdom,0.51
2026-09-26T23:15:00Z,United Kingdom,0.51
2026-09-26T23:30:00Z,United Kingdom,0.51
2026-09-26T23:45:00Z,United Kingdom,0.484
2026-09-27T00:00:00Z,United Kingdom,0.323
2026-09-27T00:15:00Z,United Kingdom,0.324
2026-09-27T00:30:00Z,United Kingdom,0.325
2026-09-27T00:45:00Z,United Kingdom,0.372
2026-09-27T01:00:00Z,United Kingdom,0.649
2026-09-27T01:15:00Z,United Kingdom,0.649
2026-09-27T01:30:00Z,United Kingdom,0.649
2026-09-27T01:45:00Z,United Kingdom,0.645
2026-09-27T02:00:00Z,United Kingdom,0.616
2026-09-27T02:15:00Z,United Kingdom,0.617
2026-09-27T02:30:00Z,United Kingdom,0.616
2026-09-27T02:45:00Z,United Kingdom,0.63
2026-09-27T03:00:00Z,United Kingdom,0.725
2026-09-27T03:15:00Z,United Kingdom,0.726
2026-09-27T03:30:00Z,United Kingdom,0.726
2026-09-27T03:45:00Z,United Kingdom,0.747
2026-09-27T04:00:00Z,United Kingdom,0.882
2026-09-27T04:15:00Z,United Kingdom,0.884
2026-09-27T04:30:00Z,United Kingdom,0.883
2026-09-27T04:45:00Z,United Kingdom,0.864
2026-09-27T05:00:00Z,United Kingdom,0.747
2026-09-27T05:15:00Z,United Kingdom,0.747
2026-09-27T05:30:00Z,United Kingdom,0.747
2026-09-27T05:45:00Z,United Kingdom,0.714
2026-09-27T06:00:00Z,United Kingdom,0.511
2026-09-27T06:15:00Z,United Kingdom,0.511
2026-09-27T06:30:00Z,United Kingdom,0.51
2026-09-27T06:45:00Z,United Kingdom,0.337
2026-09-27T07:00:00Z,United Kingdom,-0.239
2026-09-27T07:15:00Z,United Kingdom,-0.239
2026-09-27T07:30:00Z,United Kingdom,-0.24
2026-09-27T07:45:00Z,United Kingdom,-0.282
2026-09-27T08:00:00Z,United Kingdom,-0.38
2026-09-27T08:15:00Z,United Kingdom,-0.379
2026-09-27T08:30:00Z,United Kingdom,-0.379
2026-09-27T08:45:00Z,United Kingdom,-0.444
2026-09-27T09:00:00Z,United Kingdom,-0.806
2026-09-27T09:15:00Z,United Kingdom,-0.806
2026-09-27T09:30:00Z,United Kingdom,-0.806
2026-09-27T09:45:00Z,United Kingdom,-0.807
2026-09-27T10:00:00Z,United Kingdom,-0.817
2026-09-27T10:15:00Z,United Kingdom,-0.817
2026-09-27T10:30:00Z,United Kingdom,-0.817
2026-09-27T10:45:00Z,United Kingdom,-0.839
2026-09-27T11:00:00Z,United Kingdom,-0.971
2026-09-27T11:15:00Z,United Kingdom,-0.972
2026-09-27T11:30:00Z,United Kingdom,-0.972
2026-09-27T11:45:00Z,United Kingdom,-0.987
2026-09-27T12:00:00Z,United Kingdom,-1.069
2026-09-27T12:15:00Z,United Kingdom,-1.068
2026-09-27T12:30:00Z,United Kingdom,-1.068
2026-09-27T12:45:00Z,United Kingdom,-1.069
2026-09-27T13:00:00Z,United Kingdom,-1.069
2026-09-27T13:15:00Z,United Kingdom,-1.069
2026-09-27T13:30:00Z,United Kingdom,-1.069
2026-09-27T13:45:00Z,United Kingdom,-1.052
2026-09-27T14:00:00Z,United Kingdom,-0.945
2026-09-27T14:15:00Z,United Kingdom,-0.944
2026-09-27T14:30:00Z,United Kingdom,-0.944
2026-09-27T14:45:00Z,United Kingdom,-0.492
2026-09-27T15:00:00Z,United Kingdom,0.518
2026-09-27T15:15:00Z,United Kingdom,0.541
2026-09-27T15:30:00Z,United Kingdom,0.54
2026-09-27T15:45:00Z,United Kingdom,0.536
2026-09-27T16:00:00Z,United Kingdom,0.503
2026-09-27T16:15:00Z,United Kingdom,0.503
2026-09-27T16:30:00Z,United Kingdom,0.503
2026-09-27T16:45:00Z,United Kingdom,0.508
2026-09-27T17:00:00Z,United Kingdom,0.536
2026-09-27T17:15:00Z,United Kingdom,0.536
2026-09-27T17:30:00Z,United Kingdom,0.536
2026-09-27T17:45:00Z,United Kingdom,0.504
2026-09-27T18:00:00Z,United Kingdom,0.305
2026-09-27T18:15:00Z,United Kingdom,0.305
2026-09-27T18:30:00Z,United Kingdom,0.305
2026-09-27T18:45:00Z,United Kingdom,0.246
2026-09-27T19:00:00Z,United Kingdom,0.111
2026-09-27T19:15:00Z,United Kingdom,0.111
2026-09-27T19:30:00Z,United Kingdom,0.111
2026-09-27T19:45:00Z,United Kingdom,0.074
2026-09-27T20:00:00Z,United Kingdom,-0.104
2026-09-27T20:15:00Z,United Kingdom,-0.104
2026-09-27T20:30:00Z,United Kingdom,-0.105
2026-09-27T20:45:00Z,United Kingdom,-0.104
2026-09-27T21:00:00Z,United Kingdom,-0.364
2026-09-27T21:15:00Z,United Kingdom,-0.365
2026-09-27T21:30:00Z,United Kingdom,-0.365
2026-09-27T21:45:00Z,United Kingdom,-0.408
2026-09-26T22:00:00Z,sum,-3.192
2026-09-26T22:15:00Z,sum,-3.104
2026-09-26T22:30:00Z,sum,-2.555
2026-09-26T22:45:00Z,sum,-1.924
2026-09-26T23:00:00Z,sum,-1.795
2026-09-26T23:15:00Z,sum,-1.695
2026-09-26T23:30:00Z,sum,-1.289
2026-09-26T23:45:00Z,sum,-1.099
2026-09-27T00:00:00Z,sum,-1.048
2026-09-27T00:15:00Z,sum,-0.644
2026-09-27T00:30:00Z,sum,-0.268
2026-09-27T00:45:00Z,sum,0.028
2026-09-27T01:00:00Z,sum,-0.079
2026-09-27T01:15:00Z,sum,-0.064
2026-09-27T01:30:00Z,sum,-0.302
2026-09-27T01:45:00Z,sum,-0.404
2026-09-27T02:00:00Z,sum,-0.362
2026-09-27T02:15:00Z,sum,-0.303
2026-09-27T02:30:00Z,sum,-0.292
2026-09-27T02:45:00Z,sum,-0.232
2026-09-27T03:00:00Z,sum,-0.296
2026-09-27T03:15:00Z,sum,-0.293
2026-09-27T03:30:00Z,sum,-0.279
2026-09-27T03:45:00Z,sum,-0.127
2026-09-27T04:00:00Z,sum,-0.098
2026-09-27T04:15:00Z,sum,-0.007
2026-09-27T04:30:00Z,sum,-0.024
2026-09-27T04:45:00Z,sum,-0.043
2026-09-27T05:00:00Z,sum,0.376
2026-09-27T05:15:00Z,sum,1.023
2026-09-27T05:30:00Z,sum,1.506
2026-09-27T05:45:00Z,sum,1.845
2026-09-27T06:00:00Z,sum,1.912
2026-09-27T06:15:00Z,sum,2.308
2026-09-27T06:30:00Z,sum,2.713
2026-09-27T06:45:00Z,sum,2.776
2026-09-27T07:00:00Z,sum,2.544
2026-09-27T07:15:00Z,sum,2.478
2026-09-27T07:30:00Z,sum,2.518
2026-09-27T07:45:00Z,sum,2.299
2026-09-27T08:00:00Z,sum,1.538
2026-09-27T08:15:00Z,sum,1.149
2026-09-27T08:30:00Z,sum,0.967
2026-09-27T08:45:00Z,sum,0.428
2026-09-27T09:00:00Z,sum,-0.011
2026-09-27T09:15:00Z,sum,-0.362
2026-09-27T09:30:00Z,sum,-0.878
2026-09-27T09:45:00Z,sum,-1.007
2026-09-27T10:00:00Z,sum,-1.345
2026-09-27T10:15:00Z,sum,-1.159
2026-09-27T10:30:00Z,sum,-1.283
2026-09-27T10:45:00Z,sum,-1.365
2026-09-27T11:00:00Z,sum,-1.473
2026-09-27T11:15:00Z,sum,-1.749
2026-09-27T11:30:00Z,sum,-1.502
2026-09-27T11:45:00Z,sum,-1.219
2026-09-27T12:00:00Z,sum,-1.482
2026-09-27T12:15:00Z,sum,-1.37
2026-09-27T12:30:00Z,sum,-1.349
2026-09-27T12:45:00Z,sum,-1.072
2026-09-27T13:00:00Z,sum,-0.77
2026-09-27T13:15:00Z,sum,-0.384
2026-09-27T13:30:00Z,sum,-0.216
2026-09-27T13:45:00Z,sum,0.04
2026-09-27T14:00:00Z,sum,0.126
2026-09-27T14:15:00Z,sum,0.655
2026-09-27T14:30:00Z,sum,1.229
2026-09-27T14:45:00Z,sum,1.975
2026-09-27T15:00:00Z,sum,2.235
2026-09-27T15:15:00Z,sum,2.263
2026-09-27T15:30:00Z,sum,1.691
2026-09-27T15:45:00Z,sum,1.128
2026-09-27T16:00:00Z,sum,0.753
2026-09-27T16:15:00Z,sum,0.222
2026-09-27T16:30:00Z,sum,0.416
2026-09-27T16:45:00Z,sum,0.609
2026-09-27T17:00:00Z,sum,0.641
2026-09-27T17:15:00Z,sum,0.527
2026-09-27T17:30:00Z,sum,0.467
2026-09-27T17:45:00Z,sum,0.437
2026-09-27T18:00:00Z,sum,0.227
2026-09-27T18:15:00Z,sum,0.143
2026-09-27T18:30:00Z,sum,-0.019
2026-09-27T18:45:00Z,sum,0.122
2026-09-27T19:00:00Z,sum,-0.174
2026-09-27T19:15:00Z,sum,-0.224
2026-09-27T19:30:00Z,sum,-0.297
2026-09-27T19:45:00Z,sum,-0.345
2026-09-27T20:00:00Z,sum,-0.605
2026-09-27T20:15:00Z,sum,-0.863
2026-09-27T20:30:00Z,sum,-1.396
2026-09-27T20:45:00Z,sum,-1.46
2026-09-27T21:00:00Z,sum,-0.791
2026-09-27T21:15:00Z,sum,-0.867
2026-09-27T21:30:00Z,sum,-0.697
2026-09-27T21:45:00Z,sum,-1.165
2026-09-27T22:00:00Z,Belgium,-3.206
2026-09-27T22:15:00Z,Belgium,-3.21
2026-09-27T22:30:00Z,Belgium,-2.96
2026-09-27T22:45:00Z,Belgium,-2.69
2026-09-27T23:00:00Z,Belgium,-3.355
2026-09-27T23:15:00Z,Belgium,-3.138
2026-09-27T23:30:00Z,Belgium,-2.968
2026-09-27T23:45:00Z,Belgium,-2.971
2026-09-28T00:00:00Z,Belgium,-3.065
2026-09-28T00:15:00Z,Belgium,-2.902
2026-09-28T00:30:00Z,Belgium,-2.71
2026-09-28T00:45:00Z,Belgium,-2.474
2026-09-28T01:00:00Z,Belgium,-2.54
2026-09-28T01:15:00Z,Belgium,-2.601
2026-09-28T01:30:00Z,Belgium,-2.525
2026-09-28T01:45:00Z,Belgium,-2.526
2026-09-28T02:00:00Z,Belgium,-2.333
2026-09-28T02:15:00Z,Belgium,-2.197
2026-09-28T02:30:00Z,Belgium,-2.11
2026-09-28T02:45:00Z,Belgium,-1.892
2026-09-28T03:00:00Z,Belgium,-1.58
2026-09-28T03:15:00Z,Belgium,-1.236
2026-09-28T03:30:00Z,Belgium,-0.86
2026-09-28T03:45:00Z,Belgium,-1.249
2026-09-28T04:00:00Z,Belgium,-1.268
2026-09-28T04:15:00Z,Belgium,-1.421
2026-09-28T04:30:00Z,Belgium,-1.036
2026-09-28T04:45:00Z,Belgium,-0.799
2026-09-28T05:00:00Z,Belgium,-0.237
2026-09-28T05:15:00Z,Belgium,-0.739
2026-09-28T05:30:00Z,Belgium,-0.563
2026-09-28T05:45:00Z,Belgium,-0.598
2026-09-28T06:00:00Z,Belgium,-1.104
2026-09-28T06:15:00Z,Belgium,-0.831
2026-09-28T06:30:00Z,Belgium,-0.837
2026-09-28T06:45:00Z,Belgium,-1.382
2026-09-28T07:00:00Z,Belgium,-1.795
2026-09-28T07:15:00Z,Belgium,-1.859
2026-09-28T07:30:00Z,Belgium,-1.917
2026-09-28T07:45:00Z,Belgium,-2.099
2026-09-28T08:00:00Z,Belgium,-2.205
2026-09-28T08:15:00Z,Belgium,-2.406
2026-09-28T08:30:00Z,Belgium,-2.549
2026-09-28T08:45:00Z,Belgium,-2.55
2026-09-28T09:00:00Z,Belgium,-2.331
2026-09-28T09:15:00Z,Belgium,-2.413
2026-09-28T09:30:00Z,Belgium,-2.475
2026-09-28T09:45:00Z,Belgium,-2.563
2026-09-28T10:00:00Z,Belgium,-2.563
2026-09-28T10:15:00Z,Belgium,-2.54
2026-09-28T10:30:00Z,Belgium,-2.438
2026-09-28T10:45:00Z,Belgium,-2.315
2026-09-28T11:00:00Z,Belgium,-2.251
2026-09-28T11:15:00Z,Belgium,-2.174
2026-09-28T11:30:00Z,Belgium,-2.028
2026-09-28T11:45:00Z,Belgium,-1.881
2026-09-28T12:00:00Z,Belgium,-1.733
2026-09-28T12:15:00Z,Belgium,-1.479
2026-09-28T12:30:00Z,Belgium,-1.342
2026-09-28T12:45:00Z,Belgium,-1.481
2026-09-28T13:00:00Z,Belgium,-1.375
2026-09-28T13:15:00Z,Belgium,-1.376
2026-09-28T13:30:00Z,Belgium,-1.312
2026-09-28T13:45:00Z,Belgium,-0.972
2026-09-28T14:00:00Z,Belgium,-0.981
2026-09-28T14:15:00Z,Belgium,-0.747
2026-09-28T14:30:00Z,Belgium,-0.342
2026-09-28T14:45:00Z,Belgium,-0.837
2026-09-28T15:00:00Z,Belgium,-0.064
2026-09-28T15:15:00Z,Belgium,0.052
2026-09-28T15:30:00Z,Belgium,0.196
2026-09-28T15:45:00Z,Belgium,-0.089
2026-09-28T16:00:00Z,Belgium,-0.51
2026-09-28T16:15:00Z,Belgium,-0.571
2026-09-28T16:30:00Z,Belgium,-0.772
2026-09-28T16:45:00Z,Belgium,-0.877
2026-09-28T17:00:00Z,Belgium,-0.995
2026-09-28T17:15:00Z,Belgium,-0.934
2026-09-28T17:30:00Z,Belgium,-1.179
2026-09-28T17:45:00Z,Belgium,-1.188
2026-09-28T18:00:00Z,Belgium,-1.11
2026-09-28T18:15:00Z,Belgium,-1.151
2026-09-28T18:30:00Z,Belgium,-1.092
2026-09-28T18:45:00Z,Belgium,-1.195
2026-09-28T19:00:00Z,Belgium,-0.864
2026-09-28T19:15:00Z,Belgium,-1.078
2026-09-28T19:30:00Z,Belgium,-1.074
2026-09-28T19:45:00Z,Belgium,-1.301
2026-09-28T20:00:00Z,Belgium,-1.489
2026-09-28T20:15:00Z,Belgium,-1.431
2026-09-28T20:30:00Z,Belgium,-1.492
2026-09-28T20:45:00Z,Belgium,-1.514
2026-09-28T21:00:00Z,Belgium,-1.589
2026-09-28T21:15:00Z,Belgium,-1.711
2026-09-28T21:30:00Z,Belgium,-1.606
2026-09-28T21:45:00Z,Belgium,-1.618
2026-09-28T22:00:00Z,Belgium,-1.479
2026-09-28T22:15:00Z,Belgium,-1.536
2026-09-28T22:30:00Z,Belgium,-1.52
2026-09-28T22:45:00Z,Belgium,-1.257
2026-09-28T23:00:00Z,Belgium,-1.668
2026-09-28T23:15:00Z,Belgium,-1.809
2026-09-28T23:30:00Z,Belgium,-2.03
2026-09-28T23:45:00Z,Belgium,-1.865
2026-09-29T00:00:00Z,Belgium,-1.846
2026-09-29T00:15:00Z,Belgium,-1.711
2026-09-29T00:30:00Z,Belgium,-1.552
2026-09-29T00:45:00Z,Belgium,-1.372
2026-09-29T01:00:00Z,Belgium,-1.222
2026-09-29T01:15:00Z,Belgium,-1.378
2026-09-29T01:30:00Z,Belgium,-1.541
2026-09-29T01:45:00Z,Belgium,-1.626
2026-09-29T02:00:00Z,Belgium,-1.472
2026-09-29T02:15:00Z,Belgium,-1.547
2026-09-29T02:30:00Z,Belgium,-1.349
2026-09-29T02:45:00Z,Belgium,-1.333
2026-09-29T03:00:00Z,Belgium,-1.404
2026-09-29T03:15:00Z,Belgium,-1.279
2026-09-29T03:30:00Z,Belgium,-1.081
2026-09-29T03:45:00Z,Belgium,-1.389
2026-09-29T04:00:00Z,Belgium,-1.708
2026-09-29T04:15:00Z,Belgium,-1.675
2026-09-29T04:30:00Z,Belgium,-1.478
2026-09-29T04:45:00Z,Belgium,-1.515
2026-09-29T05:00:00Z,Belgium,-1.538
2026-09-29T05:15:00Z,Belgium,-1.627
2026-09-29T05:30:00Z,Belgium,-1.159
2026-09-29T05:45:00Z,Belgium,-1.237
2026-09-29T06:00:00Z,Belgium,-0.883
2026-09-29T06:15:00Z,Belgium,-1.216
2026-09-29T06:30:00Z,Belgium,-1.35
2026-09-29T06:45:00Z,Belgium,-1.708
2026-09-29T07:00:00Z,Belgium,-1.762
2026-09-29T07:15:00Z,Belgium,-1.76
2026-09-29T07:30:00Z,Belgium,-1.738
2026-09-29T07:45:00Z,Belgium,-1.783
2026-09-29T08:00:00Z,Belgium,-1.49
2026-09-29T08:15:00Z,Belgium,-1.518
2026-09-29T08:30:00Z,Belgium,-1.417
2026-09-29T08:45:00Z,Belgium,-1.222
2026-09-29T09:00:00Z,Belgium,-1.665
2026-09-29T09:15:00Z,Belgium,-1.707
2026-09-29T09:30:00Z,Belgium,-2.156
2026-09-29T09:45:00Z,Belgium,-2.168
2026-09-29T10:00:00Z,Belgium,-2.723
2026-09-29T10:15:00Z,Belgium,-2.553
2026-09-29T10:30:00Z,Belgium,-2.609
2026-09-29T10:45:00Z,Belgium,-2.375
2026-09-29T11:00:00Z,Belgium,-1.557
2026-09-29T11:15:00Z,Belgium,-1.308
2026-09-29T11:30:00Z,Belgium,-1.118
2026-09-29T11:45:00Z,Belgium,-1.196
2026-09-29T12:00:00Z,Belgium,-1.122
2026-09-29T12:15:00Z,Belgium,-1.102
2026-09-29T12:30:00Z,Belgium,-1.227
2026-09-29T12:45:00Z,Belgium,-1.197
2026-09-29T13:00:00Z,Belgium,-1.299
2026-09-29T13:15:00Z,Belgium,-1.435
2026-09-29T13:30:00Z,Belgium,-1.519
2026-09-29T13:45:00Z,Belgium,-1.944
2026-09-29T14:00:00Z,Belgium,-2.095
2026-09-29T14:15:00Z,Belgium,-1.869
2026-09-29T14:30:00Z,Belgium,-2.328
2026-09-29T14:45:00Z,Belgium,-2.422
2026-09-29T15:00:00Z,Belgium,-2.181
2026-09-29T15:15:00Z,Belgium,-2.002
2026-09-29T15:30:00Z,Belgium,-1.534
2026-09-29T15:45:00Z,Belgium,-1.555
2026-09-29T16:00:00Z,Belgium,-1.347
2026-09-29T16:15:00Z,Belgium,-1.436
2026-09-29T16:30:00Z,Belgium,-0.898
2026-09-29T16:45:00Z,Belgium,-0.999
2026-09-29T17:00:00Z,Belgium,-0.843
2026-09-29T17:15:00Z,Belgium,-0.978
2026-09-29T17:30:00Z,Belgium,-1.251
2026-09-29T17:45:00Z,Belgium,-1.201
2026-09-29T18:00:00Z,Belgium,-0.938
2026-09-29T18:15:00Z,Belgium,-0.804
2026-09-29T18:30:00Z,Belgium,-0.678
2026-09-29T18:45:00Z,Belgium,-0.799
2026-09-29T19:00:00Z,Belgium,-0.88
2026-09-29T19:15:00Z,Belgium,-1.045
2026-09-29T19:30:00Z,Belgium,-0.943
2026-09-29T19:45:00Z,Belgium,-0.902
2026-09-29T20:00:00Z,Belgium,-0.974
2026-09-29T20:15:00Z,Belgium,-1.117
2026-09-29T20:30:00Z,Belgium,-1.244
2026-09-29T20:45:00Z,Belgium,-1.183
2026-09-29T21:00:00Z,Belgium,-1.127
2026-09-29T21:15:00Z,Belgium,-0.986
2026-09-29T21:30:00Z,Belgium,-0.98
2026-09-29T21:45:00Z,Belgium,-0.762
2026-09-29T22:00:00Z,Belgium,-0.872
2026-09-29T22:15:00Z,Belgium,-0.808
2026-09-29T22:30:00Z,Belgium,-1.578
2026-09-29T22:45:00Z,Belgium,-1.679
2026-09-29T23:00:00Z,Belgium,-1.269
2026-09-29T23:15:00Z,Belgium,-1.957
2026-09-27T22:00:00Z,Denmark,0.669
2026-09-27T22:15:00Z,Denmark,0.699
2026-09-27T22:30:00Z,Denmark,0.7
2026-09-27T22:45:00Z,Denmark,0.7
2026-09-27T23:00:00Z,Denmark,0.699
2026-09-27T23:15:00Z,Denmark,0.694
2026-09-27T23:30:00Z,Denmark,0.699
2026-09-27T23:45:00Z,Denmark,0.699
2026-09-28T00:00:00Z,Denmark,0.673
2026-09-28T00:15:00Z,Denmark,0.601
2026-09-28T00:30:00Z,Denmark,0.567
2026-09-28T00:45:00Z,Denmark,0.538
2026-09-28T01:00:00Z,Denmark,0.497
2026-09-28T01:15:00Z,Denmark,0.479
2026-09-28T01:30:00Z,Denmark,0.492
2026-09-28T01:45:00Z,Denmark,0.452
2026-09-28T02:00:00Z,Denmark,0.54
2026-09-28T02:15:00Z,Denmark,0.603
2026-09-28T02:30:00Z,Denmark,0.54
2026-09-28T02:45:00Z,Denmark,0.429
2026-09-28T03:00:00Z,Denmark,0.144
2026-09-28T03:15:00Z,Denmark,0.11
2026-09-28T03:30:00Z,Denmark,0.032
2026-09-28T03:45:00Z,Denmark,-0.289
2026-09-28T04:00:00Z,Denmark,0.122
2026-09-28T04:15:00Z,Denmark,0.092
2026-09-28T04:30:00Z,Denmark,-0.034
2026-09-28T04:45:00Z,Denmark,0.019
2026-09-28T05:00:00Z,Denmark,-0.132
2026-09-28T05:15:00Z,Denmark,0.05
2026-09-28T05:30:00Z,Denmark,0.183
2026-09-28T05:45:00Z,Denmark,0.262
2026-09-28T06:00:00Z,Denmark,0.183
2026-09-28T06:15:00Z,Denmark,0.616
2026-09-28T06:30:00Z,Denmark,0.687
2026-09-28T06:45:00Z,Denmark,0.653
2026-09-28T07:00:00Z,Denmark,0.622
2026-09-28T07:15:00Z,Denmark,0.585
2026-09-28T07:30:00Z,Denmark,0.514
2026-09-28T07:45:00Z,Denmark,0.457
2026-09-28T08:00:00Z,Denmark,0.011
2026-09-28T08:15:00Z,Denmark,0.051
2026-09-28T08:30:00Z,Denmark,-0.407
2026-09-28T08:45:00Z,Denmark,-0.159
2026-09-28T09:00:00Z,Denmark,0.253
2026-09-28T09:15:00Z,Denmark,0.31
2026-09-28T09:30:00Z,Denmark,0.137
2026-09-28T09:45:00Z,Denmark,0.293
2026-09-28T10:00:00Z,Denmark,0.252
2026-09-28T10:15:00Z,Denmark,0.069
2026-09-28T10:30:00Z,Denmark,0.144
2026-09-28T10:45:00Z,Denmark,0.188
2026-09-28T11:00:00Z,Denmark,0.293
2026-09-28T11:15:00Z,Denmark,0.291
2026-09-28T11:30:00Z,Denmark,0.367
2026-09-28T11:45:00Z,Denmark,0.359
2026-09-28T12:00:00Z,Denmark,0.528
2026-09-28T12:15:00Z,Denmark,0.682
2026-09-28T12:30:00Z,Denmark,0.665
2026-09-28T12:45:00Z,Denmark,0.437
2026-09-28T13:00:00Z,Denmark,0.085
2026-09-28T13:15:00Z,Denmark,-0.11
2026-09-28T13:30:00Z,Denmark,-0.136
2026-09-28T13:45:00Z,Denmark,-0.591
2026-09-28T14:00:00Z,Denmark,-0.423
2026-09-28T14:15:00Z,Denmark,-0.436
2026-09-28T14:30:00Z,Denmark,-0.432
2026-09-28T14:45:00Z,Denmark,-0.591
2026-09-28T15:00:00Z,Denmark,-0.276
2026-09-28T15:15:00Z,Denmark,-0.225
2026-09-28T15:30:00Z,Denmark,-0.051
2026-09-28T15:45:00Z,Denmark,-0.215
2026-09-28T16:00:00Z,Denmark,-0.458
2026-09-28T16:15:00Z,Denmark,-0.541
2026-09-28T16:30:00Z,Denmark,-0.615
2026-09-28T16:45:00Z,Denmark,-0.674
2026-09-28T17:00:00Z,Denmark,-0.699
2026-09-28T17:15:00Z,Denmark,-0.699
2026-09-28T17:30:00Z,Denmark,-0.698
2026-09-28T17:45:00Z,Denmark,-0.699
2026-09-28T18:00:00Z,Denmark,-0.699
2026-09-28T18:15:00Z,Denmark,-0.699
2026-09-28T18:30:00Z,Denmark,-0.699
2026-09-28T18:45:00Z,Denmark,-0.699
2026-09-28T19:00:00Z,Denmark,-0.697
2026-09-28T19:15:00Z,Denmark,-0.691
2026-09-28T19:30:00Z,Denmark,-0.695
2026-09-28T19:45:00Z,Denmark,-0.685
2026-09-28T20:00:00Z,Denmark,-0.667
2026-09-28T20:15:00Z,Denmark,-0.699
2026-09-28T20:30:00Z,Denmark,-0.694
2026-09-28T20:45:00Z,Denmark,-0.672
2026-09-28T21:00:00Z,Denmark,-0.66
2026-09-28T21:15:00Z,Denmark,-0.59
2026-09-28T21:30:00Z,Denmark,-0.689
2026-09-28T21:45:00Z,Denmark,-0.693
2026-09-28T22:00:00Z,Denmark,-0.697
2026-09-28T22:15:00Z,Denmark,-0.676
2026-09-28T22:30:00Z,Denmark,-0.584
2026-09-28T22:45:00Z,Denmark,-0.379
2026-09-28T23:00:00Z,Denmark,-0.124
2026-09-28T23:15:00Z,Denmark,-0.234
2026-09-28T23:30:00Z,Denmark,-0.487
2026-09-28T23:45:00Z,Denmark,-0.549
2026-09-29T00:00:00Z,Denmark,-0.086
2026-09-29T00:15:00Z,Denmark,-0.25
2026-09-29T00:30:00Z,Denmark,-0.538
2026-09-29T00:45:00Z,Denmark,-0.685
2026-09-29T01:00:00Z,Denmark,-0.694
2026-09-29T01:15:00Z,Denmark,-0.675
2026-09-29T01:30:00Z,Denmark,-0.698
2026-09-29T01:45:00Z,Denmark,-0.698
2026-09-29T02:00:00Z,Denmark,-0.698
2026-09-29T02:15:00Z,Denmark,-0.698
2026-09-29T02:30:00Z,Denmark,-0.698
2026-09-29T02:45:00Z,Denmark,-0.698
2026-09-29T03:00:00Z,Denmark,-0.698
2026-09-29T03:15:00Z,Denmark,-0.698
2026-09-29T03:30:00Z,Denmark,-0.698
2026-09-29T03:45:00Z,Denmark,-0.687
2026-09-29T04:00:00Z,Denmark,-0.632
2026-09-29T04:15:00Z,Denmark,-0.675
2026-09-29T04:30:00Z,Denmark,-0.679
2026-09-29T04:45:00Z,Denmark,-0.62
2026-09-29T05:00:00Z,Denmark,-0.466
2026-09-29T05:15:00Z,Denmark,-0.201
2026-09-29T05:30:00Z,Denmark,0.138
2026-09-29T05:45:00Z,Denmark,0.6
2026-09-29T06:00:00Z,Denmark,0.385
2026-09-29T06:15:00Z,Denmark,0.661
2026-09-29T06:30:00Z,Denmark,0.689
2026-09-29T06:45:00Z,Denmark,0.695
2026-09-29T07:00:00Z,Denmark,0.667
2026-09-29T07:15:00Z,Denmark,0.695
2026-09-29T07:30:00Z,Denmark,0.701
2026-09-29T07:45:00Z,Denmark,0.69
2026-09-29T08:00:00Z,Denmark,0.608
2026-09-29T08:15:00Z,Denmark,0.689
2026-09-29T08:30:00Z,Denmark,0.7
2026-09-29T08:45:00Z,Denmark,0.7
2026-09-29T09:00:00Z,Denmark,0.7
2026-09-29T09:15:00Z,Denmark,0.675
2026-09-29T09:30:00Z,Denmark,0.428
2026-09-29T09:45:00Z,Denmark,0.237
2026-09-29T10:00:00Z,Denmark,0.232
2026-09-29T10:15:00Z,Denmark,-0.09
2026-09-29T10:30:00Z,Denmark,-0.171
2026-09-29T10:45:00Z,Denmark,-0.205
2026-09-29T11:00:00Z,Denmark,-0.246
2026-09-29T11:15:00Z,Denmark,-0.365
2026-09-29T11:30:00Z,Denmark,-0.395
2026-09-29T11:45:00Z,Denmark,-0.271
2026-09-29T12:00:00Z,Denmark,0.129
2026-09-29T12:15:00Z,Denmark,0.198
2026-09-29T12:30:00Z,Denmark,0.191
2026-09-29T12:45:00Z,Denmark,0.158
2026-09-29T13:00:00Z,Denmark,0.038
2026-09-29T13:15:00Z,Denmark,-0.133
2026-09-29T13:30:00Z,Denmark,-0.256
2026-09-29T13:45:00Z,Denmark,0.173
2026-09-29T14:00:00Z,Denmark,0.582
2026-09-29T14:15:00Z,Denmark,0.651
2026-09-29T14:30:00Z,Denmark,0.509
2026-09-29T14:45:00Z,Denmark,0.651
2026-09-29T15:00:00Z,Denmark,0.69
2026-09-29T15:15:00Z,Denmark,0.639
2026-09-29T15:30:00Z,Denmark,0.606
2026-09-29T15:45:00Z,Denmark,0.689
2026-09-29T16:00:00Z,Denmark,0.7
2026-09-29T16:15:00Z,Denmark,0.7
2026-09-29T16:30:00Z,Denmark,0.7
2026-09-29T16:45:00Z,Denmark,0.7
2026-09-29T17:00:00Z,Denmark,0.694
2026-09-29T17:15:00Z,Denmark,0.635
2026-09-29T17:30:00Z,Denmark,0.637
2026-09-29T17:45:00Z,Denmark,0.62
2026-09-29T18:00:00Z,Denmark,0.691
2026-09-29T18:15:00Z,Denmark,0.7
2026-09-29T18:30:00Z,Denmark,0.7
2026-09-29T18:45:00Z,Denmark,0.7
2026-09-29T19:00:00Z,Denmark,0.7
2026-09-29T19:15:00Z,Denmark,0.7
2026-09-29T19:30:00Z,Denmark,0.7
2026-09-29T19:45:00Z,Denmark,0.7
2026-09-29T20:00:00Z,Denmark,0.7
2026-09-29T20:15:00Z,Denmark,0.7
2026-09-29T20:30:00Z,Denmark,0.69
2026-09-29T20:45:00Z,Denmark,0.605
2026-09-29T21:00:00Z,Denmark,0.688
2026-09-29T21:15:00Z,Denmark,0.7
2026-09-29T21:30:00Z,Denmark,0.7
2026-09-29T21:45:00Z,Denmark,0.7
2026-09-29T22:00:00Z,Denmark,0.688
2026-09-29T22:15:00Z,Denmark,0.557
2026-09-29T22:30:00Z,Denmark,0.379
2026-09-29T22:45:00Z,Denmark,0.1
2026-09-29T23:00:00Z,Denmark,0.626
2026-09-29T23:15:00Z,Denmark,0
2026-09-27T22:00:00Z,Germany,2.06
2026-09-27T22:15:00Z,Germany,2.072
2026-09-27T22:30:00Z,Germany,2.015
2026-09-27T22:45:00Z,Germany,1.886
2026-09-27T23:00:00Z,Germany,1.948
2026-09-27T23:15:00Z,Germany,1.506
2026-09-27T23:30:00Z,Germany,1.418
2026-09-27T23:45:00Z,Germany,1.503
2026-09-28T00:00:00Z,Germany,1.593
2026-09-28T00:15:00Z,Germany,1.511
2026-09-28T00:30:00Z,Germany,1.519
2026-09-28T00:45:00Z,Germany,1.498
2026-09-28T01:00:00Z,Germany,1.488
2026-09-28T01:15:00Z,Germany,1.356
2026-09-28T01:30:00Z,Germany,1.341
2026-09-28T01:45:00Z,Germany,1.444
2026-09-28T02:00:00Z,Germany,1.234
2026-09-28T02:15:00Z,Germany,1.257
2026-09-28T02:30:00Z,Germany,1.067
2026-09-28T02:45:00Z,Germany,0.799
2026-09-28T03:00:00Z,Germany,0.403
2026-09-28T03:15:00Z,Germany,-0.038
2026-09-28T03:30:00Z,Germany,-0.56
2026-09-28T03:45:00Z,Germany,-0.631
2026-09-28T04:00:00Z,Germany,-1.746
2026-09-28T04:15:00Z,Germany,-2.246
2026-09-28T04:30:00Z,Germany,-2.155
2026-09-28T04:45:00Z,Germany,-2.2
2026-09-28T05:00:00Z,Germany,-2.388
2026-09-28T05:15:00Z,Germany,-1.773
2026-09-28T05:30:00Z,Germany,-2.071
2026-09-28T05:45:00Z,Germany,-1.748
2026-09-28T06:00:00Z,Germany,-0.887
2026-09-28T06:15:00Z,Germany,-1.263
2026-09-28T06:30:00Z,Germany,-1.208
2026-09-28T06:45:00Z,Germany,-1.164
2026-09-28T07:00:00Z,Germany,-0.618
2026-09-28T07:15:00Z,Germany,-0.31
2026-09-28T07:30:00Z,Germany,-0.616
2026-09-28T07:45:00Z,Germany,-0.313
2026-09-28T08:00:00Z,Germany,0.512
2026-09-28T08:15:00Z,Germany,1.034
2026-09-28T08:30:00Z,Germany,1.548
2026-09-28T08:45:00Z,Germany,1.576
2026-09-28T09:00:00Z,Germany,0.685
2026-09-28T09:15:00Z,Germany,0.822
2026-09-28T09:30:00Z,Germany,1.111
2026-09-28T09:45:00Z,Germany,1.238
2026-09-28T10:00:00Z,Germany,1.666
2026-09-28T10:15:00Z,Germany,1.862
2026-09-28T10:30:00Z,Germany,1.653
2026-09-28T10:45:00Z,Germany,1.597
2026-09-28T11:00:00Z,Germany,1.789
2026-09-28T11:15:00Z,Germany,1.655
2026-09-28T11:30:00Z,Germany,1.666
2026-09-28T11:45:00Z,Germany,1.697
2026-09-28T12:00:00Z,Germany,1.643
2026-09-28T12:15:00Z,Germany,1.23
2026-09-28T12:30:00Z,Germany,1.114
2026-09-28T12:45:00Z,Germany,1.215
2026-09-28T13:00:00Z,Germany,1.205
2026-09-28T13:15:00Z,Germany,1.485
2026-09-28T13:30:00Z,Germany,1.039
2026-09-28T13:45:00Z,Germany,0.553
2026-09-28T14:00:00Z,Germany,0.242
2026-09-28T14:15:00Z,Germany,-0.193
2026-09-28T14:30:00Z,Germany,-0.61
2026-09-28T14:45:00Z,Germany,-0.066
2026-09-28T15:00:00Z,Germany,-1.207
2026-09-28T15:15:00Z,Germany,-1.483
2026-09-28T15:30:00Z,Germany,-1.621
2026-09-28T15:45:00Z,Germany,-1.341
2026-09-28T16:00:00Z,Germany,-1.378
2026-09-28T16:15:00Z,Germany,-1.217
2026-09-28T16:30:00Z,Germany,-1.236
2026-09-28T16:45:00Z,Germany,-1.356
2026-09-28T17:00:00Z,Germany,-1.358
2026-09-28T17:15:00Z,Germany,-1.412
2026-09-28T17:30:00Z,Germany,-1.246
2026-09-28T17:45:00Z,Germany,-0.997
2026-09-28T18:00:00Z,Germany,-1.001
2026-09-28T18:15:00Z,Germany,-1.056
2026-09-28T18:30:00Z,Germany,-1.154
2026-09-28T18:45:00Z,Germany,-1.094
2026-09-28T19:00:00Z,Germany,-1.528
2026-09-28T19:15:00Z,Germany,-1.254
2026-09-28T19:30:00Z,Germany,-1.485
2026-09-28T19:45:00Z,Germany,-1.373
2026-09-28T20:00:00Z,Germany,-1.171
2026-09-28T20:15:00Z,Germany,-1.253
2026-09-28T20:30:00Z,Germany,-1.299
2026-09-28T20:45:00Z,Germany,-1.502
2026-09-28T21:00:00Z,Germany,-1.422
2026-09-28T21:15:00Z,Germany,-1.439
2026-09-28T21:30:00Z,Germany,-1.717
2026-09-28T21:45:00Z,Germany,-1.862
2026-09-28T22:00:00Z,Germany,-1.719
2026-09-28T22:15:00Z,Germany,-1.65
2026-09-28T22:30:00Z,Germany,-1.782
2026-09-28T22:45:00Z,Germany,-1.861
2026-09-28T23:00:00Z,Germany,-1.743
2026-09-28T23:15:00Z,Germany,-1.619
2026-09-28T23:30:00Z,Germany,-1.623
2026-09-28T23:45:00Z,Germany,-1.59
2026-09-29T00:00:00Z,Germany,-1.811
2026-09-29T00:15:00Z,Germany,-1.848
2026-09-29T00:30:00Z,Germany,-1.826
2026-09-29T00:45:00Z,Germany,-1.931
2026-09-29T01:00:00Z,Germany,-2.235
2026-09-29T01:15:00Z,Germany,-2.262
2026-09-29T01:30:00Z,Germany,-2.112
2026-09-29T01:45:00Z,Germany,-2.105
2026-09-29T02:00:00Z,Germany,-2.551
2026-09-29T02:15:00Z,Germany,-2.424
2026-09-29T02:30:00Z,Germany,-2.354
2026-09-29T02:45:00Z,Germany,-2.541
2026-09-29T03:00:00Z,Germany,-3.063
2026-09-29T03:15:00Z,Germany,-3.195
2026-09-29T03:30:00Z,Germany,-3.229
2026-09-29T03:45:00Z,Germany,-3.095
2026-09-29T04:00:00Z,Germany,-3.012
2026-09-29T04:15:00Z,Germany,-3.263
2026-09-29T04:30:00Z,Germany,-3.166
2026-09-29T04:45:00Z,Germany,-3.139
2026-09-29T05:00:00Z,Germany,-2.831
2026-09-29T05:15:00Z,Germany,-2.403
2026-09-29T05:30:00Z,Germany,-2.475
2026-09-29T05:45:00Z,Germany,-2.486
2026-09-29T06:00:00Z,Germany,-2.289
2026-09-29T06:15:00Z,Germany,-2.078
2026-09-29T06:30:00Z,Germany,-1.666
2026-09-29T06:45:00Z,Germany,-1.186
2026-09-29T07:00:00Z,Germany,-0.455
2026-09-29T07:15:00Z,Germany,0.113
2026-09-29T07:30:00Z,Germany,0.483
2026-09-29T07:45:00Z,Germany,0.839
2026-09-29T08:00:00Z,Germany,0.131
2026-09-29T08:15:00Z,Germany,0.016
2026-09-29T08:30:00Z,Germany,0.699
2026-09-29T08:45:00Z,Germany,1.077
2026-09-29T09:00:00Z,Germany,1.634
2026-09-29T09:15:00Z,Germany,1.523
2026-09-29T09:30:00Z,Germany,2.286
2026-09-29T09:45:00Z,Germany,2.764
2026-09-29T10:00:00Z,Germany,2.722
2026-09-29T10:15:00Z,Germany,2.965
2026-09-29T10:30:00Z,Germany,2.789
2026-09-29T10:45:00Z,Germany,2.761
2026-09-29T11:00:00Z,Germany,2.028
2026-09-29T11:15:00Z,Germany,1.914
2026-09-29T11:30:00Z,Germany,1.781
2026-09-29T11:45:00Z,Germany,1.844
2026-09-29T12:00:00Z,Germany,1.373
2026-09-29T12:15:00Z,Germany,1.121
2026-09-29T12:30:00Z,Germany,0.802
2026-09-29T12:45:00Z,Germany,0.856
2026-09-29T13:00:00Z,Germany,0.629
2026-09-29T13:15:00Z,Germany,0.46
2026-09-29T13:30:00Z,Germany,0.746
2026-09-29T13:45:00Z,Germany,0.877
2026-09-29T14:00:00Z,Germany,0.357
2026-09-29T14:15:00Z,Germany,0.502
2026-09-29T14:30:00Z,Germany,0.516
2026-09-29T14:45:00Z,Germany,-0.173
2026-09-29T15:00:00Z,Germany,-0.259
2026-09-29T15:15:00Z,Germany,-0.829
2026-09-29T15:30:00Z,Germany,-1.16
2026-09-29T15:45:00Z,Germany,-1.282
2026-09-29T16:00:00Z,Germany,-1.657
2026-09-29T16:15:00Z,Germany,-1.481
2026-09-29T16:30:00Z,Germany,-2.15
2026-09-29T16:45:00Z,Germany,-1.968
2026-09-29T17:00:00Z,Germany,-1.882
2026-09-29T17:15:00Z,Germany,-1.435
2026-09-29T17:30:00Z,Germany,-1.265
2026-09-29T17:45:00Z,Germany,-1.269
2026-09-29T18:00:00Z,Germany,-0.524
2026-09-29T18:15:00Z,Germany,-0.428
2026-09-29T18:30:00Z,Germany,-0.342
2026-09-29T18:45:00Z,Germany,0.168
2026-09-29T19:00:00Z,Germany,0.334
2026-09-29T19:15:00Z,Germany,0.566
2026-09-29T19:30:00Z,Germany,0.833
2026-09-29T19:45:00Z,Germany,1.031
2026-09-29T20:00:00Z,Germany,1.585
2026-09-29T20:15:00Z,Germany,1.467
2026-09-29T20:30:00Z,Germany,1.751
2026-09-29T20:45:00Z,Germany,1.652
2026-09-29T21:00:00Z,Germany,1.254
2026-09-29T21:15:00Z,Germany,1.01
2026-09-29T21:30:00Z,Germany,0.887
2026-09-29T21:45:00Z,Germany,0.638
2026-09-29T22:00:00Z,Germany,0.142
2026-09-29T22:15:00Z,Germany,0.225
2026-09-29T22:30:00Z,Germany,1.182
2026-09-29T22:45:00Z,Germany,1.729
2026-09-29T23:00:00Z,Germany,0.453
2026-09-29T23:15:00Z,Germany,1.051
2026-09-27T22:00:00Z,Norway,0
2026-09-27T22:15:00Z,Norway,0
2026-09-27T22:30:00Z,Norway,0
2026-09-27T22:45:00Z,Norway,0
2026-09-27T23:00:00Z,Norway,0
2026-09-27T23:15:00Z,Norway,0
2026-09-27T23:30:00Z,Norway,0
2026-09-27T23:45:00Z,Norway,0
2026-09-28T00:00:00Z,Norway,0
2026-09-28T00:15:00Z,Norway,0
2026-09-28T00:30:00Z,Norway,0
2026-09-28T00:45:00Z,Norway,0
2026-09-28T01:00:00Z,Norway,0
2026-09-28T01:15:00Z,Norway,0
2026-09-28T01:30:00Z,Norway,0
2026-09-28T01:45:00Z,Norway,0
2026-09-28T02:00:00Z,Norway,0
2026-09-28T02:15:00Z,Norway,0
2026-09-28T02:30:00Z,Norway,0
2026-09-28T02:45:00Z,Norway,0
2026-09-28T03:00:00Z,Norway,0
2026-09-28T03:15:00Z,Norway,0
2026-09-28T03:30:00Z,Norway,0
2026-09-28T03:45:00Z,Norway,0
2026-09-28T04:00:00Z,Norway,0
2026-09-28T04:15:00Z,Norway,0
2026-09-28T04:30:00Z,Norway,0
2026-09-28T04:45:00Z,Norway,0
2026-09-28T05:00:00Z,Norway,0
2026-09-28T05:15:00Z,Norway,0
2026-09-28T05:30:00Z,Norway,0
2026-09-28T05:45:00Z,Norway,0
2026-09-28T06:00:00Z,Norway,0
2026-09-28T06:15:00Z,Norway,0
2026-09-28T06:30:00Z,Norway,0
2026-09-28T06:45:00Z,Norway,0
2026-09-28T07:00:00Z,Norway,0
2026-09-28T07:15:00Z,Norway,0
2026-09-28T07:30:00Z,Norway,0
2026-09-28T07:45:00Z,Norway,0
2026-09-28T08:00:00Z,Norway,0
2026-09-28T08:15:00Z,Norway,0
2026-09-28T08:30:00Z,Norway,0
2026-09-28T08:45:00Z,Norway,0
2026-09-28T09:00:00Z,Norway,0
2026-09-28T09:15:00Z,Norway,0
2026-09-28T09:30:00Z,Norway,0
2026-09-28T09:45:00Z,Norway,0
2026-09-28T10:00:00Z,Norway,0
2026-09-28T10:15:00Z,Norway,0
2026-09-28T10:30:00Z,Norway,0
2026-09-28T10:45:00Z,Norway,0
2026-09-28T11:00:00Z,Norway,0
2026-09-28T11:15:00Z,Norway,0
2026-09-28T11:30:00Z,Norway,0
2026-09-28T11:45:00Z,Norway,0
2026-09-28T12:00:00Z,Norway,0
2026-09-28T12:15:00Z,Norway,0
2026-09-28T12:30:00Z,Norway,0
2026-09-28T12:45:00Z,Norway,0
2026-09-28T13:00:00Z,Norway,0
2026-09-28T13:15:00Z,Norway,0
2026-09-28T13:30:00Z,Norway,0
2026-09-28T13:45:00Z,Norway,0
2026-09-28T14:00:00Z,Norway,0
2026-09-28T14:15:00Z,Norway,0
2026-09-28T14:30:00Z,Norway,0
2026-09-28T14:45:00Z,Norway,0
2026-09-28T15:00:00Z,Norway,0
2026-09-28T15:15:00Z,Norway,0
2026-09-28T15:30:00Z,Norway,0
2026-09-28T15:45:00Z,Norway,0
2026-09-28T16:00:00Z,Norway,0
2026-09-28T16:15:00Z,Norway,0
2026-09-28T16:30:00Z,Norway,0
2026-09-28T16:45:00Z,Norway,0
2026-09-28T17:00:00Z,Norway,0
2026-09-28T17:15:00Z,Norway,0
2026-09-28T17:30:00Z,Norway,0
2026-09-28T17:45:00Z,Norway,0
2026-09-28T18:00:00Z,Norway,0
2026-09-28T18:15:00Z,Norway,0
2026-09-28T18:30:00Z,Norway,0
2026-09-28T18:45:00Z,Norway,0
2026-09-28T19:00:00Z,Norway,0
2026-09-28T19:15:00Z,Norway,0
2026-09-28T19:30:00Z,Norway,0
2026-09-28T19:45:00Z,Norway,0
2026-09-28T20:00:00Z,Norway,0
2026-09-28T20:15:00Z,Norway,0
2026-09-28T20:30:00Z,Norway,0
2026-09-28T20:45:00Z,Norway,0
2026-09-28T21:00:00Z,Norway,0
2026-09-28T21:15:00Z,Norway,0
2026-09-28T21:30:00Z,Norway,0
2026-09-28T21:45:00Z,Norway,0
2026-09-28T22:00:00Z,Norway,0
2026-09-28T22:15:00Z,Norway,0
2026-09-28T22:30:00Z,Norway,0
2026-09-28T22:45:00Z,Norway,0
2026-09-28T23:00:00Z,Norway,0
2026-09-28T23:15:00Z,Norway,0
2026-09-28T23:30:00Z,Norway,0
2026-09-28T23:45:00Z,Norway,0
2026-09-29T00:00:00Z,Norway,0
2026-09-29T00:15:00Z,Norway,0
2026-09-29T00:30:00Z,Norway,0
2026-09-29T00:45:00Z,Norway,0
2026-09-29T01:00:00Z,Norway,0
2026-09-29T01:15:00Z,Norway,0
2026-09-29T01:30:00Z,Norway,0
2026-09-29T01:45:00Z,Norway,0
2026-09-29T02:00:00Z,Norway,0
2026-09-29T02:15:00Z,Norway,0
2026-09-29T02:30:00Z,Norway,0
2026-09-29T02:45:00Z,Norway,0
2026-09-29T03:00:00Z,Norway,0
2026-09-29T03:15:00Z,Norway,0
2026-09-29T03:30:00Z,Norway,0
2026-09-29T03:45:00Z,Norway,0
2026-09-29T04:00:00Z,Norway,0
2026-09-29T04:15:00Z,Norway,0
2026-09-29T04:30:00Z,Norway,0
2026-09-29T04:45:00Z,Norway,0
2026-09-29T05:00:00Z,Norway,0
2026-09-29T05:15:00Z,Norway,0
2026-09-29T05:30:00Z,Norway,0
2026-09-29T05:45:00Z,Norway,0
2026-09-29T06:00:00Z,Norway,0
2026-09-29T06:15:00Z,Norway,0
2026-09-29T06:30:00Z,Norway,0
2026-09-29T06:45:00Z,Norway,0
2026-09-29T07:00:00Z,Norway,0
2026-09-29T07:15:00Z,Norway,0
2026-09-29T07:30:00Z,Norway,0
2026-09-29T07:45:00Z,Norway,0
2026-09-29T08:00:00Z,Norway,0
2026-09-29T08:15:00Z,Norway,0
2026-09-29T08:30:00Z,Norway,0
2026-09-29T08:45:00Z,Norway,0
2026-09-29T09:00:00Z,Norway,0
2026-09-29T09:15:00Z,Norway,0
2026-09-29T09:30:00Z,Norway,0
2026-09-29T09:45:00Z,Norway,0
2026-09-29T10:00:00Z,Norway,0
2026-09-29T10:15:00Z,Norway,0
2026-09-29T10:30:00Z,Norway,0
2026-09-29T10:45:00Z,Norway,0
2026-09-29T11:00:00Z,Norway,0
2026-09-29T11:15:00Z,Norway,0
2026-09-29T11:30:00Z,Norway,0
2026-09-29T11:45:00Z,Norway,0
2026-09-29T12:00:00Z,Norway,0
2026-09-29T12:15:00Z,Norway,0
2026-09-29T12:30:00Z,Norway,0
2026-09-29T12:45:00Z,Norway,0
2026-09-29T13:00:00Z,Norway,0
2026-09-29T13:15:00Z,Norway,0
2026-09-29T13:30:00Z,Norway,0
2026-09-29T13:45:00Z,Norway,0
2026-09-29T14:00:00Z,Norway,0
2026-09-29T14:15:00Z,Norway,0
2026-09-29T14:30:00Z,Norway,0
2026-09-29T14:45:00Z,Norway,0
2026-09-29T15:00:00Z,Norway,0
2026-09-29T15:15:00Z,Norway,0
2026-09-29T15:30:00Z,Norway,0
2026-09-29T15:45:00Z,Norway,0
2026-09-29T16:00:00Z,Norway,0
2026-09-29T16:15:00Z,Norway,0
2026-09-29T16:30:00Z,Norway,0
2026-09-29T16:45:00Z,Norway,0
2026-09-29T17:00:00Z,Norway,0
2026-09-29T17:15:00Z,Norway,0
2026-09-29T17:30:00Z,Norway,0
2026-09-29T17:45:00Z,Norway,0
2026-09-29T18:00:00Z,Norway,0
2026-09-29T18:15:00Z,Norway,0
2026-09-29T18:30:00Z,Norway,0
2026-09-29T18:45:00Z,Norway,0
2026-09-29T19:00:00Z,Norway,0
2026-09-29T19:15:00Z,Norway,0
2026-09-29T19:30:00Z,Norway,0
2026-09-29T19:45:00Z,Norway,0
2026-09-29T20:00:00Z,Norway,0
2026-09-29T20:15:00Z,Norway,0
2026-09-29T20:30:00Z,Norway,0
2026-09-29T20:45:00Z,Norway,0
2026-09-29T21:00:00Z,Norway,0
2026-09-29T21:15:00Z,Norway,0
2026-09-29T21:30:00Z,Norway,0
2026-09-29T21:45:00Z,Norway,0
2026-09-29T22:00:00Z,Norway,0
2026-09-29T22:15:00Z,Norway,0
2026-09-29T22:30:00Z,Norway,0
2026-09-29T22:45:00Z,Norway,0
2026-09-29T23:00:00Z,Norway,0
2026-09-29T23:15:00Z,Norway,0
2026-09-27T22:00:00Z,United Kingdom,-0.66
2026-09-27T22:15:00Z,United Kingdom,-0.66
2026-09-27T22:30:00Z,United Kingdom,-0.661
2026-09-27T22:45:00Z,United Kingdom,-0.627
2026-09-27T23:00:00Z,United Kingdom,-0.423
2026-09-27T23:15:00Z,United Kingdom,-0.422
2026-09-27T23:30:00Z,United Kingdom,-0.423
2026-09-27T23:45:00Z,United Kingdom,-0.422
2026-09-28T00:00:00Z,United Kingdom,-0.419
2026-09-28T00:15:00Z,United Kingdom,-0.419
2026-09-28T00:30:00Z,United Kingdom,-0.419
2026-09-28T00:45:00Z,United Kingdom,-0.426
2026-09-28T01:00:00Z,United Kingdom,-0.47
2026-09-28T01:15:00Z,United Kingdom,-0.47
2026-09-28T01:30:00Z,United Kingdom,-0.471
2026-09-28T01:45:00Z,United Kingdom,-0.467
2026-09-28T02:00:00Z,United Kingdom,-0.449
2026-09-28T02:15:00Z,United Kingdom,-0.449
2026-09-28T02:30:00Z,United Kingdom,-0.45
2026-09-28T02:45:00Z,United Kingdom,-0.3
2026-09-28T03:00:00Z,United Kingdom,0.132
2026-09-28T03:15:00Z,United Kingdom,0.132
2026-09-28T03:30:00Z,United Kingdom,0.131
2026-09-28T03:45:00Z,United Kingdom,0.217
2026-09-28T04:00:00Z,United Kingdom,0.717
2026-09-28T04:15:00Z,United Kingdom,0.716
2026-09-28T04:30:00Z,United Kingdom,0.716
2026-09-28T04:45:00Z,United Kingdom,0.722
2026-09-28T05:00:00Z,United Kingdom,0.755
2026-09-28T05:15:00Z,United Kingdom,0.755
2026-09-28T05:30:00Z,United Kingdom,0.755
2026-09-28T05:45:00Z,United Kingdom,0.424
2026-09-28T06:00:00Z,United Kingdom,-0.001
2026-09-28T06:15:00Z,United Kingdom,-0.001
2026-09-28T06:30:00Z,United Kingdom,-0.001
2026-09-28T06:45:00Z,United Kingdom,-0.001
2026-09-28T07:00:00Z,United Kingdom,-0.646
2026-09-28T07:15:00Z,United Kingdom,-0.729
2026-09-28T07:30:00Z,United Kingdom,-0.729
2026-09-28T07:45:00Z,United Kingdom,-0.779
2026-09-28T08:00:00Z,United Kingdom,-1.076
2026-09-28T08:15:00Z,United Kingdom,-1.076
2026-09-28T08:30:00Z,United Kingdom,-1.076
2026-09-28T08:45:00Z,United Kingdom,-1.076
2026-09-28T09:00:00Z,United Kingdom,-1.071
2026-09-28T09:15:00Z,United Kingdom,-1.071
2026-09-28T09:30:00Z,United Kingdom,-1.07
2026-09-28T09:45:00Z,United Kingdom,-1.055
2026-09-28T10:00:00Z,United Kingdom,-0.959
2026-09-28T10:15:00Z,United Kingdom,-0.959
2026-09-28T10:30:00Z,United Kingdom,-0.958
2026-09-28T10:45:00Z,United Kingdom,-0.946
2026-09-28T11:00:00Z,United Kingdom,-0.869
2026-09-28T11:15:00Z,United Kingdom,-0.869
2026-09-28T11:30:00Z,United Kingdom,-0.868
2026-09-28T11:45:00Z,United Kingdom,-0.768
2026-09-28T12:00:00Z,United Kingdom,-0.218
2026-09-28T12:15:00Z,United Kingdom,-0.218
2026-09-28T12:30:00Z,United Kingdom,-0.218
2026-09-28T12:45:00Z,United Kingdom,-0.145
2026-09-28T13:00:00Z,United Kingdom,0.102
2026-09-28T13:15:00Z,United Kingdom,0.102
2026-09-28T13:30:00Z,United Kingdom,0.102
2026-09-28T13:45:00Z,United Kingdom,0.122
2026-09-28T14:00:00Z,United Kingdom,0.454
2026-09-28T14:15:00Z,United Kingdom,0.453
2026-09-28T14:30:00Z,United Kingdom,0.453
2026-09-28T14:45:00Z,United Kingdom,0.503
2026-09-28T15:00:00Z,United Kingdom,0.617
2026-09-28T15:15:00Z,United Kingdom,0.618
2026-09-28T15:30:00Z,United Kingdom,0.618
2026-09-28T15:45:00Z,United Kingdom,0.65
2026-09-28T16:00:00Z,United Kingdom,0.725
2026-09-28T16:15:00Z,United Kingdom,0.725
2026-09-28T16:30:00Z,United Kingdom,0.725
2026-09-28T16:45:00Z,United Kingdom,0.725
2026-09-28T17:00:00Z,United Kingdom,0.602
2026-09-28T17:15:00Z,United Kingdom,0.602
2026-09-28T17:30:00Z,United Kingdom,0.602
2026-09-28T17:45:00Z,United Kingdom,0.535
2026-09-28T18:00:00Z,United Kingdom,0.155
2026-09-28T18:15:00Z,United Kingdom,0.156
2026-09-28T18:30:00Z,United Kingdom,0.155
2026-09-28T18:45:00Z,United Kingdom,0.165
2026-09-28T19:00:00Z,United Kingdom,0.224
2026-09-28T19:15:00Z,United Kingdom,0.223
2026-09-28T19:30:00Z,United Kingdom,0.223
2026-09-28T19:45:00Z,United Kingdom,0.149
2026-09-28T20:00:00Z,United Kingdom,-0.105
2026-09-28T20:15:00Z,United Kingdom,-0.104
2026-09-28T20:30:00Z,United Kingdom,-0.104
2026-09-28T20:45:00Z,United Kingdom,-0.105
2026-09-28T21:00:00Z,United Kingdom,-0.105
2026-09-28T21:15:00Z,United Kingdom,-0.105
2026-09-28T21:30:00Z,United Kingdom,-0.105
2026-09-28T21:45:00Z,United Kingdom,-0.104
2026-09-28T22:00:00Z,United Kingdom,-0.216
2026-09-28T22:15:00Z,United Kingdom,-0.216
2026-09-28T22:30:00Z,United Kingdom,-0.216
2026-09-28T22:45:00Z,United Kingdom,-0.215
2026-09-28T23:00:00Z,United Kingdom,-0.209
2026-09-28T23:15:00Z,United Kingdom,-0.209
2026-09-28T23:30:00Z,United Kingdom,-0.209
2026-09-28T23:45:00Z,United Kingdom,-0.232
2026-09-29T00:00:00Z,United Kingdom,-0.375
2026-09-29T00:15:00Z,United Kingdom,-0.375
2026-09-29T00:30:00Z,United Kingdom,-0.375
2026-09-29T00:45:00Z,United Kingdom,-0.25
2026-09-29T01:00:00Z,United Kingdom,-0
2026-09-29T01:15:00Z,United Kingdom,0
2026-09-29T01:30:00Z,United Kingdom,0
2026-09-29T01:45:00Z,United Kingdom,0
2026-09-29T02:00:00Z,United Kingdom,0.29
2026-09-29T02:15:00Z,United Kingdom,0.29
2026-09-29T02:30:00Z,United Kingdom,0.289
2026-09-29T02:45:00Z,United Kingdom,0.348
2026-09-29T03:00:00Z,United Kingdom,0.687
2026-09-29T03:15:00Z,United Kingdom,0.686
2026-09-29T03:30:00Z,United Kingdom,0.687
2026-09-29T03:45:00Z,United Kingdom,0.692
2026-09-29T04:00:00Z,United Kingdom,0.725
2026-09-29T04:15:00Z,United Kingdom,0.726
2026-09-29T04:30:00Z,United Kingdom,0.725
2026-09-29T04:45:00Z,United Kingdom,0.724
2026-09-29T05:00:00Z,United Kingdom,0.725
2026-09-29T05:15:00Z,United Kingdom,0.725
2026-09-29T05:30:00Z,United Kingdom,0.725
2026-09-29T05:45:00Z,United Kingdom,0.705
2026-09-29T06:00:00Z,United Kingdom,0.587
2026-09-29T06:15:00Z,United Kingdom,0.586
2026-09-29T06:30:00Z,United Kingdom,0.587
2026-09-29T06:45:00Z,United Kingdom,0.366
2026-09-29T07:00:00Z,United Kingdom,-0.462
2026-09-29T07:15:00Z,United Kingdom,-0.465
2026-09-29T07:30:00Z,United Kingdom,-0.465
2026-09-29T07:45:00Z,United Kingdom,-0.5
2026-09-29T08:00:00Z,United Kingdom,-0.708
2026-09-29T08:15:00Z,United Kingdom,-0.707
2026-09-29T08:30:00Z,United Kingdom,-0.707
2026-09-29T08:45:00Z,United Kingdom,-0.744
2026-09-29T09:00:00Z,United Kingdom,-0.973
2026-09-29T09:15:00Z,United Kingdom,-0.973
2026-09-29T09:30:00Z,United Kingdom,-0.973
2026-09-29T09:45:00Z,United Kingdom,-0.91
2026-09-29T10:00:00Z,United Kingdom,-0.555
2026-09-29T10:15:00Z,United Kingdom,-0.555
2026-09-29T10:30:00Z,United Kingdom,-0.555
2026-09-29T10:45:00Z,United Kingdom,-0.664
2026-09-29T11:00:00Z,United Kingdom,-0.896
2026-09-29T11:15:00Z,United Kingdom,-0.896
2026-09-29T11:30:00Z,United Kingdom,-0.897
2026-09-29T11:45:00Z,United Kingdom,-0.89
2026-09-29T12:00:00Z,United Kingdom,-0.85
2026-09-29T12:15:00Z,United Kingdom,-0.851
2026-09-29T12:30:00Z,United Kingdom,-0.85
2026-09-29T12:45:00Z,United Kingdom,-0.851
2026-09-29T13:00:00Z,United Kingdom,-0.347
2026-09-29T13:15:00Z,United Kingdom,-0.317
2026-09-29T13:30:00Z,United Kingdom,-0.317
2026-09-29T13:45:00Z,United Kingdom,-0.211
2026-09-29T14:00:00Z,United Kingdom,0.368
2026-09-29T14:15:00Z,United Kingdom,0.367
2026-09-29T14:30:00Z,United Kingdom,0.366
2026-09-29T14:45:00Z,United Kingdom,0.367
2026-09-29T15:00:00Z,United Kingdom,0.584
2026-09-29T15:15:00Z,United Kingdom,0.584
2026-09-29T15:30:00Z,United Kingdom,0.584
2026-09-29T15:45:00Z,United Kingdom,0.61
2026-09-29T16:00:00Z,United Kingdom,0.782
2026-09-29T16:15:00Z,United Kingdom,0.783
2026-09-29T16:30:00Z,United Kingdom,0.783
2026-09-29T16:45:00Z,United Kingdom,0.729
2026-09-29T17:00:00Z,United Kingdom,0.413
2026-09-29T17:15:00Z,United Kingdom,0.414
2026-09-29T17:30:00Z,United Kingdom,0.414
2026-09-29T17:45:00Z,United Kingdom,0.276
2026-09-29T18:00:00Z,United Kingdom,-0.675
2026-09-29T18:15:00Z,United Kingdom,-0.77
2026-09-29T18:30:00Z,United Kingdom,-0.769
2026-09-29T18:45:00Z,United Kingdom,-0.762
2026-09-29T19:00:00Z,United Kingdom,-0.709
2026-09-29T19:15:00Z,United Kingdom,-0.709
2026-09-29T19:30:00Z,United Kingdom,-0.709
2026-09-29T19:45:00Z,United Kingdom,-0.652
2026-09-29T20:00:00Z,United Kingdom,-0.324
2026-09-29T20:15:00Z,United Kingdom,-0.325
2026-09-29T20:30:00Z,United Kingdom,-0.325
2026-09-29T20:45:00Z,United Kingdom,-0.301
2026-09-29T21:00:00Z,United Kingdom,-0.158
2026-09-29T21:15:00Z,United Kingdom,-0.158
2026-09-29T21:30:00Z,United Kingdom,-0.158
2026-09-29T21:45:00Z,United Kingdom,-0.106
2026-09-29T22:00:00Z,United Kingdom,0.66
2026-09-29T22:15:00Z,United Kingdom,0.754
2026-09-29T22:30:00Z,United Kingdom,0.754
2026-09-29T22:45:00Z,United Kingdom,0.768
2026-09-29T23:00:00Z,United Kingdom,0.858
2026-09-29T23:15:00Z,United Kingdom,0
2026-09-27T22:00:00Z,sum,-1.137
2026-09-27T22:15:00Z,sum,-1.099
2026-09-27T22:30:00Z,sum,-0.906
2026-09-27T22:45:00Z,sum,-0.731
2026-09-27T23:00:00Z,sum,-1.131
2026-09-27T23:15:00Z,sum,-1.36
2026-09-27T23:30:00Z,sum,-1.274
2026-09-27T23:45:00Z,sum,-1.192
2026-09-28T00:00:00Z,sum,-1.217
2026-09-28T00:15:00Z,sum,-1.209
2026-09-28T00:30:00Z,sum,-1.043
2026-09-28T00:45:00Z,sum,-0.865
2026-09-28T01:00:00Z,sum,-1.026
2026-09-28T01:15:00Z,sum,-1.237
2026-09-28T01:30:00Z,sum,-1.162
2026-09-28T01:45:00Z,sum,-1.097
2026-09-28T02:00:00Z,sum,-1.008
2026-09-28T02:15:00Z,sum,-0.787
2026-09-28T02:30:00Z,sum,-0.953
2026-09-28T02:45:00Z,sum,-0.964
2026-09-28T03:00:00Z,sum,-0.901
2026-09-28T03:15:00Z,sum,-1.032
2026-09-28T03:30:00Z,sum,-1.257
2026-09-28T03:45:00Z,sum,-1.952
2026-09-28T04:00:00Z,sum,-2.176
2026-09-28T04:15:00Z,sum,-2.858
2026-09-28T04:30:00Z,sum,-2.509
2026-09-28T04:45:00Z,sum,-2.258
2026-09-28T05:00:00Z,sum,-2.003
2026-09-28T05:15:00Z,sum,-1.707
2026-09-28T05:30:00Z,sum,-1.695
2026-09-28T05:45:00Z,sum,-1.66
2026-09-28T06:00:00Z,sum,-1.808
2026-09-28T06:15:00Z,sum,-1.478
2026-09-28T06:30:00Z,sum,-1.358
2026-09-28T06:45:00Z,sum,-1.893
2026-09-28T07:00:00Z,sum,-2.437
2026-09-28T07:15:00Z,sum,-2.313
2026-09-28T07:30:00Z,sum,-2.747
2026-09-28T07:45:00Z,sum,-2.735
2026-09-28T08:00:00Z,sum,-2.758
2026-09-28T08:15:00Z,sum,-2.397
2026-09-28T08:30:00Z,sum,-2.484
2026-09-28T08:45:00Z,sum,-2.209
2026-09-28T09:00:00Z,sum,-2.465
2026-09-28T09:15:00Z,sum,-2.352
2026-09-28T09:30:00Z,sum,-2.298
2026-09-28T09:45:00Z,sum,-2.087
2026-09-28T10:00:00Z,sum,-1.603
2026-09-28T10:15:00Z,sum,-1.569
2026-09-28T10:30:00Z,sum,-1.599
2026-09-28T10:45:00Z,sum,-1.476
2026-09-28T11:00:00Z,sum,-1.038
2026-09-28T11:15:00Z,sum,-1.097
2026-09-28T11:30:00Z,sum,-0.863
2026-09-28T11:45:00Z,sum,-0.593
2026-09-28T12:00:00Z,sum,0.219
2026-09-28T12:15:00Z,sum,0.215
2026-09-28T12:30:00Z,sum,0.219
2026-09-28T12:45:00Z,sum,0.026
2026-09-28T13:00:00Z,sum,0.018
2026-09-28T13:15:00Z,sum,0.1
2026-09-28T13:30:00Z,sum,-0.306
2026-09-28T13:45:00Z,sum,-0.888
2026-09-28T14:00:00Z,sum,-0.708
2026-09-28T14:15:00Z,sum,-0.923
2026-09-28T14:30:00Z,sum,-0.931
2026-09-28T14:45:00Z,sum,-0.991
2026-09-28T15:00:00Z,sum,-0.93
2026-09-28T15:15:00Z,sum,-1.038
2026-09-28T15:30:00Z,sum,-0.857
2026-09-28T15:45:00Z,sum,-0.996
2026-09-28T16:00:00Z,sum,-1.621
2026-09-28T16:15:00Z,sum,-1.605
2026-09-28T16:30:00Z,sum,-1.898
2026-09-28T16:45:00Z,sum,-2.181
2026-09-28T17:00:00Z,sum,-2.45
2026-09-28T17:15:00Z,sum,-2.443
2026-09-28T17:30:00Z,sum,-2.521
2026-09-28T17:45:00Z,sum,-2.348
2026-09-28T18:00:00Z,sum,-2.654
2026-09-28T18:15:00Z,sum,-2.75
2026-09-28T18:30:00Z,sum,-2.789
2026-09-28T18:45:00Z,sum,-2.823
2026-09-28T19:00:00Z,sum,-2.866
2026-09-28T19:15:00Z,sum,-2.799
2026-09-28T19:30:00Z,sum,-3.03
2026-09-28T19:45:00Z,sum,-3.21
2026-09-28T20:00:00Z,sum,-3.432
2026-09-28T20:15:00Z,sum,-3.487
2026-09-28T20:30:00Z,sum,-3.589
2026-09-28T20:45:00Z,sum,-3.791
2026-09-28T21:00:00Z,sum,-3.775
2026-09-28T21:15:00Z,sum,-3.844
2026-09-28T21:30:00Z,sum,-4.117
2026-09-28T21:45:00Z,sum,-4.277
2026-09-28T22:00:00Z,sum,-4.111
2026-09-28T22:15:00Z,sum,-4.078
2026-09-28T22:30:00Z,sum,-4.103
2026-09-28T22:45:00Z,sum,-3.712
2026-09-28T23:00:00Z,sum,-3.744
2026-09-28T23:15:00Z,sum,-3.872
2026-09-28T23:30:00Z,sum,-4.349
2026-09-28T23:45:00Z,sum,-4.236
2026-09-29T00:00:00Z,sum,-4.117
2026-09-29T00:15:00Z,sum,-4.184
2026-09-29T00:30:00Z,sum,-4.292
2026-09-29T00:45:00Z,sum,-4.238
2026-09-29T01:00:00Z,sum,-4.151
2026-09-29T01:15:00Z,sum,-4.315
2026-09-29T01:30:00Z,sum,-4.351
2026-09-29T01:45:00Z,sum,-4.429
2026-09-29T02:00:00Z,sum,-4.432
2026-09-29T02:15:00Z,sum,-4.379
2026-09-29T02:30:00Z,sum,-4.112
2026-09-29T02:45:00Z,sum,-4.225
2026-09-29T03:00:00Z,sum,-4.479
2026-09-29T03:15:00Z,sum,-4.486
2026-09-29T03:30:00Z,sum,-4.322
2026-09-29T03:45:00Z,sum,-4.479
2026-09-29T04:00:00Z,sum,-4.627
2026-09-29T04:15:00Z,sum,-4.887
2026-09-29T04:30:00Z,sum,-4.598
2026-09-29T04:45:00Z,sum,-4.551
2026-09-29T05:00:00Z,sum,-4.11
2026-09-29T05:15:00Z,sum,-3.507
2026-09-29T05:30:00Z,sum,-2.771
2026-09-29T05:45:00Z,sum,-2.417
2026-09-29T06:00:00Z,sum,-2.2
2026-09-29T06:15:00Z,sum,-2.046
2026-09-29T06:30:00Z,sum,-1.74
2026-09-29T06:45:00Z,sum,-1.833
2026-09-29T07:00:00Z,sum,-2.012
2026-09-29T07:15:00Z,sum,-1.417
2026-09-29T07:30:00Z,sum,-1.021
2026-09-29T07:45:00Z,sum,-0.754
2026-09-29T08:00:00Z,sum,-1.459
2026-09-29T08:15:00Z,sum,-1.521
2026-09-29T08:30:00Z,sum,-0.725
2026-09-29T08:45:00Z,sum,-0.189
2026-09-29T09:00:00Z,sum,-0.305
2026-09-29T09:15:00Z,sum,-0.481
2026-09-29T09:30:00Z,sum,-0.416
2026-09-29T09:45:00Z,sum,-0.077
2026-09-29T10:00:00Z,sum,-0.323
2026-09-29T10:15:00Z,sum,-0.232
2026-09-29T10:30:00Z,sum,-0.545
2026-09-29T10:45:00Z,sum,-0.483
2026-09-29T11:00:00Z,sum,-0.671
2026-09-29T11:15:00Z,sum,-0.656
2026-09-29T11:30:00Z,sum,-0.63
2026-09-29T11:45:00Z,sum,-0.513
2026-09-29T12:00:00Z,sum,-0.47
2026-09-29T12:15:00Z,sum,-0.633
2026-09-29T12:30:00Z,sum,-1.084
2026-09-29T12:45:00Z,sum,-1.034
2026-09-29T13:00:00Z,sum,-0.979
2026-09-29T13:15:00Z,sum,-1.424
2026-09-29T13:30:00Z,sum,-1.345
2026-09-29T13:45:00Z,sum,-1.106
2026-09-29T14:00:00Z,sum,-0.787
2026-09-29T14:15:00Z,sum,-0.348
2026-09-29T14:30:00Z,sum,-0.936
2026-09-29T14:45:00Z,sum,-1.577
2026-09-29T15:00:00Z,sum,-1.165
2026-09-29T15:15:00Z,sum,-1.608
2026-09-29T15:30:00Z,sum,-1.505
2026-09-29T15:45:00Z,sum,-1.538
2026-09-29T16:00:00Z,sum,-1.521
2026-09-29T16:15:00Z,sum,-1.434
2026-09-29T16:30:00Z,sum,-1.565
2026-09-29T16:45:00Z,sum,-1.538
2026-09-29T17:00:00Z,sum,-1.617
2026-09-29T17:15:00Z,sum,-1.365
2026-09-29T17:30:00Z,sum,-1.464
2026-09-29T17:45:00Z,sum,-1.573
2026-09-29T18:00:00Z,sum,-1.446
2026-09-29T18:15:00Z,sum,-1.302
2026-09-29T18:30:00Z,sum,-1.088
2026-09-29T18:45:00Z,sum,-0.692
2026-09-29T19:00:00Z,sum,-0.555
2026-09-29T19:15:00Z,sum,-0.489
2026-09-29T19:30:00Z,sum,-0.119
2026-09-29T19:45:00Z,sum,0.178
2026-09-29T20:00:00Z,sum,0.986
2026-09-29T20:15:00Z,sum,0.725
2026-09-29T20:30:00Z,sum,0.871
2026-09-29T20:45:00Z,sum,0.773
2026-09-29T21:00:00Z,sum,0.657
2026-09-29T21:15:00Z,sum,0.565
2026-09-29T21:30:00Z,sum,0.448
2026-09-29T21:45:00Z,sum,0.47
2026-09-29T22:00:00Z,sum,0.617
2026-09-29T22:15:00Z,sum,0.728
2026-09-29T22:30:00Z,sum,0.737
2026-09-29T22:45:00Z,sum,0.918
2026-09-29T23:00:00Z,sum,0.668
2026-09-29T23:15:00Z,sum,-0.906
