begin_lokaal,eind_lokaal,isp,prijs_tekort,prijs_overschot,prijs_opregelen,prijs_afregelen,regeltoestand,regelconditie,noodreserve_op,noodreserve_af,opgehaald_op
2026-09-26T00:00,2026-09-26T00:15,1,146.9,146.9,,146.9,-1,DOWN,NO,NO,2026-09-29T15:13:41Z
2026-09-26T00:15,2026-09-26T00:30,2,201,201,,201,-1,DOWN,NO,NO,2026-09-29T15:13:41Z
2026-09-26T00:30,2026-09-26T00:45,3,239.38,239.38,239.38,,1,UP,NO,NO,2026-09-29T15:13:41Z
2026-09-26T00:45,2026-09-26T01:00,4,202,134,202,188,2,UP_AND_DOWN,NO,NO,2026-09-29T15:13:41Z
2026-09-26T01:00,2026-09-26T01:15,5,200,133,200,186,2,UP_AND_DOWN,NO,NO,2026-09-29T15:13:41Z
2026-09-26T01:15,2026-09-26T01:30,6,191.8,191.8,191.8,,1,UP,NO,NO,2026-09-29T15:13:41Z
2026-09-26T01:30,2026-09-26T01:45,7,210.5,210.5,210.5,,1,UP,NO,NO,2026-09-29T15:13:41Z
2026-09-26T01:45,2026-09-26T02:00,8,212.3,212.3,212.3,,1,UP,NO,NO,2026-09-29T15:13:41Z
2026-09-26T02:00,2026-09-26T02:15,9,201,133,201,186,2,UP_AND_DOWN,NO,NO,2026-09-29T15:13:41Z
2026-09-26T02:15,2026-09-26T02:30,10,150,130,150,178,2,UP_AND_DOWN,NO,NO,2026-09-29T15:13:41Z
2026-09-26T02:30,2026-09-26T02:45,11,201,130,201,176,2,UP_AND_DOWN,NO,NO,2026-09-29T15:13:41Z
2026-09-26T02:45,2026-09-26T03:00,12,191.5,135,191.5,166,2,UP_AND_DOWN,NO,NO,2026-09-29T15:13:41Z
2026-09-26T03:00,2026-09-26T03:15,13,201,135,201,165,2,UP_AND_DOWN,NO,NO,2026-09-29T15:13:41Z
2026-09-26T03:15,2026-09-26T03:30,14,213,135,213,165,2,UP_AND_DOWN,NO,NO,2026-09-29T15:13:41Z
2026-09-26T03:30,2026-09-26T03:45,15,201,132.5,201,168,2,UP_AND_DOWN,NO,NO,2026-09-29T15:13:41Z
2026-09-26T03:45,2026-09-26T04:00,16,201,130.64,201,166,2,UP_AND_DOWN,NO,NO,2026-09-29T15:13:41Z
2026-09-26T04:00,2026-09-26T04:15,17,201,130,201,158,2,UP_AND_DOWN,NO,NO,2026-09-29T15:13:41Z
2026-09-26T04:15,2026-09-26T04:30,18,150,132.5,150,166,2,UP_AND_DOWN,NO,NO,2026-09-29T15:13:41Z
2026-09-26T04:30,2026-09-26T04:45,19,181,130,181,162,2,UP_AND_DOWN,NO,NO,2026-09-29T15:13:41Z
2026-09-26T04:45,2026-09-26T05:00,20,181,132.13,181,184.26,2,UP_AND_DOWN,NO,NO,2026-09-29T15:13:41Z
2026-09-26T05:00,2026-09-26T05:15,21,185.41,185.41,185.41,,1,UP,NO,NO,2026-09-29T15:13:41Z
2026-09-26T05:15,2026-09-26T05:30,22,201,201,201,,1,UP,NO,NO,2026-09-29T15:13:41Z
2026-09-26T05:30,2026-09-26T05:45,23,212,212,212,,1,UP,NO,NO,2026-09-29T15:13:41Z
2026-09-26T05:45,2026-09-26T06:00,24,200,132.59,200,162,2,UP_AND_DOWN,NO,NO,2026-09-29T15:13:41Z
2026-09-26T06:00,2026-09-26T06:15,25,214.87,214.87,214.87,,1,UP,NO,NO,2026-09-29T15:13:41Z
2026-09-26T06:15,2026-09-26T06:30,26,191.8,133.31,191.8,146.39,2,UP_AND_DOWN,NO,NO,2026-09-29T15:13:41Z
2026-09-26T06:30,2026-09-26T06:45,27,190,129.85,190,179,2,UP_AND_DOWN,NO,NO,2026-09-29T15:13:41Z
2026-09-26T06:45,2026-09-26T07:00,28,190,133,190,186,2,UP_AND_DOWN,NO,NO,2026-09-29T15:13:41Z
2026-09-26T07:00,2026-09-26T07:15,29,199,137.5,199,195,2,UP_AND_DOWN,NO,NO,2026-09-29T15:13:41Z
2026-09-26T07:15,2026-09-26T07:30,30,150,139.5,150,146.1,2,UP_AND_DOWN,NO,NO,2026-09-29T15:13:41Z
2026-09-26T07:30,2026-09-26T07:45,31,146,146,,146,-1,DOWN,NO,NO,2026-09-29T15:13:41Z
2026-09-26T07:45,2026-09-26T08:00,32,199,138.5,199,156.16,2,UP_AND_DOWN,NO,NO,2026-09-29T15:13:41Z
2026-09-26T08:00,2026-09-26T08:15,33,150,144,150,153.94,2,UP_AND_DOWN,NO,NO,2026-09-29T15:13:41Z
2026-09-26T08:15,2026-09-26T08:30,34,157.22,139.5,157.22,143.28,2,UP_AND_DOWN,NO,NO,2026-09-29T15:13:41Z
2026-09-26T08:30,2026-09-26T08:45,35,168.9,126.1,168.9,126.1,2,UP_AND_DOWN,NO,NO,2026-09-29T15:13:41Z
2026-09-26T08:45,2026-09-26T09:00,36,140,121,140,131.34,2,UP_AND_DOWN,NO,NO,2026-09-29T15:13:41Z
2026-09-26T09:00,2026-09-26T09:15,37,126.1,126.1,,126.1,-1,DOWN,NO,NO,2026-09-29T15:13:41Z
2026-09-26T09:15,2026-09-26T09:30,38,104.45,104.45,,104.45,-1,DOWN,NO,NO,2026-09-29T15:13:41Z
2026-09-26T09:30,2026-09-26T09:45,39,120.89,120.89,115.48,130,2,UP_AND_DOWN,NO,NO,2026-09-29T15:13:41Z
2026-09-26T09:45,2026-09-26T10:00,40,201,85,201,85,2,UP_AND_DOWN,NO,NO,2026-09-29T15:13:41Z
2026-09-26T10:00,2026-09-26T10:15,41,386,126.1,386,126.1,2,UP_AND_DOWN,NO,NO,2026-09-29T15:13:41Z
2026-09-26T10:15,2026-09-26T10:30,42,247.9,47,247.9,47,2,UP_AND_DOWN,NO,NO,2026-09-29T15:13:41Z
2026-09-26T10:30,2026-09-26T10:45,43,137,-1.5,115.48,-1.5,2,UP_AND_DOWN,NO,NO,2026-09-29T15:13:41Z
2026-09-26T10:45,2026-09-26T11:00,44,22.6,22.6,,22.6,-1,DOWN,NO,NO,2026-09-29T15:13:41Z
2026-09-26T11:00,2026-09-26T11:15,45,143.65,47,115.48,47,2,UP_AND_DOWN,NO,NO,2026-09-29T15:13:41Z
2026-09-26T11:15,2026-09-26T11:30,46,145,145,145,,1,UP,NO,NO,2026-09-29T15:13:41Z
2026-09-26T11:30,2026-09-26T11:45,47,127.5,127.5,126.11,130,2,UP_AND_DOWN,NO,NO,2026-09-29T15:13:41Z
2026-09-26T11:45,2026-09-26T12:00,48,46,46,,46,-1,DOWN,NO,NO,2026-09-29T15:13:41Z
2026-09-26T12:00,2026-09-26T12:15,49,122.5,122.5,115.48,130,2,UP_AND_DOWN,NO,NO,2026-09-29T15:13:41Z
2026-09-26T12:15,2026-09-26T12:30,50,113.23,113.23,65.47,113.23,-1,DOWN,NO,NO,2026-09-29T15:13:41Z
2026-09-26T12:30,2026-09-26T12:45,51,120,120,97.32,142.78,2,UP_AND_DOWN,NO,NO,2026-09-29T15:13:41Z
2026-09-26T12:45,2026-09-26T13:00,52,46,46,,46,-1,DOWN,NO,NO,2026-09-29T15:13:41Z
2026-09-26T13:00,2026-09-26T13:15,53,-9.5,-9.5,,-9.5,-1,DOWN,NO,NO,2026-09-29T15:13:41Z
2026-09-26T13:15,2026-09-26T13:30,54,-1.5,-1.5,,-1.5,-1,DOWN,NO,NO,2026-09-29T15:13:41Z
2026-09-26T13:30,2026-09-26T13:45,55,46,46,,46,-1,DOWN,NO,NO,2026-09-29T15:13:41Z
2026-09-26T13:45,2026-09-26T14:00,56,-1.5,-1.5,,-1.5,-1,DOWN,NO,NO,2026-09-29T15:13:41Z
2026-09-26T14:00,2026-09-26T14:15,57,45,45,,45,-1,DOWN,NO,NO,2026-09-29T15:13:41Z
2026-09-26T14:15,2026-09-26T14:30,58,45,45,,45,-1,DOWN,NO,NO,2026-09-29T15:13:41Z
2026-09-26T14:30,2026-09-26T14:45,59,105,43,73,43,2,UP_AND_DOWN,NO,NO,2026-09-29T15:13:41Z
2026-09-26T14:45,2026-09-26T15:00,60,105,10,80,10,2,UP_AND_DOWN,NO,NO,2026-09-29T15:13:41Z
2026-09-26T15:00,2026-09-26T15:15,61,-1.5,-1.5,,-1.5,-1,DOWN,NO,NO,2026-09-29T15:13:41Z
2026-09-26T15:15,2026-09-26T15:30,62,41,41,,41,-1,DOWN,NO,NO,2026-09-29T15:13:41Z
2026-09-26T15:30,2026-09-26T15:45,63,82,82,,82,-1,DOWN,NO,NO,2026-09-29T15:13:41Z
2026-09-26T15:45,2026-09-26T16:00,64,-1.5,-1.5,,-1.5,-1,DOWN,NO,NO,2026-09-29T15:13:41Z
2026-09-26T16:00,2026-09-26T16:15,65,134.5,-9.5,117.03,-9.5,2,UP_AND_DOWN,NO,NO,2026-09-29T15:13:41Z
2026-09-26T16:15,2026-09-26T16:30,66,162,162,162,-9.5,1,UP,NO,NO,2026-09-29T15:13:41Z
2026-09-26T16:30,2026-09-26T16:45,67,233,118.17,233,137.33,2,UP_AND_DOWN,NO,NO,2026-09-29T15:13:41Z
2026-09-26T16:45,2026-09-26T17:00,68,220,220,220,,1,UP,NO,NO,2026-09-29T15:13:41Z
2026-09-26T17:00,2026-09-26T17:15,69,191.8,37,191.8,37,2,UP_AND_DOWN,NO,NO,2026-09-29T15:13:41Z
2026-09-26T17:15,2026-09-26T17:30,70,145,145,145,,1,UP,NO,NO,2026-09-29T15:13:41Z
2026-09-26T17:30,2026-09-26T17:45,71,201,100,201,100,2,UP_AND_DOWN,NO,NO,2026-09-29T15:13:41Z
2026-09-26T17:45,2026-09-26T18:00,72,201,120,201,120,2,UP_AND_DOWN,NO,NO,2026-09-29T15:13:41Z
2026-09-26T18:00,2026-09-26T18:15,73,200,116,200,116,2,UP_AND_DOWN,NO,NO,2026-09-29T15:13:41Z
2026-09-26T18:15,2026-09-26T18:30,74,203,132.5,203,147.46,2,UP_AND_DOWN,NO,NO,2026-09-29T15:13:41Z
2026-09-26T18:30,2026-09-26T18:45,75,212.7,132.55,212.7,146.35,2,UP_AND_DOWN,NO,NO,2026-09-29T15:13:41Z
2026-09-26T18:45,2026-09-26T19:00,76,200,147.56,200,147.56,2,UP_AND_DOWN,NO,NO,2026-09-29T15:13:41Z
2026-09-26T19:00,2026-09-26T19:15,77,225,145.67,225,175.4,2,UP_AND_DOWN,NO,NO,2026-09-29T15:13:41Z
2026-09-26T19:15,2026-09-26T19:30,78,215,143.19,215,166,2,UP_AND_DOWN,NO,NO,2026-09-29T15:13:41Z
2026-09-26T19:30,2026-09-26T19:45,79,204.91,137.95,204.91,166,2,UP_AND_DOWN,NO,NO,2026-09-29T15:13:41Z
2026-09-26T19:45,2026-09-26T20:00,80,138.84,138.84,115.4,166,2,UP_AND_DOWN,NO,NO,2026-09-29T15:13:41Z
2026-09-26T20:00,2026-09-26T20:15,81,213.5,213.5,213.5,,1,UP,NO,NO,2026-09-29T15:13:41Z
2026-09-26T20:15,2026-09-26T20:30,82,212,141.49,212,164.6,2,UP_AND_DOWN,NO,NO,2026-09-29T15:13:41Z
2026-09-26T20:30,2026-09-26T20:45,83,179.5,139.17,179.5,152.99,2,UP_AND_DOWN,NO,NO,2026-09-29T15:13:41Z
2026-09-26T20:45,2026-09-26T21:00,84,213,213,213,152.99,1,UP,NO,NO,2026-09-29T15:13:41Z
2026-09-26T21:00,2026-09-26T21:15,85,213,213,213,,1,UP,NO,NO,2026-09-29T15:13:41Z
2026-09-26T21:15,2026-09-26T21:30,86,201,201,201,,1,UP,NO,NO,2026-09-29T15:13:41Z
2026-09-26T21:30,2026-09-26T21:45,87,213,213,213,,1,UP,NO,NO,2026-09-29T15:13:41Z
2026-09-26T21:45,2026-09-26T22:00,88,201,201,201,,1,UP,NO,NO,2026-09-29T15:13:41Z
2026-09-26T22:00,2026-09-26T22:15,89,150,135.09,150,150,2,UP_AND_DOWN,NO,NO,2026-09-29T15:13:41Z
2026-09-26T22:15,2026-09-26T22:30,90,134.12,134.12,99,165.62,2,UP_AND_DOWN,NO,NO,2026-09-29T15:13:41Z
2026-09-26T22:30,2026-09-26T22:45,91,205,133.21,205,165.62,2,UP_AND_DOWN,NO,NO,2026-09-29T15:13:41Z
2026-09-26T22:45,2026-09-26T23:00,92,205,132.34,205,165.62,2,UP_AND_DOWN,NO,NO,2026-09-29T15:13:41Z
2026-09-26T23:00,2026-09-26T23:15,93,214.6,214.6,214.6,,1,UP,NO,NO,2026-09-29T15:13:41Z
2026-09-26T23:15,2026-09-26T23:30,94,214,132.31,214,165.62,2,UP_AND_DOWN,NO,NO,2026-09-29T15:13:41Z
2026-09-26T23:30,2026-09-26T23:45,95,205,205,205,,1,UP,NO,NO,2026-09-29T15:13:41Z
2026-09-26T23:45,2026-09-27T00:00,96,214.8,214.8,214.8,,1,UP,NO,NO,2026-09-29T15:13:41Z
2026-09-27T00:00,2026-09-27T00:15,1,150,120,150,152.43,2,UP_AND_DOWN,NO,NO,2026-09-29T15:13:41Z
2026-09-27T00:15,2026-09-27T00:30,2,150,118.53,150,140,2,UP_AND_DOWN,NO,NO,2026-09-29T15:13:41Z
2026-09-27T00:30,2026-09-27T00:45,3,137.1,137.1,,137.1,-1,DOWN,NO,NO,2026-09-29T15:13:41Z
2026-09-27T00:45,2026-09-27T01:00,4,140,140,,140,-1,DOWN,NO,NO,2026-09-29T15:13:41Z
2026-09-27T01:00,2026-09-27T01:15,5,150,125,150,140,2,UP_AND_DOWN,NO,NO,2026-09-29T15:13:41Z
2026-09-27T01:15,2026-09-27T01:30,6,171.93,171.93,171.93,,1,UP,NO,NO,2026-09-29T15:13:41Z
2026-09-27T01:30,2026-09-27T01:45,7,150,125,150,141.79,2,UP_AND_DOWN,NO,NO,2026-09-29T15:13:41Z
2026-09-27T01:45,2026-09-27T02:00,8,137.1,137.1,,137.1,-1,DOWN,NO,NO,2026-09-29T15:13:41Z
2026-09-27T02:00,2026-09-27T02:15,9,150,122.5,150,137.1,2,UP_AND_DOWN,NO,NO,2026-09-29T15:13:41Z
2026-09-27T02:15,2026-09-27T02:30,10,150,150,150,,1,UP,NO,NO,2026-09-29T15:13:41Z
2026-09-27T02:30,2026-09-27T02:45,11,150,117.63,150,141.19,2,UP_AND_DOWN,NO,NO,2026-09-29T15:13:41Z
2026-09-27T02:45,2026-09-27T03:00,12,150,117.63,150,152.25,2,UP_AND_DOWN,NO,NO,2026-09-29T15:13:41Z
2026-09-27T03:00,2026-09-27T03:15,13,191,117.63,191,141.19,2,UP_AND_DOWN,NO,NO,2026-09-29T15:13:41Z
2026-09-27T03:15,2026-09-27T03:30,14,167.5,167.5,167.5,141.19,1,UP,NO,NO,2026-09-29T15:13:41Z
2026-09-27T03:30,2026-09-27T03:45,15,200,200,200,,1,UP,NO,NO,2026-09-29T15:13:41Z
2026-09-27T03:45,2026-09-27T04:00,16,167.5,167.5,167.5,,1,UP,NO,NO,2026-09-29T15:13:41Z
2026-09-27T04:00,2026-09-27T04:15,17,178.82,178.82,178.82,,1,UP,NO,NO,2026-09-29T15:13:41Z
2026-09-27T04:15,2026-09-27T04:30,18,160,160,160,,1,UP,NO,NO,2026-09-29T15:13:41Z
2026-09-27T04:30,2026-09-27T04:45,19,160,111.89,160,141.19,2,UP_AND_DOWN,NO,NO,2026-09-29T15:13:41Z
2026-09-27T04:45,2026-09-27T05:00,20,136.95,136.95,,136.95,-1,DOWN,NO,NO,2026-09-29T15:13:41Z
2026-09-27T05:00,2026-09-27T05:15,21,140,140,,140,-1,DOWN,NO,NO,2026-09-29T15:13:41Z
2026-09-27T05:15,2026-09-27T05:30,22,175,121.79,175,141.19,2,UP_AND_DOWN,NO,NO,2026-09-29T15:13:41Z
2026-09-27T05:30,2026-09-27T05:45,23,140,111.77,140,140,2,UP_AND_DOWN,NO,NO,2026-09-29T15:13:41Z
2026-09-27T05:45,2026-09-27T06:00,24,161.04,113.48,161.04,137.7,2,UP_AND_DOWN,NO,NO,2026-09-29T15:13:41Z
2026-09-27T06:00,2026-09-27T06:15,25,160,113.58,160,137.6,2,UP_AND_DOWN,NO,NO,2026-09-29T15:13:41Z
2026-09-27T06:15,2026-09-27T06:30,26,153.04,113.58,153.04,138.8,2,UP_AND_DOWN,NO,NO,2026-09-29T15:13:41Z
2026-09-27T06:30,2026-09-27T06:45,27,160,111.87,160,143.74,2,UP_AND_DOWN,NO,NO,2026-09-29T15:13:41Z
2026-09-27T06:45,2026-09-27T07:00,28,219,219,219,,1,UP,NO,NO,2026-09-29T15:13:41Z
2026-09-27T07:00,2026-09-27T07:15,29,202,202,202,,1,UP,NO,NO,2026-09-29T15:13:41Z
2026-09-27T07:15,2026-09-27T07:30,30,167.2,167.2,167.2,,1,UP,NO,NO,2026-09-29T15:13:41Z
2026-09-27T07:30,2026-09-27T07:45,31,150,110,150,110,2,UP_AND_DOWN,NO,NO,2026-09-29T15:13:41Z
2026-09-27T07:45,2026-09-27T08:00,32,130,130,,130,-1,DOWN,NO,NO,2026-09-29T15:13:41Z
2026-09-27T08:00,2026-09-27T08:15,33,160,114.34,160,135.21,2,UP_AND_DOWN,NO,NO,2026-09-29T15:13:41Z
2026-09-27T08:15,2026-09-27T08:30,34,47,47,,47,-1,DOWN,NO,NO,2026-09-29T15:13:41Z
2026-09-27T08:30,2026-09-27T08:45,35,-8.82,-8.82,,-8.82,-1,DOWN,NO,NO,2026-09-29T15:13:41Z
2026-09-27T08:45,2026-09-27T09:00,36,10,10,,10,-1,DOWN,NO,NO,2026-09-29T15:13:41Z
2026-09-27T09:00,2026-09-27T09:15,37,47,47,,47,-1,DOWN,NO,NO,2026-09-29T15:13:41Z
2026-09-27T09:15,2026-09-27T09:30,38,3.1,3.1,,3.1,-1,DOWN,NO,NO,2026-09-29T15:13:41Z
2026-09-27T09:30,2026-09-27T09:45,39,0,0,,,-1,DOWN,NO,NO,2026-09-29T15:13:41Z
2026-09-27T09:45,2026-09-27T10:00,40,-10,-10,,-10,-1,DOWN,NO,NO,2026-09-29T15:13:41Z
2026-09-27T10:00,2026-09-27T10:15,41,10,10,,10,-1,DOWN,NO,NO,2026-09-29T15:13:41Z
2026-09-27T10:15,2026-09-27T10:30,42,-16.74,-16.74,,-16.74,-1,DOWN,NO,NO,2026-09-29T15:13:41Z
2026-09-27T10:30,2026-09-27T10:45,43,-13.49,-13.49,,-13.49,-1,DOWN,NO,NO,2026-09-29T15:13:41Z
2026-09-27T10:45,2026-09-27T11:00,44,-35,-35,,-35,-1,DOWN,NO,NO,2026-09-29T15:13:41Z
2026-09-27T11:00,2026-09-27T11:15,45,74,-35,17,-35,2,UP_AND_DOWN,NO,NO,2026-09-29T15:13:41Z
2026-09-27T11:15,2026-09-27T11:30,46,-9.5,-9.5,,-9.5,-1,DOWN,NO,NO,2026-09-29T15:13:41Z
2026-09-27T11:30,2026-09-27T11:45,47,-10,-10,,-10,-1,DOWN,NO,NO,2026-09-29T15:13:41Z
2026-09-27T11:45,2026-09-27T12:00,48,-15,-15,,-15,-1,DOWN,NO,NO,2026-09-29T15:13:41Z
2026-09-27T12:00,2026-09-27T12:15,49,-18,-18,,-18,-1,DOWN,NO,NO,2026-09-29T15:13:41Z
2026-09-27T12:15,2026-09-27T12:30,50,-25,-25,,-25,-1,DOWN,NO,NO,2026-09-29T15:13:41Z
2026-09-27T12:30,2026-09-27T12:45,51,-25,-25,,-25,-1,DOWN,NO,NO,2026-09-29T15:13:41Z
2026-09-27T12:45,2026-09-27T13:00,52,-15,-15,,-15,-1,DOWN,NO,NO,2026-09-29T15:13:41Z
2026-09-27T13:00,2026-09-27T13:15,53,-13.34,-13.34,,-13.34,-1,DOWN,NO,NO,2026-09-29T15:13:41Z
2026-09-27T13:15,2026-09-27T13:30,54,-25,-25,,-25,-1,DOWN,NO,NO,2026-09-29T15:13:41Z
2026-09-27T13:30,2026-09-27T13:45,55,-25,-25,,-25,-1,DOWN,NO,NO,2026-09-29T15:13:41Z
2026-09-27T13:45,2026-09-27T14:00,56,-25,-25,,-25,-1,DOWN,NO,NO,2026-09-29T15:13:41Z
2026-09-27T14:00,2026-09-27T14:15,57,-9.5,-9.5,,-9.5,-1,DOWN,NO,NO,2026-09-29T15:13:41Z
2026-09-27T14:15,2026-09-27T14:30,58,-19,-19,,-19,-1,DOWN,NO,NO,2026-09-29T15:13:41Z
2026-09-27T14:30,2026-09-27T14:45,59,-9.5,-9.5,,-9.5,-1,DOWN,NO,NO,2026-09-29T15:13:41Z
2026-09-27T14:45,2026-09-27T15:00,60,-9.5,-9.5,,-9.5,-1,DOWN,NO,NO,2026-09-29T15:13:41Z
2026-09-27T15:00,2026-09-27T15:15,61,-18,-18,,-18,-1,DOWN,NO,NO,2026-09-29T15:13:41Z
2026-09-27T15:15,2026-09-27T15:30,62,-9.5,-9.5,,-9.5,-1,DOWN,NO,NO,2026-09-29T15:13:41Z
2026-09-27T15:30,2026-09-27T15:45,63,-49.9,-49.9,,-49.9,-1,DOWN,NO,NO,2026-09-29T15:13:41Z
2026-09-27T15:45,2026-09-27T16:00,64,-9.5,-9.5,95,-9.5,-1,DOWN,NO,NO,2026-09-29T15:13:41Z
2026-09-27T16:00,2026-09-27T16:15,65,130,69.6,130,108,2,UP_AND_DOWN,NO,NO,2026-09-29T15:13:41Z
2026-09-27T16:15,2026-09-27T16:30,66,130,-19.02,130,-19.02,2,UP_AND_DOWN,NO,NO,2026-09-29T15:13:41Z
2026-09-27T16:30,2026-09-27T16:45,67,160,20,160,20,2,UP_AND_DOWN,NO,NO,2026-09-29T15:13:41Z
2026-09-27T16:45,2026-09-27T17:00,68,160.24,20,160.24,20,2,UP_AND_DOWN,NO,NO,2026-09-29T15:13:41Z
2026-09-27T17:00,2026-09-27T17:15,69,200,200,200,,1,UP,NO,NO,2026-09-29T15:13:41Z
2026-09-27T17:15,2026-09-27T17:30,70,253.79,253.79,253.79,,1,UP,NO,NO,2026-09-29T15:13:41Z
2026-09-27T17:30,2026-09-27T17:45,71,299.8,134.19,299.8,158,2,UP_AND_DOWN,NO,NO,2026-09-29T15:13:41Z
2026-09-27T17:45,2026-09-27T18:00,72,160,135.5,160,138.2,2,UP_AND_DOWN,NO,NO,2026-09-29T15:13:41Z
2026-09-27T18:00,2026-09-27T18:15,73,160,135.82,160,155,2,UP_AND_DOWN,NO,NO,2026-09-29T15:13:41Z
2026-09-27T18:15,2026-09-27T18:30,74,200,200,200,,1,UP,NO,NO,2026-09-29T15:13:41Z
2026-09-27T18:30,2026-09-27T18:45,75,160,135.89,160,149.2,2,UP_AND_DOWN,NO,NO,2026-09-29T15:13:41Z
2026-09-27T18:45,2026-09-27T19:00,76,160,141.24,160,144.51,2,UP_AND_DOWN,NO,NO,2026-09-29T15:13:41Z
2026-09-27T19:00,2026-09-27T19:15,77,149.8,149.8,95,149.8,-1,DOWN,NO,NO,2026-09-29T15:13:41Z
2026-09-27T19:15,2026-09-27T19:30,78,200,156.61,200,158,2,UP_AND_DOWN,NO,NO,2026-09-29T15:13:41Z
2026-09-27T19:30,2026-09-27T19:45,79,193,193,193,,1,UP,NO,NO,2026-09-29T15:13:41Z
2026-09-27T19:45,2026-09-27T20:00,80,166.34,158,160,158,2,UP_AND_DOWN,NO,NO,2026-09-29T15:13:41Z
2026-09-27T20:00,2026-09-27T20:15,81,210,149,210,203,2,UP_AND_DOWN,NO,NO,2026-09-29T15:13:41Z
2026-09-27T20:15,2026-09-27T20:30,82,206.8,150,206.8,205,2,UP_AND_DOWN,NO,NO,2026-09-29T15:13:41Z
2026-09-27T20:30,2026-09-27T20:45,83,150,147,150,148.72,2,UP_AND_DOWN,NO,NO,2026-09-29T15:13:41Z
2026-09-27T20:45,2026-09-27T21:00,84,135,135,,135,-1,DOWN,NO,NO,2026-09-29T15:13:41Z
2026-09-27T21:00,2026-09-27T21:15,85,190,149.19,190,149.19,2,UP_AND_DOWN,NO,NO,2026-09-29T15:13:41Z
2026-09-27T21:15,2026-09-27T21:30,86,190,143.5,190,191,2,UP_AND_DOWN,NO,NO,2026-09-29T15:13:41Z
2026-09-27T21:30,2026-09-27T21:45,87,143.5,143.5,140,191,2,UP_AND_DOWN,NO,NO,2026-09-29T15:13:41Z
2026-09-27T21:45,2026-09-27T22:00,88,150,137,150,148.59,2,UP_AND_DOWN,NO,NO,2026-09-29T15:13:41Z
2026-09-27T22:00,2026-09-27T22:15,89,227,143.5,227,192,2,UP_AND_DOWN,NO,NO,2026-09-29T15:13:41Z
2026-09-27T22:15,2026-09-27T22:30,90,200.67,200.67,200.67,,1,UP,NO,NO,2026-09-29T15:13:41Z
2026-09-27T22:30,2026-09-27T22:45,91,200,135,200,165.62,2,UP_AND_DOWN,NO,NO,2026-09-29T15:13:41Z
2026-09-27T22:45,2026-09-27T23:00,92,140,140,,140,-1,DOWN,NO,NO,2026-09-29T15:13:41Z
2026-09-27T23:00,2026-09-27T23:15,93,211,10,211,10,2,UP_AND_DOWN,NO,NO,2026-09-29T15:13:41Z
2026-09-27T23:15,2026-09-27T23:30,94,191.72,127.5,191.72,153.47,2,UP_AND_DOWN,NO,NO,2026-09-29T15:13:41Z
2026-09-27T23:30,2026-09-27T23:45,95,228,131.5,228,168,2,UP_AND_DOWN,NO,NO,2026-09-29T15:13:41Z
2026-09-27T23:45,2026-09-28T00:00,96,228,128.96,228,149.09,2,UP_AND_DOWN,NO,NO,2026-09-29T15:13:41Z
2026-09-28T00:00,2026-09-28T00:15,1,186,126.16,186,140.25,2,UP_AND_DOWN,NO,NO,2026-09-29T15:13:41Z
2026-09-28T00:15,2026-09-28T00:30,2,186,186,186,,1,UP,NO,NO,2026-09-29T15:13:41Z
2026-09-28T00:30,2026-09-28T00:45,3,121.1,121.1,95,140.25,2,UP_AND_DOWN,NO,NO,2026-09-29T15:13:41Z
2026-09-28T00:45,2026-09-28T01:00,4,143.9,143.9,,143.9,-1,DOWN,NO,NO,2026-09-29T15:13:41Z
2026-09-28T01:00,2026-09-28T01:15,5,149.9,128.15,149.9,147.45,2,UP_AND_DOWN,NO,NO,2026-09-29T15:13:41Z
2026-09-28T01:15,2026-09-28T01:30,6,150,127.36,150,148.49,2,UP_AND_DOWN,NO,NO,2026-09-29T15:13:41Z
2026-09-28T01:30,2026-09-28T01:45,7,148.49,148.49,,148.49,-1,DOWN,NO,NO,2026-09-29T15:13:41Z
2026-09-28T01:45,2026-09-28T02:00,8,135.4,135.4,,135.4,-1,DOWN,NO,NO,2026-09-29T15:13:41Z
2026-09-28T02:00,2026-09-28T02:15,9,135.4,135.4,,135.4,-1,DOWN,NO,NO,2026-09-29T15:13:41Z
2026-09-28T02:15,2026-09-28T02:30,10,150,118.24,150,148.39,2,UP_AND_DOWN,NO,NO,2026-09-29T15:13:41Z
2026-09-28T02:30,2026-09-28T02:45,11,147.44,147.44,,147.44,-1,DOWN,NO,NO,2026-09-29T15:13:41Z
2026-09-28T02:45,2026-09-28T03:00,12,140.25,140.25,,140.25,-1,DOWN,NO,NO,2026-09-29T15:13:41Z
2026-09-28T03:00,2026-09-28T03:15,13,186,123.94,186,167.88,2,UP_AND_DOWN,NO,NO,2026-09-29T15:13:41Z
2026-09-28T03:15,2026-09-28T03:30,14,207,207,207,,1,UP,NO,NO,2026-09-29T15:13:41Z
2026-09-28T03:30,2026-09-28T03:45,15,186,186,186,,1,UP,NO,NO,2026-09-29T15:13:41Z
2026-09-28T03:45,2026-09-28T04:00,16,150,150,150,,1,UP,NO,NO,2026-09-29T15:13:41Z
2026-09-28T04:00,2026-09-28T04:15,17,200.82,200.82,200.82,,1,UP,NO,NO,2026-09-29T15:13:41Z
2026-09-28T04:15,2026-09-28T04:30,18,203.99,203.99,203.99,,1,UP,NO,NO,2026-09-29T15:13:41Z
2026-09-28T04:30,2026-09-28T04:45,19,209.82,209.82,209.82,,1,UP,NO,NO,2026-09-29T15:13:41Z
2026-09-28T04:45,2026-09-28T05:00,20,211.78,211.78,211.78,,1,UP,NO,NO,2026-09-29T15:13:41Z
2026-09-28T05:00,2026-09-28T05:15,21,181,138.4,181,148.99,2,UP_AND_DOWN,NO,NO,2026-09-29T15:13:41Z
2026-09-28T05:15,2026-09-28T05:30,22,160.29,160.29,160.29,197.4,1,UP,NO,NO,2026-09-29T15:13:41Z
2026-09-28T05:30,2026-09-28T05:45,23,207,207,207,,1,UP,NO,NO,2026-09-29T15:13:41Z
2026-09-28T05:45,2026-09-28T06:00,24,207,207,207,,1,UP,NO,NO,2026-09-29T15:13:41Z
2026-09-28T06:00,2026-09-28T06:15,25,245,141.44,245,189,2,UP_AND_DOWN,NO,NO,2026-09-29T15:13:41Z
2026-09-28T06:15,2026-09-28T06:30,26,241.95,241.95,241.95,,1,UP,NO,NO,2026-09-29T15:13:41Z
2026-09-28T06:30,2026-09-28T06:45,27,207,148.5,207,217,2,UP_AND_DOWN,NO,NO,2026-09-29T15:13:41Z
2026-09-28T06:45,2026-09-28T07:00,28,207.75,152.5,207.75,161.6,2,UP_AND_DOWN,NO,NO,2026-09-29T15:13:41Z
2026-09-28T07:00,2026-09-28T07:15,29,207,207,207,,1,UP,NO,NO,2026-09-29T15:13:41Z
2026-09-28T07:15,2026-09-28T07:30,30,207,207,207,,1,UP,NO,NO,2026-09-29T15:13:41Z
2026-09-28T07:30,2026-09-28T07:45,31,240.96,240.96,240.96,,1,UP,NO,NO,2026-09-29T15:13:41Z
2026-09-28T07:45,2026-09-28T08:00,32,250,250,250,,1,UP,NO,NO,2026-09-29T15:13:41Z
2026-09-28T08:00,2026-09-28T08:15,33,247,165.31,247,232,2,UP_AND_DOWN,NO,NO,2026-09-29T15:13:41Z
2026-09-28T08:15,2026-09-28T08:30,34,200,148.99,200,148.99,2,UP_AND_DOWN,NO,NO,2026-09-29T15:13:41Z
2026-09-28T08:30,2026-09-28T08:45,35,149.09,149.09,,149.09,-1,DOWN,NO,NO,2026-09-29T15:13:41Z
2026-09-28T08:45,2026-09-28T09:00,36,245.16,150.5,245.16,220,2,UP_AND_DOWN,NO,NO,2026-09-29T15:13:41Z
2026-09-28T09:00,2026-09-28T09:15,37,188,141.75,188,141.75,2,UP_AND_DOWN,NO,NO,2026-09-29T15:13:41Z
2026-09-28T09:15,2026-09-28T09:30,38,143.7,143.7,,143.7,-1,DOWN,NO,NO,2026-09-29T15:13:41Z
2026-09-28T09:30,2026-09-28T09:45,39,190.58,100,190.58,100,2,UP_AND_DOWN,NO,NO,2026-09-29T15:13:41Z
2026-09-28T09:45,2026-09-28T10:00,40,100,100,,100,-1,DOWN,NO,NO,2026-09-29T15:13:41Z
2026-09-28T10:00,2026-09-28T10:15,41,166.9,129.47,166.9,129.47,2,UP_AND_DOWN,NO,NO,2026-09-29T15:13:41Z
2026-09-28T10:15,2026-09-28T10:30,42,146.14,146.14,,146.14,-1,DOWN,NO,NO,2026-09-29T15:13:41Z
2026-09-28T10:30,2026-09-28T10:45,43,168.97,134.13,168.97,141.7,2,UP_AND_DOWN,NO,NO,2026-09-29T15:13:41Z
2026-09-28T10:45,2026-09-28T11:00,44,150,129.5,150,141.65,2,UP_AND_DOWN,NO,NO,2026-09-29T15:13:41Z
2026-09-28T11:00,2026-09-28T11:15,45,141.7,141.7,95,141.7,-1,DOWN,NO,NO,2026-09-29T15:13:41Z
2026-09-28T11:15,2026-09-28T11:30,46,145.25,145.25,,145.25,-1,DOWN,NO,NO,2026-09-29T15:13:41Z
2026-09-28T11:30,2026-09-28T11:45,47,137.81,137.81,,137.81,-1,DOWN,NO,NO,2026-09-29T15:13:41Z
2026-09-28T11:45,2026-09-28T12:00,48,188,137,188,137,2,UP_AND_DOWN,NO,NO,2026-09-29T15:13:41Z
2026-09-28T12:00,2026-09-28T12:15,49,188,101.6,188,135.7,2,UP_AND_DOWN,NO,NO,2026-09-29T15:13:41Z
2026-09-28T12:15,2026-09-28T12:30,50,202.05,202.05,202.05,,1,UP,NO,NO,2026-09-29T15:13:41Z
2026-09-28T12:30,2026-09-28T12:45,51,200,200,200,,1,UP,NO,NO,2026-09-29T15:13:41Z
2026-09-28T12:45,2026-09-28T13:00,52,205,205,205,,1,UP,NO,NO,2026-09-29T15:13:41Z
2026-09-28T13:00,2026-09-28T13:15,53,182,182,182,,1,UP,NO,NO,2026-09-29T15:13:41Z
2026-09-28T13:15,2026-09-28T13:30,54,207,207,207,,1,UP,NO,NO,2026-09-29T15:13:41Z
2026-09-28T13:30,2026-09-28T13:45,55,182,182,182,,1,UP,NO,NO,2026-09-29T15:13:41Z
2026-09-28T13:45,2026-09-28T14:00,56,208.34,126.94,166,126.94,2,UP_AND_DOWN,NO,NO,2026-09-29T15:13:41Z
2026-09-28T14:00,2026-09-28T14:15,57,212.13,130,95,130,2,UP_AND_DOWN,NO,NO,2026-09-29T15:13:41Z
2026-09-28T14:15,2026-09-28T14:30,58,182,182,182,,1,UP,NO,NO,2026-09-29T15:13:41Z
2026-09-28T14:30,2026-09-28T14:45,59,182,147.45,182,147.45,2,UP_AND_DOWN,NO,NO,2026-09-29T15:13:41Z
2026-09-28T14:45,2026-09-28T15:00,60,200,200,200,,1,UP,NO,NO,2026-09-29T15:13:41Z
2026-09-28T15:00,2026-09-28T15:15,61,207.77,207.77,207.77,,1,UP,NO,NO,2026-09-29T15:13:41Z
2026-09-28T15:15,2026-09-28T15:30,62,209,139.77,209,150,2,UP_AND_DOWN,NO,NO,2026-09-29T15:13:41Z
2026-09-28T15:30,2026-09-28T15:45,63,274,274,274,,1,UP,NO,NO,2026-09-29T15:13:41Z
2026-09-28T15:45,2026-09-28T16:00,64,275,275,275,,1,UP,NO,NO,2026-09-29T15:13:41Z
2026-09-28T16:00,2026-09-28T16:15,65,184.07,161,184.07,161,2,UP_AND_DOWN,NO,NO,2026-09-29T15:13:41Z
2026-09-28T16:15,2026-09-28T16:30,66,185.82,152,167.07,152,2,UP_AND_DOWN,NO,NO,2026-09-29T15:13:41Z
2026-09-28T16:30,2026-09-28T16:45,67,207,189.02,207,199,2,UP_AND_DOWN,NO,NO,2026-09-29T15:13:41Z
2026-09-28T16:45,2026-09-28T17:00,68,207.18,207.18,207.18,,1,UP,NO,NO,2026-09-29T15:13:41Z
2026-09-28T17:00,2026-09-28T17:15,69,275,275,275,,1,UP,NO,NO,2026-09-29T15:13:41Z
2026-09-28T17:15,2026-09-28T17:30,70,244.55,244.55,244.55,,1,UP,NO,NO,2026-09-29T15:13:41Z
2026-09-28T17:30,2026-09-28T17:45,71,241.88,143.15,241.88,238.1,2,UP_AND_DOWN,NO,NO,2026-09-29T15:13:41Z
2026-09-28T17:45,2026-09-28T18:00,72,200,200,200,,1,UP,NO,NO,2026-09-29T15:13:41Z
2026-09-28T18:00,2026-09-28T18:15,73,244.55,244.55,244.55,,1,UP,NO,NO,2026-09-29T15:13:41Z
2026-09-28T18:15,2026-09-28T18:30,74,285.3,285.3,285.3,,1,UP,NO,NO,2026-09-29T15:13:41Z
2026-09-28T18:30,2026-09-28T18:45,75,300,300,300,,1,UP,NO,NO,2026-09-29T15:13:41Z
2026-09-28T18:45,2026-09-28T19:00,76,300,140.61,300,271.21,2,UP_AND_DOWN,NO,NO,2026-09-29T15:13:41Z
2026-09-28T19:00,2026-09-28T19:15,77,244.51,244.51,244.51,,1,UP,NO,NO,2026-09-29T15:13:41Z
2026-09-28T19:15,2026-09-28T19:30,78,239.94,239.94,239.94,,1,UP,NO,NO,2026-09-29T15:13:41Z
2026-09-28T19:30,2026-09-28T19:45,79,250,250,250,,1,UP,NO,NO,2026-09-29T15:13:41Z
2026-09-28T19:45,2026-09-28T20:00,80,189.16,189.16,189.16,,1,UP,NO,NO,2026-09-29T15:13:41Z
2026-09-28T20:00,2026-09-28T20:15,81,230,119,230,228,2,UP_AND_DOWN,NO,NO,2026-09-29T15:13:41Z
2026-09-28T20:15,2026-09-28T20:30,82,220,220,220,231,1,UP,NO,NO,2026-09-29T15:13:41Z
2026-09-28T20:30,2026-09-28T20:45,83,210,120,210,220,2,UP_AND_DOWN,NO,NO,2026-09-29T15:13:41Z
2026-09-28T20:45,2026-09-28T21:00,84,189.68,121.5,189.68,165.1,2,UP_AND_DOWN,NO,NO,2026-09-29T15:13:41Z
2026-09-28T21:00,2026-09-28T21:15,85,159.5,153.6,95,153.6,2,UP_AND_DOWN,NO,NO,2026-09-29T15:13:41Z
2026-09-28T21:15,2026-09-28T21:30,86,159.5,153.77,140,153.77,2,UP_AND_DOWN,NO,NO,2026-09-29T15:13:41Z
2026-09-28T21:30,2026-09-28T21:45,87,189.16,136.55,189.16,157.5,2,UP_AND_DOWN,NO,NO,2026-09-29T15:13:41Z
2026-09-28T21:45,2026-09-28T22:00,88,190.86,190.86,190.86,,1,UP,NO,NO,2026-09-29T15:13:41Z
2026-09-28T22:00,2026-09-28T22:15,89,230.56,230.56,230.56,,1,UP,NO,NO,2026-09-29T15:13:41Z
2026-09-28T22:15,2026-09-28T22:30,90,189.16,189.16,189.16,,1,UP,NO,NO,2026-09-29T15:13:41Z
2026-09-28T22:30,2026-09-28T22:45,91,207,128.4,207,160.8,2,UP_AND_DOWN,NO,NO,2026-09-29T15:13:41Z
2026-09-28T22:45,2026-09-28T23:00,92,190,135,190,156.47,2,UP_AND_DOWN,NO,NO,2026-09-29T15:13:41Z
2026-09-28T23:00,2026-09-28T23:15,93,160.03,160.03,160.03,,1,UP,NO,NO,2026-09-29T15:13:41Z
2026-09-28T23:15,2026-09-28T23:30,94,150,132.5,150,148.9,2,UP_AND_DOWN,NO,NO,2026-09-29T15:13:41Z
2026-09-28T23:30,2026-09-28T23:45,95,132.5,132.5,95,149,2,UP_AND_DOWN,NO,NO,2026-09-29T15:13:41Z
2026-09-28T23:45,2026-09-29T00:00,96,179.16,132.5,179.16,148.4,2,UP_AND_DOWN,NO,NO,2026-09-29T15:13:41Z
