tijd_utc,garage_id,vrij,capaciteit,open,vol
2021-12-14T16:01:41Z,23703a32-e280-4265-97d3-dc82c40e92e1,61,62,1,0
2021-12-14T16:01:41Z,6b153ac5-9aee-4758-a5a3-7e92a2b98eab,121,121,1,0
2021-12-14T16:01:41Z,9706dda7-3909-4b75-be28-b3d4e9ee09f7,49,54,1,0
2021-12-14T16:01:42Z,13d9d2fe-1c63-43a7-90ea-4837bd3662ca,44,52,1,0
2021-12-14T16:01:42Z,24190ff2-c521-4825-abd6-aa20c14d8b67,66,88,1,0
2021-12-14T16:01:42Z,54544081-ae6b-4e18-bbf3-6833becce81f,82,98,1,0
2021-12-14T16:01:42Z,66834791-df8d-4c8b-86f3-23ce0c131c3b,31,37,1,0
2021-12-14T16:01:42Z,c5e2a674-a5c3-4c74-9b84-377b3dfaf146,10,90,1,0
2021-12-14T16:01:42Z,d20db70b-b980-41b2-a457-67148670b260,11,27,1,0
2021-12-14T16:01:42Z,f7e4a75c-79a2-41c7-b12e-aa88bff379f1,28,28,1,0
2021-12-14T16:01:44Z,0c427131-5ed6-4901-bfad-7171ade5ac33,45,49,1,0
2021-12-14T16:01:44Z,241e35bc-be67-4ee9-9da0-71017d6a4267,48,48,1,0
2021-12-14T16:01:44Z,75104ad9-e029-4709-9b68-6b150258fc15,8,12,1,0
2021-12-14T16:02:04Z,226e334b-3fdd-4aaa-bddf-a6b10a3c98ee,302,316,1,1
2021-12-14T16:02:08Z,97a243f4-d0d9-4224-b0c1-72a9566bb677,136,150,1,1
2021-12-14T16:02:12Z,953eec27-3077-4c28-84df-0d4248d45b08,107,153,1,1
2021-12-14T16:02:16Z,2cc6b90a-8460-4b11-a52e-5f9319ffd64b,473,499,1,1
2021-12-14T16:02:16Z,2e7daa83-19e3-4133-8d57-3911d7681d40,224,238,1,1
2021-12-14T16:02:16Z,6f411bd5-e76b-449b-a390-bb7e5d7e1c0e,1704,1790,1,1
2021-12-14T16:02:16Z,9c6f4ec3-35ee-4801-a683-4e48cd01931f,318,333,1,1
2024-09-27T13:37:47Z,33d872e2-f94f-43b0-b07c-ce46e45422a5,162,181,1,0
2024-09-27T13:37:47Z,c0aecf40-4df5-43b9-b8af-577fb8c681f8,197,340,1,0
2025-02-07T10:14:49Z,1fc4f305-8d3f-4626-af10-a145c5834554,33,76,1,0
2025-05-07T14:53:29Z,9976905e-fe02-4211-8976-1b77e57c3b6f,79,89,1,1
2025-05-15T06:46:29Z,bb3c8e2b-6292-48bd-bcd7-9cb90d0f35dc,71,112,1,0
2025-05-15T07:19:54Z,0b6cd5b5-8a48-4e69-a38e-6e38c12cb9a7,240,245,1,0
2025-07-09T13:05:20Z,af0b223f-cfe3-4e84-8359-2724e26315a0,0,79,1,1
2025-07-09T13:08:15Z,45b1b090-778f-4a65-99ba-7baf8e0f4412,33,227,1,0
2025-07-09T13:08:16Z,53d7d51e-1be5-4ecf-af13-c1c601d37503,58,91,1,0
2025-07-21T09:04:06Z,21de769b-c8e4-45e6-8b40-4496fa1fc417,7,150,1,0
2025-11-05T11:37:55Z,004b57f3-8185-41f7-b534-91d0bfc8c023,0,0,1,1
2025-11-05T11:37:55Z,ddcdd081-6046-4847-8438-dcea6ab51ccd,232,385,1,0
2025-11-12T10:20:31Z,da95ab75-7e5e-438d-8bfb-f3eb0d37dd44,388,529,1,0
2025-12-09T12:17:33Z,41beb61e-e301-429f-b9e9-275be8325f6a,1106,1224,1,0
2025-12-09T12:17:33Z,a63f0bb3-1a09-4d42-862b-6da2354178f0,1106,1224,1,0
2025-12-09T12:17:33Z,bdf5a796-0a4e-4385-b53d-f163f0540975,1106,1224,1,0
2025-12-24T07:36:47Z,fbdec230-14d1-47f6-b62f-9aedc6f87280,150,160,1,0
2025-12-24T07:36:48Z,307d9fdb-0c8a-4362-943d-aa33adecaa14,100,105,1,0
2025-12-24T07:36:48Z,5512204f-fb36-43de-a58e-1743d41ebe8d,83,95,1,0
2025-12-24T07:36:48Z,8bfefa99-a526-4ce8-b4e0-236d6b19bb23,226,257,1,0
2026-01-12T15:26:20Z,d7f41af5-8e89-465a-963c-f5102affcd78,69,70,1,0
2026-08-19T08:07:29Z,74a6b9e5-dad6-4c18-a26e-7073d12c92a0,191,800,1,0
2026-09-20T12:43:01Z,5f86a398-fbf0-407b-8e72-8eac4b4a9b08,375,389,1,1
2026-10-09T20:03:39Z,fb51c450-b89f-422a-b4a8-3b588c845d72,885,965,1,0
2026-10-10T11:17:08Z,4624b92d-ddf5-419e-86bb-4983c100ff70,96,109,1,0
2026-10-10T22:53:20Z,1bf6593d-13df-4403-8a50-9e0cf3060bc4,165,166,1,0
2026-10-10T22:53:20Z,4297dbaa-661c-42d2-8d86-623af182bc74,91,94,1,0
2026-10-10T23:02:47Z,cba8da27-10e4-4683-8d09-93e961fa9c0a,56,56,1,0
2026-10-10T23:44:55Z,325f0f1e-f5e5-44fa-8335-a7086df8976e,182,180,1,0
2026-10-10T23:44:57Z,0c60172a-8d27-4976-8aba-d92f6567d99b,253,268,1,0
2026-10-10T23:45:39Z,1840ed29-74ce-46fc-8265-85c7c69c1acb,211,122,1,0
2026-10-10T23:46:01Z,63811863-d897-4247-a726-efb29a24379d,136,137,1,0
2026-10-10T23:46:22Z,74823881-a189-4746-ae24-528e733777f7,238,276,1,0
2026-10-10T23:46:23Z,83c0ebb3-ef4b-49bd-b15d-e30fc58902bf,151,154,1,0
2026-10-10T23:46:48Z,7565d9ad-4f5a-4cb0-b9c5-53d68a2ad323,223,223,1,0
2026-10-10T23:47:14Z,75c52013-b44a-410a-8d76-94c962f32aef,144,145,1,0
2026-10-10T23:48:08Z,46fa33ae-878c-4afa-b231-9930ee1fb073,454,495,1,0
2026-10-10T23:48:18Z,5e438ace-a80a-4a9b-9047-782c092d9fc5,154,162,1,0
2026-10-10T23:48:18Z,d863d817-96ec-4b0a-9393-97b6adaf70f5,181,180,1,0
2026-10-10T23:48:34Z,f0f161fb-e8f7-4dbb-81cd-fedce924d76c,213,230,1,0
2026-10-10T23:48:45Z,c26ad163-2d50-4198-9e33-25a4ba91a340,185,190,1,0
2026-10-10T23:49:06Z,c74987a5-2457-407e-8cf2-5f92ac7279ec,23,27,1,0
2026-10-10T23:49:10Z,2190c694-e24f-4b6c-a10b-d84b90945078,270,279,1,0
2026-10-10T23:49:23Z,c8def33d-6bbf-4162-a9bc-27bc79430d0d,675,685,1,0
2026-10-10T23:49:24Z,62075c53-5284-47d4-8909-3872721380d7,169,174,1,1
2026-10-10T23:49:24Z,d381c28b-2cf8-48b6-b0f8-8166c08cf25f,437,530,1,0
2026-10-10T23:49:24Z,dacca715-2cf3-400f-96c3-367f32f994e9,532,538,1,0
2026-10-10T23:49:24Z,e556a717-480e-433d-b87b-0f37140076a6,419,420,1,0
2026-10-10T23:49:25Z,222fa1c9-20df-433b-ba27-5c7c7c128f3d,243,256,1,0
2026-10-10T23:49:26Z,c8a59b23-d7b1-4595-b2f9-3f5bb9b5cb9e,93,100,1,0
2026-10-10T23:51:00Z,8aa45b74-0b08-4234-9231-29b6a80a9ee7,109,123,1,0
2026-10-10T23:51:19Z,5da92d12-8d50-439a-a900-2cde0d600a83,54,55,1,0
2026-10-10T23:51:53Z,39c7e31a-5a22-4c4a-935f-482feaf65823,80,81,1,0
2026-10-10T23:51:54Z,27b012c7-0ae9-4607-99ba-c7ee3c2b21fe,86,83,1,0
2026-10-10T23:52:10Z,d713179a-5257-46e3-a989-705291add0c1,204,178,1,0
2026-10-10T23:52:14Z,1535650f-5e48-49fe-b849-24bf24ee13ab,53,53,1,0
2026-10-10T23:52:22Z,986f5e06-3d0b-4c37-8072-da91e5440c7d,190,200,1,0
2026-10-10T23:53:21Z,deb8f7da-0864-4019-8715-53ca185efc42,237,300,1,1
2026-10-10T23:53:35Z,9b647f63-9c6b-4b14-93b3-a3ead7dee757,195,197,1,0
2026-10-10T23:53:52Z,dfb0da3d-3258-4bac-8500-6091faea093c,102,107,1,0
2026-10-10T23:53:56Z,41306aac-28b3-4cbf-8df4-b1a6aa5647c8,117,120,1,0
2026-10-10T23:54:10Z,c1aee7fe-47b9-48d8-98d0-6bc9aa033e6e,101,117,1,0
2026-10-10T23:54:19Z,08e88e8e-9a59-4ea7-9511-4914d75364ee,110,110,1,0
2026-10-10T23:55:12Z,2b0c13a6-12c7-4ebf-9980-06ad0a2d0f6d,113,159,1,0
2026-10-10T23:55:13Z,656ec2fe-54a8-4e3c-8118-2182adc93bd1,96,98,1,0
2026-10-10T23:55:14Z,53773841-88d1-4087-81a0-e27d07582ce7,275,282,1,0
2026-10-10T23:55:23Z,ee748840-6d7e-4be6-980e-5e26ba76ba24,187,132,1,0
2026-10-10T23:55:28Z,10f854b4-14ef-4914-8069-76d7f7f6afb4,74,258,1,0
2026-10-10T23:55:28Z,6c81e5ad-4b7e-4061-84a5-1f9b8aa3d3c2,409,1144,1,0
2026-10-10T23:55:28Z,824d62f3-b5b1-4d78-8b34-7c31ed197fc8,26,298,1,1
2026-10-10T23:55:28Z,c11a4b67-3766-49b6-8809-15a612bae543,415,1224,1,0
2026-10-10T23:55:36Z,b17c99c0-65af-4451-a700-a21b24fc611e,41,39,1,0
2026-10-10T23:55:51Z,695cef16-b614-4489-b32a-687aca22dd4e,343,353,1,0
2026-10-10T23:56:00Z,0e9c5738-93b1-43fe-8f57-6f1066b5118a,121,170,1,0
2026-10-10T23:56:00Z,186af3cc-3ebe-40b1-a807-72f98dbc94f7,139,280,1,0
2026-10-10T23:56:00Z,32fbd12d-2b88-41df-9090-1d3962e1cfab,13,26,1,0
2026-10-10T23:56:00Z,33ac0b4d-9a9d-4c39-85df-13293292f04b,77,90,1,0
2026-10-10T23:56:00Z,45434989-3252-4c85-8731-c856b02c390c,102,159,1,0
2026-10-10T23:56:00Z,4639a30f-a31e-4f72-8430-49c1d8ff6be7,8,132,1,0
2026-10-10T23:56:00Z,9939a414-628f-4b60-8068-f7731ea5f31a,401,481,1,0
2026-10-10T23:56:00Z,ddf76a3f-a13d-492f-8dd2-374a52c1a506,23,200,1,0
2026-10-10T23:56:00Z,e3b7e292-ef14-43c9-96fb-85ab7b08ef09,35,48,1,0
2026-10-10T23:56:10Z,cc7a3d99-d6f6-4407-86bc-008eb47549ea,108,130,1,0
2026-10-10T23:56:15Z,fc687c9c-c03d-42f3-ad4c-2d9734121a38,127,129,1,0
2026-10-10T23:56:18Z,2c1cb38b-92ac-416c-a5a2-e3ee21d8180e,329,352,1,0
2026-10-10T23:56:18Z,4fe55834-166f-4651-8371-d68807490125,22545,250,1,0
2026-10-10T23:56:18Z,e8f046ff-4785-472a-8668-f76c54d3133a,30352,352,1,0
2026-10-10T23:56:20Z,02b97e2b-bea0-42ce-801c-5462221b28f7,143,209,1,0
2026-10-10T23:56:20Z,2ddeebb5-39db-4a32-ae6d-eeb45bf4a5ef,342,416,1,0
2026-10-10T23:56:20Z,4e593474-6add-44a1-b0b8-c53f2aac44ad,292,301,1,0
2026-10-10T23:56:20Z,61020800-8015-43d8-b335-52a1747c126a,70,150,1,0
2026-10-10T23:56:20Z,707242b6-6564-43ed-b272-fab1b406a3bb,412,415,1,0
2026-10-10T23:56:20Z,883bccff-15c5-46e8-bc2e-60599b54f10f,228,329,1,0
2026-10-10T23:56:20Z,a8b3ecad-d648-4a1b-b559-941d58b899f0,310,334,1,0
2026-10-10T23:56:20Z,b8513bb2-460a-4f07-adee-66d1ae4ac909,69,98,1,0
2026-10-10T23:56:20Z,e2532484-c772-438a-b164-c0be64691da2,259,300,1,0
2026-10-10T23:56:23Z,1ff340af-6c8d-47b9-ac0a-4b64402eeb90,447,470,1,0
2026-10-10T23:56:23Z,f7e93a01-102a-47de-aafb-0dea5f163a4c,91,93,1,0
2026-10-10T23:56:24Z,3cc2d8e4-53ef-48ba-8dda-c97047d16fe1,-34,234,1,1
2026-10-10T23:56:30Z,02f38b89-a5a7-4df6-8e87-5de543d84440,305,450,1,0
2026-10-10T23:56:30Z,03243fd9-f789-49db-94a4-b9eecfdee737,87,87,1,0
2026-10-10T23:56:30Z,14f1046d-1fda-4081-883b-d6a8a2ad937d,589,625,0,0
2026-10-10T23:56:30Z,1b1834c0-d727-4370-9111-3076f8b038fc,518,573,1,0
2026-10-10T23:56:30Z,1c1f3c0a-8c0c-4ac9-b4ce-8ae7000aae9f,609,609,1,0
2026-10-10T23:56:30Z,1d38eb92-1cf6-453d-bb39-9a150145c52a,68,68,1,0
2026-10-10T23:56:30Z,2cee7c34-27db-46ec-b339-f71f1aa82922,0,44,1,1
2026-10-10T23:56:30Z,31938897-d183-426d-ad6b-0c613a147cea,122,128,1,0
2026-10-10T23:56:30Z,328cbed1-dfe1-4984-8cf6-4b4d9671b168,356,500,1,0
2026-10-10T23:56:30Z,3fca9aca-4819-405f-9fa8-bcf5f0be4ed9,50,95,1,0
2026-10-10T23:56:30Z,48383bbe-e212-4903-bfd2-440846d80059,296,332,1,0
2026-10-10T23:56:30Z,4988115d-7c6e-4a4a-bd9d-5605e692c2cb,54,79,1,0
2026-10-10T23:56:30Z,500f53b7-d700-4f9d-818b-72951caf4d40,65,150,0,0
2026-10-10T23:56:30Z,574e6027-47e9-45eb-bcc1-01a9d1a344f7,431,494,1,0
2026-10-10T23:56:30Z,80d26cc5-1210-4bdf-beb4-0602f35bdccc,374,705,1,0
2026-10-10T23:56:30Z,8c237822-2d60-4446-b5cd-8f33cccb26fc,127,240,1,0
2026-10-10T23:56:30Z,9386ab02-ee17-4fd7-9580-93115e203a31,282,323,1,0
2026-10-10T23:56:30Z,9f6c9ac3-11e3-4370-a2f3-c03dce6a19ea,133,168,1,0
2026-10-10T23:56:30Z,a03c3613-6fed-4659-906f-17843c227622,123,388,0,0
2026-10-10T23:56:30Z,a4265c3c-b33d-4f83-973b-bf7eb97958e2,134,142,1,0
2026-10-10T23:56:30Z,ac1a8242-ea7d-48ff-8935-9fbe07691d77,1031,1080,1,0
2026-10-10T23:56:30Z,b2ef972b-d8e8-4044-9a58-2223dace7c87,45,81,1,0
2026-10-10T23:56:30Z,b3b3f9ec-e94e-4923-8865-53c9c5f7aeaf,236,236,1,0
2026-10-10T23:56:30Z,b702aa0d-1392-4b9c-a158-5ead5179f9ad,173,267,1,0
2026-10-10T23:56:30Z,b7fd59d7-ef6e-4b8b-804d-42ba6bb98dbf,133,371,1,0
2026-10-10T23:56:30Z,b94f5b35-9793-43f9-927a-889478d76806,663,1050,1,0
2026-10-10T23:56:30Z,bae90cb2-90cc-4ef7-9752-672ef216a52c,609,671,1,0
2026-10-10T23:56:30Z,c0bc471b-86b3-4d80-b62f-1d88101096b2,410,510,0,0
2026-10-10T23:56:30Z,ce5aa269-cd07-494f-82a3-ea7a633349be,18,135,1,0
2026-10-10T23:56:30Z,d3bd2edf-cd1f-4b3d-baee-eb37c8bc9e53,198,250,0,0
2026-10-10T23:56:30Z,d4ea4d81-730a-431e-8db7-fd1e6f903876,92,99,1,0
2026-10-10T23:56:30Z,d6ea05f4-e484-4db8-84cd-a0ac20db1f1f,385,398,1,0
2026-10-10T23:56:30Z,d9be5735-e8a0-4f62-9712-740bea0c2dd9,508,508,1,0
2026-10-10T23:56:30Z,dc96d900-8446-4e99-8a09-dd60da167fc8,146,174,1,0
2026-10-10T23:56:30Z,ed205aff-9f9b-4f16-b649-76b53971e4d7,84,88,1,0
2026-10-10T23:56:30Z,f9521fbc-5e80-4c44-af4f-d49a487c6695,153,153,1,0
2026-10-10T23:56:30Z,fa25b695-5055-40a5-9930-ac2aa77ba975,361,604,1,0
2026-10-10T23:56:31Z,0967d16d-061b-4f44-838d-36cec4be68b9,373,390,1,0
2026-10-10T23:56:31Z,3e43afd2-aa12-4986-9927-73f883d30e55,398,690,0,0
2026-10-10T23:56:31Z,45abe415-46d3-422f-9db5-4a783328e490,239,450,0,0
2026-10-10T23:56:31Z,46c2167d-7d65-4e5f-9e3e-6d625aa8c7b6,123,150,1,0
2026-10-10T23:56:31Z,55f5c0fa-d690-4528-90fb-5fe851c476ec,134,147,0,0
2026-10-10T23:56:31Z,84af4dc6-992d-40dd-a6e1-a1900ea7961f,211,401,1,0
2026-10-10T23:56:31Z,96ec46a4-8089-49a8-8ca4-df67a5d0bdc1,345,684,1,0
2026-10-10T23:56:31Z,9a2ca410-8fba-4ff7-ab8f-6f1a5398eab0,382,382,0,0
2026-10-10T23:56:31Z,ba951d66-5587-4874-bc96-68a0edd5bd62,271,430,0,0
2026-10-10T23:56:31Z,c06e8266-5df0-411e-8b7d-3027530f2661,223,420,1,0
2026-10-10T23:56:31Z,d13f96a4-ed41-41ae-88a1-921e9c067e3e,80,90,0,0
2026-10-10T23:56:31Z,e7f0ddfb-8b9f-4f47-a274-076807a63a5b,43,134,1,0
2026-10-10T23:56:31Z,ffab40f6-4a10-41f2-9cc1-b9c2879d8c37,406,484,1,0
2026-10-10T23:56:33Z,0fee70b1-f479-4557-aebc-d2860d533704,5,100,1,1
2026-10-10T23:56:33Z,1319b928-f405-4ee3-8c33-1e932e3156a4,403,422,1,0
2026-10-10T23:56:33Z,60bf0e76-d3bf-42d1-b7a0-04f0ab048e9d,30,289,0,0
2026-10-10T23:56:33Z,85e5a169-e559-4ba0-aeb7-7d6522dfd374,1105,1116,1,0
2026-10-10T23:56:33Z,a2c37c22-fa24-4591-aa78-bd0f4fe99978,274,283,1,0
2026-10-10T23:56:33Z,da570813-b3f6-4676-b5d3-4bb8e759eb50,504,607,1,0
2026-10-10T23:56:33Z,ff4ddfbf-66bf-473e-a80b-353290ed1084,495,564,1,0
2026-10-10T23:56:35Z,551be64d-fd3d-4f13-8afd-fc2b0186e67b,107,170,1,0
2026-10-10T23:56:35Z,5c7a3167-55bd-441f-bd09-60e97503a603,57,102,1,0
2026-10-10T23:56:35Z,a2a3a9b4-6c17-47a9-aa70-1edef947743f,119,224,1,0
2026-10-10T23:56:35Z,ed1ecb9f-bbf1-4578-97c7-16cd3ed8b4da,164,230,1,0
2026-10-10T23:56:36Z,200e0f50-57f5-4cb8-9a46-e172ed735a86,407,435,1,0
2026-10-10T23:56:36Z,294157b9-5428-41d8-8f3a-252193ebe97d,263,333,1,0
2026-10-10T23:56:36Z,40212393-05d9-45a4-a287-123af9ad325a,268,289,1,0
2026-10-10T23:56:36Z,552a9b88-f367-42ba-a429-0abdafd14886,1133,1250,1,0
2026-10-10T23:56:36Z,70abd541-a025-4b29-b99c-0a96a6f23a06,279,279,1,1
2026-10-10T23:56:36Z,c479f58b-1683-4321-adff-3e54ad468e59,306,317,1,0
2026-10-10T23:56:37Z,ad408289-258a-4e66-997b-06944563a84c,105,120,1,0
2026-10-10T23:56:37Z,bc09b9a5-a929-4b13-bd54-3a92fc3b7b89,126,190,1,0
2026-10-10T23:56:41Z,5ba03aad-2871-4fba-85bf-748798d2eb87,9168,9999,1,0
2026-10-10T23:56:41Z,8e0289ed-f3ee-458e-8da4-247c4b240bb4,352,354,1,0
2026-10-10T23:56:41Z,da834c6e-b202-4b18-b7b0-4edc2716855b,498,500,1,0
2026-10-10T23:56:42Z,9f89a6c7-df06-45ea-adf6-0b94088fcb57,132,335,1,0
2026-10-10T23:56:44Z,87657efe-b52a-40e4-9cf2-cf356a24017c,186,189,1,0
2026-10-10T23:56:50Z,16b75fd7-9296-4b7b-a58a-4fb92e1f2e8a,239,243,1,0
2026-10-10T23:56:50Z,332264eb-f17e-4cbb-8ed2-40aae6f68b2c,185,262,1,0
2026-10-10T23:56:50Z,7895429d-3cda-4b0a-ad1e-321d0675a377,226,226,1,0
2026-10-10T23:56:50Z,78eead8f-16d0-4438-899b-328c4c382619,287,353,1,0
2026-10-10T23:56:50Z,98ad5f41-d8c5-48ff-b205-c30be826d981,230,255,1,0
2026-10-10T23:56:50Z,9b8087f3-3cbf-4a68-8869-828ce3ea6b51,202,385,1,0
2026-10-10T23:56:50Z,a293ae1c-779c-4d2b-80d0-a305c4b04e61,246,315,1,0
2026-10-10T23:56:50Z,d08e3df2-ed0e-4fb8-b784-83429a65d4c2,269,400,1,0
2026-10-10T23:56:50Z,e4f778ec-4db9-474a-af7a-520ea373912f,301,340,1,0
2026-10-10T23:56:50Z,f914b954-5e4c-4b25-859f-d775e4c473f5,363,445,1,0
2026-10-10T23:56:52Z,0cbc7e9b-71b6-456a-bcc6-1c95f7297c29,0,395,1,0
2026-10-10T23:57:13Z,f7eafdd2-de31-4aff-b554-75270a60bc99,127,129,1,0
2026-10-10T23:57:17Z,5283148b-441e-425d-bab4-ec0a68a33342,242,256,1,0
2026-10-10T23:57:27Z,9a11d95d-87bc-4b26-aff8-4cd6f6c2fc75,121,125,1,0
2026-10-10T23:57:28Z,ac546da2-cc2b-4e1d-adf7-15bcecde9fff,64,70,1,0
2026-10-10T23:57:42Z,2eb02bef-9754-4091-b7cf-63932d0bf28e,76,80,1,0
2026-10-10T23:58:00Z,5d3110ce-748f-4d92-b131-11f1c456f510,131,132,1,0
2026-10-10T23:58:04Z,54612960-b8a6-4499-9f47-f7ae7c4fd2c8,541,568,1,0
2026-10-10T23:58:08Z,8ac41951-5cb2-4c0d-a3af-8f2084bab917,624,677,1,0
2026-10-10T23:58:47Z,d5565e93-2f9f-4074-8548-e631b72bae66,583,550,1,0
2026-10-10T23:58:56Z,ca495787-8e55-4c7d-933b-c3192b40ddb8,134,146,1,0
2026-10-10T23:58:56Z,f1807d7c-176c-44f2-8fbc-a09b18c5aa69,139,133,1,0
2026-10-10T23:59:00Z,1a5d074b-cdc7-4198-a09a-284d660d4c4b,41,77,1,0
2026-10-10T23:59:00Z,2d37f4dc-459d-46f4-b759-afcabf36dbcd,154,195,1,0
2026-10-10T23:59:00Z,32a7f9cc-c887-4ddd-b7bb-75ee7a3a4e7a,51,63,1,0
2026-10-10T23:59:00Z,635b2c1b-5474-4a73-ae6b-67fe9e9c09f7,56,86,1,0
2026-10-10T23:59:00Z,66ea7e04-7ba7-4f7d-9301-7c3257d8acdc,64,88,1,0
2026-10-10T23:59:00Z,8067de7c-2f59-41b7-b2aa-1b8e6b884c65,89,107,1,0
2026-10-10T23:59:00Z,99eec77f-a35b-4315-996a-6d3ffe2b1b64,22,42,1,0
2026-10-10T23:59:00Z,a9410d51-b48c-4641-a9d5-9d20cf66f7a4,11,18,1,0
2026-10-10T23:59:00Z,cfb30666-ad0d-429f-9984-937cabbc8bc8,15,62,1,0
2026-10-10T23:59:00Z,db3957e4-11b3-437b-8907-31abafcd30cd,63,90,1,0
2026-10-10T23:59:02Z,fed5c736-f2d8-4f91-8fd0-9d9188ba76bf,104,100,1,0
2026-10-10T23:59:05Z,fa1c4be1-6424-43e9-bf19-91cbb126ce63,435,431,1,0
2026-10-10T23:59:07Z,0ab22af9-911d-4cfb-9ac5-6c327aa48be2,0,0,1,0
2026-10-10T23:59:07Z,ff69524b-a4b1-4c65-85c1-b45c2ce5b144,0,0,1,0
2026-10-10T23:59:09Z,a74cb3bf-e681-45a0-bd09-60ab91099fec,138,143,1,0
2026-10-10T23:59:20Z,7b4e7874-59b9-4e9c-9486-206453b5a2a5,296,308,1,0
2026-10-10T23:59:28Z,3509fe81-59aa-47a7-a7ba-6d881d9a24fd,121,100,1,0
2026-10-10T23:59:28Z,5ad7a1ad-ec96-4e5c-9356-a5809078aada,112,113,1,0
2026-10-10T23:59:54Z,9ed37ad1-9374-400a-918f-f02411eb8ce6,210,210,1,0
2026-10-10T23:59:57Z,4331c3f8-f543-4ae4-be11-042e5ebaea33,464,470,1,0
2026-10-10T23:59:57Z,88c052cc-28e4-4098-900c-542756b82046,430,506,1,0
2026-10-10T23:59:57Z,f8120569-3a11-4a63-9c7d-12cd7eaeafe0,645,705,1,0
2026-10-10T23:59:57Z,fc170b99-df27-47b0-9352-899a8f846d41,182,198,1,0
2026-10-10T23:59:58Z,483561f2-4a3c-4ae3-817f-cd47fb67746c,118,168,1,0
2026-10-10T23:59:58Z,79f2c1f5-2f6c-4718-9d58-5aad0295bfd2,116,120,1,0
2026-10-10T23:59:58Z,a13276fc-40da-40e2-9bd4-3c902884228a,65,65,1,0
2026-10-10T23:59:58Z,bf73b42f-8fb5-473f-87c0-169c7e171315,65,65,1,0
2026-10-11T00:00:08Z,751c1199-6ad2-4fc4-b879-8b9091c9d96c,149,146,1,0
2026-10-11T00:00:15Z,83e8b817-f383-453b-a4fc-b7a99a45dc18,46,441,1,0
2026-10-11T00:00:21Z,cea4cffe-158c-4b08-b940-5d5eefeba089,41,105,1,0
2026-10-11T00:00:22Z,e25f0d56-a213-416b-ab85-9f4d40d0f8f6,115,116,1,0
2026-10-11T00:00:23Z,73f63588-e4c1-4f4c-aeae-d204e2ef5b1f,102,225,1,0
2026-10-11T00:00:27Z,b41c7c26-ac01-4a88-a2ae-d4fb1b51919e,23,84,1,0
2026-10-11T00:00:35Z,19e877b8-c9ce-49a9-a754-a797acacf661,42,163,1,0
2026-10-11T00:00:35Z,2a04ec9c-2b8c-43c3-9ae4-2e1e97a2e0bb,85,190,1,0
2026-10-11T00:00:35Z,36e55fa3-48c9-4fd0-b8d9-eec160391772,282,290,1,0
2026-10-11T00:00:35Z,3f65bc8e-2a1b-4be2-ae4d-a38cfa9fdb00,152,209,1,0
2026-10-11T00:00:35Z,55fb619f-465f-4b1d-80d5-db613ae39e58,28,165,1,0
2026-10-11T00:00:36Z,69a54734-54a0-4e32-aef5-328b9d5c57b6,195,242,1,0
2026-10-11T00:00:37Z,4a9684bf-f532-4248-9f43-1334233dc5d5,418,449,1,0
2026-10-11T00:00:38Z,17ec5a7f-2d59-40e7-a32a-3060ee718a3b,1424,1800,1,0
2026-10-11T00:00:38Z,43878fed-4dbf-4aef-a2b9-80168d11b5aa,1072,1087,1,0
2026-10-11T00:00:39Z,88053957-10e2-4453-a3d7-1706298b9737,75,85,1,0
2026-10-11T00:00:40Z,16223a5c-6114-432d-98ab-5698d3c2d7cc,115,232,1,0
2026-10-11T00:00:40Z,35870b94-7c7e-4f95-b36e-7923b0fe837f,42,600,1,0
2026-10-11T00:00:42Z,d6f2324a-9011-490d-8ae2-56d448a7775b,197,292,1,0
2026-10-11T00:00:43Z,57f24936-b0fb-452f-8d95-337583a5ae4b,253,409,1,0
2026-10-11T00:00:43Z,7035fbb3-74a2-43e9-b873-e8d7ddb03fd3,1822,1853,1,0
2026-10-11T00:00:45Z,2c0c337e-7c19-4db5-9da8-6bcc8e635404,222,244,1,0
2026-10-11T00:00:45Z,c2b50ef9-12a3-4ac5-b2b4-8bf0d896c98b,294,400,1,0
2026-10-11T00:00:45Z,c783d164-e1ce-4782-9552-eac48b1b100d,3,250,1,1
2026-10-11T00:00:49Z,01e2fd1b-550b-40e1-b9fe-5373a15d88a0,217,275,1,0
2026-10-11T00:00:49Z,151f0df2-d198-4987-a2d6-4e5f1658c659,270,305,1,0
2026-10-11T00:00:49Z,1558c63d-0d97-40f3-9a0f-5f11e65875d7,528,528,1,0
2026-10-11T00:00:49Z,1a39c8e9-91f9-40d9-bdf3-ce1f6e438a14,1464,1700,1,0
2026-10-11T00:00:49Z,1b96b5df-841f-400b-ba2d-7cff51a41d02,164,220,1,0
2026-10-11T00:00:49Z,1e0fbf8b-5e3a-4ee4-96df-6206c2bac453,570,620,1,0
2026-10-11T00:00:49Z,2d8e6321-7108-4763-ba53-5d107ff6e674,151,199,1,0
2026-10-11T00:00:49Z,335d508f-cb75-480d-b034-b30f128fccce,233,300,1,0
2026-10-11T00:00:49Z,34c37f55-160a-47fb-a659-35d74f70907b,-10,0,1,1
2026-10-11T00:00:49Z,367449da-07de-4eec-be6e-79719ca533f8,205,276,1,0
2026-10-11T00:00:49Z,40367d76-9ba1-4257-b954-f5f58edf144e,116,112,1,0
2026-10-11T00:00:49Z,41db81b2-3d89-4e28-adb1-0d929b9e4b05,164,176,1,1
2026-10-11T00:00:49Z,461a6ae3-b610-4bec-95e1-bae6755b83a3,193,250,1,0
2026-10-11T00:00:49Z,480c50ad-2ef0-48df-8dbc-d2c8552151fd,71,100,1,0
2026-10-11T00:00:49Z,5b3d8f1d-67f8-499e-a35c-92f3b181bfa1,13,20,1,0
2026-10-11T00:00:49Z,5d567c12-796c-4f8d-80f4-120ba32ed482,780,840,1,0
2026-10-11T00:00:49Z,618afa54-e882-4c12-916c-f223cc9c4e4a,129,215,1,0
2026-10-11T00:00:49Z,63668753-8a52-4660-8b89-f2cd097bd994,359,387,1,1
2026-10-11T00:00:49Z,63f63412-bd97-46f0-b13a-890bce445cbf,51,101,1,0
2026-10-11T00:00:49Z,68d5fcce-596d-4f6d-97d5-e67f6f644ac7,418,562,1,0
2026-10-11T00:00:49Z,809116db-8166-4d66-93d1-fc859f4449d8,62,173,1,0
2026-10-11T00:00:49Z,824a6cd5-acd4-4d88-893e-d38aa1fc5116,413,475,1,0
2026-10-11T00:00:49Z,88f214e0-36e0-49d3-b6d1-f73b1413cd12,590,839,1,0
2026-10-11T00:00:49Z,8d632d4a-e8a0-4a18-8c6f-c9f84140464b,0,0,0,1
2026-10-11T00:00:49Z,92649a4d-67f8-4148-abc5-82cc95dedba3,566,679,1,0
2026-10-11T00:00:49Z,9e43035c-6707-4b47-a263-d62f0c5d5f84,171,355,1,0
2026-10-11T00:00:49Z,a2bc4ea0-a218-4a59-a328-36fb8234402b,73,195,1,0
2026-10-11T00:00:49Z,aa548ce6-3110-4621-b3eb-ea45e5975df7,74,101,1,0
2026-10-11T00:00:49Z,b4d2898e-6b9d-4b5d-b0a0-8a11222382c5,412,450,1,0
2026-10-11T00:00:49Z,eab6b680-ef29-4e0a-971c-c5055fc59c19,95,105,1,0
2026-10-11T00:00:49Z,f3e46038-6165-4e84-ae86-75a1b26bf6f1,692,700,1,0
2026-10-11T00:00:49Z,fe585239-852e-4f52-84e8-56eda8239a8f,140,289,1,0
2026-10-11T00:00:49Z,ff27bae8-ce05-40c6-8422-03da3bd7d9e1,553,670,1,0
2026-10-11T00:00:56Z,76b80f7c-2455-4eab-ba88-d4c2eaa1e7e8,127,230,1,0
2026-10-11T00:00:59Z,3bc514f1-bce7-4a42-b83f-e189e7b34056,42,42,1,0
2026-10-11T00:01:01Z,333f3516-1869-43fc-a84a-24c2356049b9,578,819,1,0
2026-10-11T00:01:01Z,a5035792-66f7-491c-8c99-0b6c7e49811d,309,654,1,0
2026-10-11T00:01:01Z,c4172abb-8ad1-446a-8c35-ddb310d1a0f9,242,329,1,0
2026-10-11T00:01:01Z,c6fa5861-abde-41af-8f00-14c188566168,136,200,1,0
2026-10-11T00:01:05Z,790997a0-7f72-4b8d-8f20-5272092a4caa,616,616,1,0
2026-10-11T00:01:05Z,92871f2d-d779-418c-a07f-888a87447539,28,137,1,0
2026-10-11T00:01:05Z,a1b05a36-00f6-4492-93b6-73d0c451d4b6,281,328,0,0
2026-10-11T00:01:05Z,a60db76c-4035-4c4d-9893-5e3696476a89,110,110,0,0
2026-10-11T00:01:05Z,a63813f7-8dda-43e9-bd52-aed6675b88a8,36,100,1,0
2026-10-11T00:01:05Z,bbd15dc0-b00a-47ca-bbda-799883106891,374,411,1,0
2026-10-11T00:01:05Z,e0f088ad-f1ee-40c4-ae79-170aa0784dd9,859,909,1,0
2026-10-11T00:01:05Z,ef7b7048-3c53-4877-8b4e-118656e80486,444,562,1,0
2026-10-11T00:01:05Z,fb7d42b2-a4e8-4d4e-bd70-7ffd6846b669,50,80,1,0
2026-10-11T00:01:06Z,6b50b2e9-1d84-444d-a1d4-d09b0421a226,418,449,1,0
2026-10-11T00:01:06Z,c97f5fd6-4434-4d93-9c43-804dc8f715e1,85,190,1,0
2026-10-11T00:01:10Z,eb79ab5a-abd5-4a48-8f6c-e21dbfe545d2,196,196,1,0
2026-10-11T00:01:13Z,fcfb18e3-6c2f-46d4-a5df-49b8aa9cdf57,1822,1853,1,0
2026-10-11T00:01:14Z,dcacb5b1-25e8-4efe-be95-044d87c4e4f4,170,265,1,0
2026-10-11T00:00:54Z,88053957-10e2-4453-a3d7-1706298b9737,76,85,1,0
2026-10-11T00:01:00Z,186af3cc-3ebe-40b1-a807-72f98dbc94f7,141,280,1,0
2026-10-11T00:01:00Z,9939a414-628f-4b60-8068-f7731ea5f31a,402,481,1,0
2026-10-11T00:01:23Z,1ff340af-6c8d-47b9-ac0a-4b64402eeb90,448,470,1,0
2026-10-11T00:01:30Z,02f38b89-a5a7-4df6-8e87-5de543d84440,304,450,1,0
2026-10-11T00:01:30Z,1b1834c0-d727-4370-9111-3076f8b038fc,519,573,1,0
2026-10-11T00:01:30Z,48383bbe-e212-4903-bfd2-440846d80059,298,332,1,0
2026-10-11T00:01:30Z,4988115d-7c6e-4a4a-bd9d-5605e692c2cb,55,79,1,0
2026-10-11T00:01:30Z,80d26cc5-1210-4bdf-beb4-0602f35bdccc,377,705,1,0
2026-10-11T00:01:30Z,b7fd59d7-ef6e-4b8b-804d-42ba6bb98dbf,134,371,1,0
2026-10-11T00:01:30Z,b94f5b35-9793-43f9-927a-889478d76806,672,1050,1,0
2026-10-11T00:01:30Z,bae90cb2-90cc-4ef7-9752-672ef216a52c,610,671,1,0
2026-10-11T00:01:30Z,c0bc471b-86b3-4d80-b62f-1d88101096b2,412,510,0,0
2026-10-11T00:01:30Z,fa25b695-5055-40a5-9930-ac2aa77ba975,369,604,1,0
2026-10-11T00:01:31Z,45abe415-46d3-422f-9db5-4a783328e490,238,450,0,0
2026-10-11T00:01:31Z,84af4dc6-992d-40dd-a6e1-a1900ea7961f,210,401,1,0
2026-10-11T00:01:31Z,96ec46a4-8089-49a8-8ca4-df67a5d0bdc1,350,684,1,0
2026-10-11T00:01:31Z,ba951d66-5587-4874-bc96-68a0edd5bd62,272,430,0,0
2026-10-11T00:01:31Z,c06e8266-5df0-411e-8b7d-3027530f2661,229,420,1,0
2026-10-11T00:01:33Z,1319b928-f405-4ee3-8c33-1e932e3156a4,404,422,1,0
2026-10-11T00:01:33Z,da570813-b3f6-4676-b5d3-4bb8e759eb50,505,607,1,0
2026-10-11T00:01:33Z,ff4ddfbf-66bf-473e-a80b-353290ed1084,497,564,1,0
2026-10-11T00:01:36Z,40212393-05d9-45a4-a287-123af9ad325a,277,298,1,0
2026-10-11T00:01:36Z,552a9b88-f367-42ba-a429-0abdafd14886,1137,1250,1,0
2026-10-11T00:01:39Z,bc09b9a5-a929-4b13-bd54-3a92fc3b7b89,125,190,1,0
2026-10-11T00:01:42Z,9f89a6c7-df06-45ea-adf6-0b94088fcb57,133,335,1,0
2026-10-11T00:01:50Z,883bccff-15c5-46e8-bc2e-60599b54f10f,227,329,1,0
2026-10-11T00:01:50Z,9b8087f3-3cbf-4a68-8869-828ce3ea6b51,205,385,1,0
2026-10-11T00:01:50Z,d08e3df2-ed0e-4fb8-b784-83429a65d4c2,271,400,1,0
2026-10-11T00:01:59Z,cc7a3d99-d6f6-4407-86bc-008eb47549ea,109,130,1,0
2026-10-11T00:02:00Z,8067de7c-2f59-41b7-b2aa-1b8e6b884c65,90,107,1,0
2026-10-11T00:02:00Z,a9410d51-b48c-4641-a9d5-9d20cf66f7a4,12,18,1,0
2026-10-11T00:02:51Z,ee748840-6d7e-4be6-980e-5e26ba76ba24,190,132,1,0
2026-10-11T00:03:18Z,d6f2324a-9011-490d-8ae2-56d448a7775b,198,292,1,0
2026-10-11T00:03:59Z,8ac41951-5cb2-4c0d-a3af-8f2084bab917,625,677,1,0
2026-10-11T00:05:08Z,17ec5a7f-2d59-40e7-a32a-3060ee718a3b,1425,1800,1,0
2026-10-11T00:05:10Z,16223a5c-6114-432d-98ab-5698d3c2d7cc,118,232,1,0
2026-10-11T00:05:13Z,57f24936-b0fb-452f-8d95-337583a5ae4b,256,409,1,0
2026-10-11T00:05:21Z,151f0df2-d198-4987-a2d6-4e5f1658c659,272,305,1,0
2026-10-11T00:05:21Z,1b96b5df-841f-400b-ba2d-7cff51a41d02,166,220,1,0
2026-10-11T00:05:21Z,63668753-8a52-4660-8b89-f2cd097bd994,361,387,1,1
2026-10-11T00:05:31Z,c4172abb-8ad1-446a-8c35-ddb310d1a0f9,243,329,1,0
2026-10-11T00:05:31Z,c6fa5861-abde-41af-8f00-14c188566168,137,200,1,0
2026-10-11T00:05:35Z,92871f2d-d779-418c-a07f-888a87447539,31,137,1,0
2026-10-11T00:05:35Z,e0f088ad-f1ee-40c4-ae79-170aa0784dd9,862,909,1,0
2026-10-11T00:06:00Z,186af3cc-3ebe-40b1-a807-72f98dbc94f7,142,280,1,0
2026-10-11T00:06:20Z,883bccff-15c5-46e8-bc2e-60599b54f10f,229,329,1,0
2026-10-11T00:06:20Z,9b8087f3-3cbf-4a68-8869-828ce3ea6b51,208,385,1,0
2026-10-11T00:06:20Z,d08e3df2-ed0e-4fb8-b784-83429a65d4c2,272,400,1,0
2026-10-11T00:06:30Z,48383bbe-e212-4903-bfd2-440846d80059,301,332,1,0
2026-10-11T00:06:30Z,4988115d-7c6e-4a4a-bd9d-5605e692c2cb,57,79,1,0
2026-10-11T00:06:30Z,80d26cc5-1210-4bdf-beb4-0602f35bdccc,380,705,1,0
2026-10-11T00:06:30Z,9f6c9ac3-11e3-4370-a2f3-c03dce6a19ea,134,168,1,0
2026-10-11T00:06:30Z,a03c3613-6fed-4659-906f-17843c227622,126,388,0,0
2026-10-11T00:06:30Z,b2ef972b-d8e8-4044-9a58-2223dace7c87,46,81,1,0
2026-10-11T00:06:30Z,b94f5b35-9793-43f9-927a-889478d76806,676,1050,1,0
2026-10-11T00:06:30Z,bae90cb2-90cc-4ef7-9752-672ef216a52c,612,671,1,0
2026-10-11T00:06:30Z,ce5aa269-cd07-494f-82a3-ea7a633349be,17,135,1,0
2026-10-11T00:06:30Z,fa25b695-5055-40a5-9930-ac2aa77ba975,374,604,1,0
2026-10-11T00:06:31Z,84af4dc6-992d-40dd-a6e1-a1900ea7961f,211,401,1,0
2026-10-11T00:06:31Z,96ec46a4-8089-49a8-8ca4-df67a5d0bdc1,354,684,1,0
2026-10-11T00:06:31Z,e7f0ddfb-8b9f-4f47-a274-076807a63a5b,44,134,1,0
2026-10-11T00:06:33Z,1319b928-f405-4ee3-8c33-1e932e3156a4,405,422,1,0
2026-10-11T00:06:33Z,da570813-b3f6-4676-b5d3-4bb8e759eb50,507,607,1,0
2026-10-11T00:06:39Z,bc09b9a5-a929-4b13-bd54-3a92fc3b7b89,127,190,1,0
2026-10-11T00:06:42Z,9f89a6c7-df06-45ea-adf6-0b94088fcb57,135,335,1,0
2026-10-11T00:10:00Z,32a7f9cc-c887-4ddd-b7bb-75ee7a3a4e7a,50,63,1,0
2026-10-11T00:10:00Z,99eec77f-a35b-4315-996a-6d3ffe2b1b64,23,42,1,0
2026-10-11T00:10:00Z,a9410d51-b48c-4641-a9d5-9d20cf66f7a4,11,18,1,0
2026-10-11T00:10:00Z,db3957e4-11b3-437b-8907-31abafcd30cd,64,90,1,0
2026-10-11T00:10:08Z,17ec5a7f-2d59-40e7-a32a-3060ee718a3b,1427,1800,1,0
2026-10-11T00:10:10Z,16223a5c-6114-432d-98ab-5698d3c2d7cc,119,232,1,0
2026-10-11T00:10:10Z,35870b94-7c7e-4f95-b36e-7923b0fe837f,44,600,1,0
2026-10-11T00:10:31Z,333f3516-1869-43fc-a84a-24c2356049b9,579,819,1,0
2026-10-11T00:10:35Z,3f65bc8e-2a1b-4be2-ae4d-a38cfa9fdb00,154,209,1,0
2026-10-11T00:10:35Z,55fb619f-465f-4b1d-80d5-db613ae39e58,29,165,1,0
2026-10-11T00:10:35Z,92871f2d-d779-418c-a07f-888a87447539,32,137,1,0
2026-10-11T00:10:35Z,a63813f7-8dda-43e9-bd52-aed6675b88a8,35,100,1,0
2026-10-11T00:10:35Z,e0f088ad-f1ee-40c4-ae79-170aa0784dd9,863,909,1,0
2026-10-11T00:10:38Z,43878fed-4dbf-4aef-a2b9-80168d11b5aa,1073,1087,1,0
2026-10-11T00:10:07Z,8ac41951-5cb2-4c0d-a3af-8f2084bab917,626,677,1,0
2026-10-11T00:11:00Z,0e9c5738-93b1-43fe-8f57-6f1066b5118a,122,170,1,0
2026-10-11T00:11:00Z,186af3cc-3ebe-40b1-a807-72f98dbc94f7,143,280,1,0
2026-10-11T00:11:00Z,9939a414-628f-4b60-8068-f7731ea5f31a,403,481,1,0
2026-10-11T00:11:13Z,c8def33d-6bbf-4162-a9bc-27bc79430d0d,677,685,1,0
2026-10-11T00:11:30Z,02f38b89-a5a7-4df6-8e87-5de543d84440,305,450,1,0
2026-10-11T00:11:30Z,14f1046d-1fda-4081-883b-d6a8a2ad937d,592,625,0,0
2026-10-11T00:11:30Z,1b1834c0-d727-4370-9111-3076f8b038fc,520,573,1,0
2026-10-11T00:11:30Z,1c1f3c0a-8c0c-4ac9-b4ce-8ae7000aae9f,608,609,1,0
2026-10-11T00:11:30Z,80d26cc5-1210-4bdf-beb4-0602f35bdccc,382,705,1,0
2026-10-11T00:11:30Z,9386ab02-ee17-4fd7-9580-93115e203a31,283,323,1,0
2026-10-11T00:11:30Z,9f6c9ac3-11e3-4370-a2f3-c03dce6a19ea,133,168,1,0
2026-10-11T00:11:30Z,b7fd59d7-ef6e-4b8b-804d-42ba6bb98dbf,136,371,1,0
2026-10-11T00:11:30Z,b94f5b35-9793-43f9-927a-889478d76806,679,1050,1,0
2026-10-11T00:11:30Z,fa25b695-5055-40a5-9930-ac2aa77ba975,385,604,1,0
2026-10-11T00:11:31Z,55f5c0fa-d690-4528-90fb-5fe851c476ec,135,147,0,0
2026-10-11T00:11:31Z,84af4dc6-992d-40dd-a6e1-a1900ea7961f,210,401,1,0
2026-10-11T00:11:31Z,96ec46a4-8089-49a8-8ca4-df67a5d0bdc1,359,684,1,0
2026-10-11T00:11:31Z,c06e8266-5df0-411e-8b7d-3027530f2661,230,420,1,0
2026-10-11T00:11:31Z,e7f0ddfb-8b9f-4f47-a274-076807a63a5b,43,134,1,0
2026-10-11T00:11:31Z,ffab40f6-4a10-41f2-9cc1-b9c2879d8c37,408,484,1,0
2026-10-11T00:11:33Z,da570813-b3f6-4676-b5d3-4bb8e759eb50,505,607,1,0
2026-10-11T00:11:33Z,ff4ddfbf-66bf-473e-a80b-353290ed1084,499,564,1,0
2026-10-11T00:11:36Z,552a9b88-f367-42ba-a429-0abdafd14886,1138,1250,1,0
2026-10-11T00:11:42Z,9f89a6c7-df06-45ea-adf6-0b94088fcb57,137,335,1,0
2026-10-11T00:11:50Z,02b97e2b-bea0-42ce-801c-5462221b28f7,142,209,1,0
2026-10-11T00:11:50Z,4e593474-6add-44a1-b0b8-c53f2aac44ad,291,301,1,0
2026-10-11T00:11:50Z,9b8087f3-3cbf-4a68-8869-828ce3ea6b51,210,385,1,0
2026-10-11T00:12:16Z,ee748840-6d7e-4be6-980e-5e26ba76ba24,191,132,1,0
2026-10-11T00:13:03Z,e2532484-c772-438a-b164-c0be64691da2,260,300,1,0
2026-10-11T00:13:31Z,d6f2324a-9011-490d-8ae2-56d448a7775b,201,292,1,0
2026-10-11T00:14:00Z,cfb30666-ad0d-429f-9984-937cabbc8bc8,16,62,1,0
2026-10-11T00:15:08Z,17ec5a7f-2d59-40e7-a32a-3060ee718a3b,1429,1800,1,0
2026-10-11T00:15:10Z,16223a5c-6114-432d-98ab-5698d3c2d7cc,122,232,1,0
2026-10-11T00:15:10Z,35870b94-7c7e-4f95-b36e-7923b0fe837f,45,600,1,0
2026-10-11T00:15:28Z,1b96b5df-841f-400b-ba2d-7cff51a41d02,167,220,1,0
2026-10-11T00:15:31Z,333f3516-1869-43fc-a84a-24c2356049b9,580,819,1,0
2026-10-11T00:15:35Z,a63813f7-8dda-43e9-bd52-aed6675b88a8,38,100,1,0
2026-10-11T00:15:45Z,c783d164-e1ce-4782-9552-eac48b1b100d,2,250,1,1
2026-10-11T00:16:00Z,186af3cc-3ebe-40b1-a807-72f98dbc94f7,146,280,1,0
2026-10-11T00:16:00Z,9939a414-628f-4b60-8068-f7731ea5f31a,402,481,1,0
2026-10-11T00:16:20Z,78eead8f-16d0-4438-899b-328c4c382619,286,353,1,0
2026-10-11T00:16:20Z,9b8087f3-3cbf-4a68-8869-828ce3ea6b51,211,385,1,0
2026-10-11T00:16:20Z,d08e3df2-ed0e-4fb8-b784-83429a65d4c2,273,400,1,0
2026-10-11T00:16:20Z,f914b954-5e4c-4b25-859f-d775e4c473f5,364,445,1,0
2026-10-11T00:16:30Z,02f38b89-a5a7-4df6-8e87-5de543d84440,304,450,1,0
2026-10-11T00:16:30Z,14f1046d-1fda-4081-883b-d6a8a2ad937d,595,625,0,0
2026-10-11T00:16:30Z,1b1834c0-d727-4370-9111-3076f8b038fc,521,573,1,0
2026-10-11T00:16:30Z,1c1f3c0a-8c0c-4ac9-b4ce-8ae7000aae9f,607,609,1,0
2026-10-11T00:16:30Z,48383bbe-e212-4903-bfd2-440846d80059,302,332,1,0
2026-10-11T00:16:30Z,4988115d-7c6e-4a4a-bd9d-5605e692c2cb,58,79,1,0
2026-10-11T00:16:30Z,9f6c9ac3-11e3-4370-a2f3-c03dce6a19ea,134,168,1,0
2026-10-11T00:16:30Z,b2ef972b-d8e8-4044-9a58-2223dace7c87,48,81,1,0
2026-10-11T00:16:30Z,b94f5b35-9793-43f9-927a-889478d76806,684,1050,1,0
2026-10-11T00:16:30Z,bae90cb2-90cc-4ef7-9752-672ef216a52c,614,671,1,0
2026-10-11T00:16:30Z,d4ea4d81-730a-431e-8db7-fd1e6f903876,93,99,1,0
2026-10-11T00:16:30Z,dc96d900-8446-4e99-8a09-dd60da167fc8,147,174,1,0
2026-10-11T00:16:30Z,fa25b695-5055-40a5-9930-ac2aa77ba975,389,604,1,0
2026-10-11T00:16:31Z,3e43afd2-aa12-4986-9927-73f883d30e55,399,690,0,0
2026-10-11T00:16:31Z,84af4dc6-992d-40dd-a6e1-a1900ea7961f,211,401,1,0
2026-10-11T00:16:31Z,96ec46a4-8089-49a8-8ca4-df67a5d0bdc1,361,684,1,0
2026-10-11T00:16:31Z,c06e8266-5df0-411e-8b7d-3027530f2661,231,420,1,0
2026-10-11T00:16:31Z,e7f0ddfb-8b9f-4f47-a274-076807a63a5b,42,134,1,0
2026-10-11T00:16:31Z,ffab40f6-4a10-41f2-9cc1-b9c2879d8c37,409,484,1,0
2026-10-11T00:16:33Z,ff4ddfbf-66bf-473e-a80b-353290ed1084,502,564,1,0
2026-10-11T00:16:35Z,551be64d-fd3d-4f13-8afd-fc2b0186e67b,108,170,1,0
2026-10-11T00:16:41Z,da834c6e-b202-4b18-b7b0-4edc2716855b,497,500,1,0
2026-10-11T00:16:42Z,9f89a6c7-df06-45ea-adf6-0b94088fcb57,142,335,1,0
2026-10-11T00:16:53Z,54612960-b8a6-4499-9f47-f7ae7c4fd2c8,543,568,1,0
2026-10-11T00:18:20Z,4fe55834-166f-4651-8371-d68807490125,22548,250,1,0
2026-10-11T00:18:38Z,9a11d95d-87bc-4b26-aff8-4cd6f6c2fc75,122,125,1,0
2026-10-11T00:19:00Z,8067de7c-2f59-41b7-b2aa-1b8e6b884c65,89,107,1,0
2026-10-11T00:19:00Z,a9410d51-b48c-4641-a9d5-9d20cf66f7a4,12,18,1,0
2026-10-11T00:20:10Z,16223a5c-6114-432d-98ab-5698d3c2d7cc,123,232,1,0
2026-10-11T00:20:17Z,7035fbb3-74a2-43e9-b873-e8d7ddb03fd3,1836,1853,1,0
2026-10-11T00:20:31Z,151f0df2-d198-4987-a2d6-4e5f1658c659,274,305,1,0
2026-10-11T00:20:31Z,1b96b5df-841f-400b-ba2d-7cff51a41d02,171,220,1,0
2026-10-11T00:20:31Z,41db81b2-3d89-4e28-adb1-0d929b9e4b05,166,176,1,1
2026-10-11T00:20:31Z,c4172abb-8ad1-446a-8c35-ddb310d1a0f9,244,329,1,0
2026-10-11T00:20:35Z,3f65bc8e-2a1b-4be2-ae4d-a38cfa9fdb00,155,209,1,0
2026-10-11T00:20:35Z,92871f2d-d779-418c-a07f-888a87447539,33,137,1,0
2026-10-11T00:20:35Z,a63813f7-8dda-43e9-bd52-aed6675b88a8,39,100,1,0
2026-10-11T00:20:35Z,e0f088ad-f1ee-40c4-ae79-170aa0784dd9,865,909,1,0
2026-10-11T00:20:35Z,ef7b7048-3c53-4877-8b4e-118656e80486,443,562,1,0
2026-10-11T00:20:37Z,17ec5a7f-2d59-40e7-a32a-3060ee718a3b,1431,1800,1,0
2026-10-11T00:20:38Z,43878fed-4dbf-4aef-a2b9-80168d11b5aa,1074,1087,1,0
2026-10-11T00:20:40Z,35870b94-7c7e-4f95-b36e-7923b0fe837f,44,600,1,0
2026-10-11T00:20:47Z,fcfb18e3-6c2f-46d4-a5df-49b8aa9cdf57,1836,1853,1,0
2026-10-11T00:21:00Z,0e9c5738-93b1-43fe-8f57-6f1066b5118a,121,170,1,0
2026-10-11T00:21:03Z,e2532484-c772-438a-b164-c0be64691da2,261,300,1,0
2026-10-11T00:21:20Z,02b97e2b-bea0-42ce-801c-5462221b28f7,143,209,1,0
2026-10-11T00:21:20Z,78eead8f-16d0-4438-899b-328c4c382619,285,353,1,0
2026-10-11T00:21:20Z,9b8087f3-3cbf-4a68-8869-828ce3ea6b51,213,385,1,0
2026-10-11T00:21:30Z,1c1f3c0a-8c0c-4ac9-b4ce-8ae7000aae9f,608,609,1,0
2026-10-11T00:21:30Z,4988115d-7c6e-4a4a-bd9d-5605e692c2cb,59,79,1,0
2026-10-11T00:21:30Z,80d26cc5-1210-4bdf-beb4-0602f35bdccc,380,705,1,0
2026-10-11T00:21:30Z,b94f5b35-9793-43f9-927a-889478d76806,690,1050,1,0
2026-10-11T00:21:30Z,fa25b695-5055-40a5-9930-ac2aa77ba975,396,604,1,0
2026-10-11T00:21:31Z,84af4dc6-992d-40dd-a6e1-a1900ea7961f,212,401,1,0
2026-10-11T00:21:31Z,96ec46a4-8089-49a8-8ca4-df67a5d0bdc1,363,684,1,0
2026-10-11T00:21:31Z,ffab40f6-4a10-41f2-9cc1-b9c2879d8c37,412,484,1,0
2026-10-11T00:21:33Z,da570813-b3f6-4676-b5d3-4bb8e759eb50,509,607,1,0
2026-10-11T00:21:35Z,a2a3a9b4-6c17-47a9-aa70-1edef947743f,120,224,1,0
2026-10-11T00:21:36Z,552a9b88-f367-42ba-a429-0abdafd14886,1139,1250,1,0
2026-10-11T00:21:42Z,9f89a6c7-df06-45ea-adf6-0b94088fcb57,144,335,1,0
2026-10-11T00:23:17Z,ee748840-6d7e-4be6-980e-5e26ba76ba24,193,132,1,0
2026-10-11T00:24:36Z,d6f2324a-9011-490d-8ae2-56d448a7775b,203,292,1,0
2026-10-11T00:25:07Z,17ec5a7f-2d59-40e7-a32a-3060ee718a3b,1430,1800,1,0
2026-10-11T00:25:10Z,16223a5c-6114-432d-98ab-5698d3c2d7cc,125,232,1,0
2026-10-11T00:25:22Z,1b96b5df-841f-400b-ba2d-7cff51a41d02,172,220,1,0
2026-10-11T00:25:31Z,333f3516-1869-43fc-a84a-24c2356049b9,581,819,1,0
2026-10-11T00:25:35Z,a63813f7-8dda-43e9-bd52-aed6675b88a8,40,100,1,0
2026-10-11T00:26:20Z,02b97e2b-bea0-42ce-801c-5462221b28f7,144,209,1,0
2026-10-11T00:26:20Z,78eead8f-16d0-4438-899b-328c4c382619,284,353,1,0
2026-10-11T00:26:20Z,883bccff-15c5-46e8-bc2e-60599b54f10f,228,329,1,0
2026-10-11T00:26:20Z,9b8087f3-3cbf-4a68-8869-828ce3ea6b51,214,385,1,0
2026-10-11T00:26:30Z,1c1f3c0a-8c0c-4ac9-b4ce-8ae7000aae9f,607,609,1,0
2026-10-11T00:26:30Z,48383bbe-e212-4903-bfd2-440846d80059,303,332,1,0
2026-10-11T00:26:30Z,b2ef972b-d8e8-4044-9a58-2223dace7c87,49,81,1,0
2026-10-11T00:26:30Z,bae90cb2-90cc-4ef7-9752-672ef216a52c,615,671,1,0
2026-10-11T00:26:30Z,c0bc471b-86b3-4d80-b62f-1d88101096b2,413,510,0,0
2026-10-11T00:26:30Z,fa25b695-5055-40a5-9930-ac2aa77ba975,409,604,1,0
2026-10-11T00:26:31Z,45abe415-46d3-422f-9db5-4a783328e490,239,450,0,0
2026-10-11T00:26:31Z,96ec46a4-8089-49a8-8ca4-df67a5d0bdc1,364,684,1,0
2026-10-11T00:26:31Z,c06e8266-5df0-411e-8b7d-3027530f2661,233,420,1,0
2026-10-11T00:26:31Z,ffab40f6-4a10-41f2-9cc1-b9c2879d8c37,415,484,1,0
2026-10-11T00:26:33Z,da570813-b3f6-4676-b5d3-4bb8e759eb50,512,607,1,0
2026-10-11T00:26:35Z,a2a3a9b4-6c17-47a9-aa70-1edef947743f,121,224,1,0
2026-10-11T00:26:36Z,552a9b88-f367-42ba-a429-0abdafd14886,1141,1250,1,0
2026-10-11T00:26:58Z,cc7a3d99-d6f6-4407-86bc-008eb47549ea,111,130,1,0
2026-10-11T00:29:02Z,fed5c736-f2d8-4f91-8fd0-9d9188ba76bf,105,100,1,0
2026-10-11T00:29:08Z,88c052cc-28e4-4098-900c-542756b82046,431,506,1,0
2026-10-11T00:30:00Z,1a5d074b-cdc7-4198-a09a-284d660d4c4b,42,77,1,0
2026-10-11T00:30:00Z,66ea7e04-7ba7-4f7d-9301-7c3257d8acdc,65,88,1,0
2026-10-11T00:30:00Z,99eec77f-a35b-4315-996a-6d3ffe2b1b64,22,42,1,0
2026-10-11T00:30:21Z,cea4cffe-158c-4b08-b940-5d5eefeba089,42,105,1,0
2026-10-11T00:30:35Z,19e877b8-c9ce-49a9-a754-a797acacf661,43,163,1,0
2026-10-11T00:30:35Z,92871f2d-d779-418c-a07f-888a87447539,34,137,1,0
2026-10-11T00:30:36Z,69a54734-54a0-4e32-aef5-328b9d5c57b6,196,242,1,0
2026-10-11T00:30:37Z,17ec5a7f-2d59-40e7-a32a-3060ee718a3b,1432,1800,1,0
2026-10-11T00:30:38Z,151f0df2-d198-4987-a2d6-4e5f1658c659,275,305,1,0
2026-10-11T00:30:38Z,1b96b5df-841f-400b-ba2d-7cff51a41d02,173,220,1,0
2026-10-11T00:30:40Z,16223a5c-6114-432d-98ab-5698d3c2d7cc,129,233,1,0
2026-10-11T00:30:54Z,d6f2324a-9011-490d-8ae2-56d448a7775b,202,292,1,0
2026-10-11T00:30:27Z,b41c7c26-ac01-4a88-a2ae-d4fb1b51919e,24,84,1,0
2026-10-11T00:31:00Z,186af3cc-3ebe-40b1-a807-72f98dbc94f7,148,280,1,0
2026-10-11T00:31:00Z,9939a414-628f-4b60-8068-f7731ea5f31a,404,481,1,0
2026-10-11T00:31:20Z,883bccff-15c5-46e8-bc2e-60599b54f10f,229,329,1,0
2026-10-11T00:31:20Z,9b8087f3-3cbf-4a68-8869-828ce3ea6b51,215,385,1,0
2026-10-11T00:31:30Z,1c1f3c0a-8c0c-4ac9-b4ce-8ae7000aae9f,606,609,1,0
2026-10-11T00:31:30Z,4988115d-7c6e-4a4a-bd9d-5605e692c2cb,60,79,1,0
2026-10-11T00:31:30Z,80d26cc5-1210-4bdf-beb4-0602f35bdccc,382,705,1,0
2026-10-11T00:31:30Z,9f6c9ac3-11e3-4370-a2f3-c03dce6a19ea,133,168,1,0
2026-10-11T00:31:30Z,b94f5b35-9793-43f9-927a-889478d76806,697,1050,1,0
2026-10-11T00:31:30Z,c0bc471b-86b3-4d80-b62f-1d88101096b2,414,510,0,0
2026-10-11T00:31:30Z,dc96d900-8446-4e99-8a09-dd60da167fc8,148,174,1,0
2026-10-11T00:31:30Z,fa25b695-5055-40a5-9930-ac2aa77ba975,414,604,1,0
2026-10-11T00:31:31Z,45abe415-46d3-422f-9db5-4a783328e490,240,450,0,0
2026-10-11T00:31:31Z,84af4dc6-992d-40dd-a6e1-a1900ea7961f,213,401,1,0
2026-10-11T00:31:31Z,96ec46a4-8089-49a8-8ca4-df67a5d0bdc1,370,684,1,0
2026-10-11T00:31:31Z,c06e8266-5df0-411e-8b7d-3027530f2661,236,420,1,0
2026-10-11T00:31:31Z,ffab40f6-4a10-41f2-9cc1-b9c2879d8c37,416,484,1,0
2026-10-11T00:31:33Z,1319b928-f405-4ee3-8c33-1e932e3156a4,406,422,1,0
2026-10-11T00:31:33Z,da570813-b3f6-4676-b5d3-4bb8e759eb50,515,607,1,0
2026-10-11T00:31:36Z,552a9b88-f367-42ba-a429-0abdafd14886,1142,1250,1,0
2026-10-11T00:31:42Z,9f89a6c7-df06-45ea-adf6-0b94088fcb57,150,335,1,0
2026-10-11T00:31:46Z,bc09b9a5-a929-4b13-bd54-3a92fc3b7b89,131,190,1,0
2026-10-11T00:31:57Z,e2532484-c772-438a-b164-c0be64691da2,262,300,1,0
2026-10-11T00:33:10Z,d6f2324a-9011-490d-8ae2-56d448a7775b,203,292,1,0
2026-10-11T00:34:00Z,8067de7c-2f59-41b7-b2aa-1b8e6b884c65,90,107,1,0
2026-10-11T00:34:28Z,f0f161fb-e8f7-4dbb-81cd-fedce924d76c,212,230,1,0
2026-10-11T00:34:51Z,c8def33d-6bbf-4162-a9bc-27bc79430d0d,678,685,1,0
2026-10-11T00:35:05Z,3f65bc8e-2a1b-4be2-ae4d-a38cfa9fdb00,156,209,1,0
2026-10-11T00:35:07Z,17ec5a7f-2d59-40e7-a32a-3060ee718a3b,1434,1800,1,0
2026-10-11T00:35:08Z,43878fed-4dbf-4aef-a2b9-80168d11b5aa,1075,1087,1,0
2026-10-11T00:35:10Z,16223a5c-6114-432d-98ab-5698d3c2d7cc,130,233,1,0
2026-10-11T00:35:10Z,35870b94-7c7e-4f95-b36e-7923b0fe837f,45,600,1,0
2026-10-11T00:35:22Z,1b96b5df-841f-400b-ba2d-7cff51a41d02,174,220,1,0
2026-10-11T00:35:35Z,92871f2d-d779-418c-a07f-888a87447539,35,137,1,0
2026-10-11T00:35:35Z,a63813f7-8dda-43e9-bd52-aed6675b88a8,41,100,1,0
2026-10-11T00:36:00Z,186af3cc-3ebe-40b1-a807-72f98dbc94f7,147,280,1,0
2026-10-11T00:36:20Z,61020800-8015-43d8-b335-52a1747c126a,69,150,1,0
2026-10-11T00:36:20Z,707242b6-6564-43ed-b272-fab1b406a3bb,411,415,1,0
2026-10-11T00:36:20Z,f0f161fb-e8f7-4dbb-81cd-fedce924d76c,213,230,1,0
2026-10-11T00:36:20Z,f914b954-5e4c-4b25-859f-d775e4c473f5,363,445,1,0
2026-10-11T00:36:30Z,02f38b89-a5a7-4df6-8e87-5de543d84440,305,450,1,0
2026-10-11T00:36:30Z,48383bbe-e212-4903-bfd2-440846d80059,305,332,1,0
2026-10-11T00:36:30Z,4988115d-7c6e-4a4a-bd9d-5605e692c2cb,61,79,1,0
2026-10-11T00:36:30Z,80d26cc5-1210-4bdf-beb4-0602f35bdccc,384,705,1,0
2026-10-11T00:36:30Z,9f6c9ac3-11e3-4370-a2f3-c03dce6a19ea,135,168,1,0
2026-10-11T00:36:30Z,b2ef972b-d8e8-4044-9a58-2223dace7c87,51,81,1,0
2026-10-11T00:36:30Z,b3b3f9ec-e94e-4923-8865-53c9c5f7aeaf,235,236,1,0
2026-10-11T00:36:30Z,b94f5b35-9793-43f9-927a-889478d76806,706,1050,1,0
2026-10-11T00:36:30Z,bae90cb2-90cc-4ef7-9752-672ef216a52c,617,671,1,0
2026-10-11T00:36:30Z,c0bc471b-86b3-4d80-b62f-1d88101096b2,417,510,0,0
2026-10-11T00:36:30Z,fa25b695-5055-40a5-9930-ac2aa77ba975,419,604,1,0
2026-10-11T00:36:31Z,c06e8266-5df0-411e-8b7d-3027530f2661,238,420,1,0
2026-10-11T00:36:31Z,ffab40f6-4a10-41f2-9cc1-b9c2879d8c37,420,484,1,0
2026-10-11T00:36:33Z,da570813-b3f6-4676-b5d3-4bb8e759eb50,517,607,1,0
2026-10-11T00:36:35Z,551be64d-fd3d-4f13-8afd-fc2b0186e67b,107,170,1,0
2026-10-11T00:36:36Z,552a9b88-f367-42ba-a429-0abdafd14886,1141,1250,1,0
2026-10-11T00:36:42Z,9f89a6c7-df06-45ea-adf6-0b94088fcb57,152,335,1,0
2026-10-11T00:37:43Z,54612960-b8a6-4499-9f47-f7ae7c4fd2c8,542,568,1,0
2026-10-11T00:38:00Z,1a5d074b-cdc7-4198-a09a-284d660d4c4b,43,77,1,0
2026-10-11T00:38:33Z,3cc2d8e4-53ef-48ba-8dda-c97047d16fe1,-35,234,1,1
2026-10-11T00:38:33Z,d6f2324a-9011-490d-8ae2-56d448a7775b,202,292,1,0
2026-10-11T00:40:07Z,17ec5a7f-2d59-40e7-a32a-3060ee718a3b,1435,1800,1,0
2026-10-11T00:40:10Z,16223a5c-6114-432d-98ab-5698d3c2d7cc,132,233,1,0
2026-10-11T00:40:10Z,35870b94-7c7e-4f95-b36e-7923b0fe837f,46,600,1,0
2026-10-11T00:40:26Z,151f0df2-d198-4987-a2d6-4e5f1658c659,276,305,1,0
2026-10-11T00:40:26Z,1b96b5df-841f-400b-ba2d-7cff51a41d02,175,220,1,0
2026-10-11T00:40:35Z,3f65bc8e-2a1b-4be2-ae4d-a38cfa9fdb00,157,209,1,0
2026-10-11T00:40:35Z,a63813f7-8dda-43e9-bd52-aed6675b88a8,42,100,1,0
2026-10-11T00:40:35Z,e0f088ad-f1ee-40c4-ae79-170aa0784dd9,866,909,1,0
2026-10-11T00:40:50Z,9b8087f3-3cbf-4a68-8869-828ce3ea6b51,214,385,1,0
2026-10-11T00:40:50Z,f914b954-5e4c-4b25-859f-d775e4c473f5,362,445,1,0
2026-10-11T00:41:23Z,1ff340af-6c8d-47b9-ac0a-4b64402eeb90,449,470,1,0
2026-10-11T00:41:30Z,1c1f3c0a-8c0c-4ac9-b4ce-8ae7000aae9f,609,609,1,0
2026-10-11T00:41:30Z,48383bbe-e212-4903-bfd2-440846d80059,307,332,1,0
2026-10-11T00:41:30Z,4988115d-7c6e-4a4a-bd9d-5605e692c2cb,62,79,1,0
2026-10-11T00:41:30Z,80d26cc5-1210-4bdf-beb4-0602f35bdccc,387,705,1,0
2026-10-11T00:41:30Z,9f6c9ac3-11e3-4370-a2f3-c03dce6a19ea,136,168,1,0
2026-10-11T00:41:30Z,b7fd59d7-ef6e-4b8b-804d-42ba6bb98dbf,137,371,1,0
2026-10-11T00:41:30Z,bae90cb2-90cc-4ef7-9752-672ef216a52c,618,671,1,0
2026-10-11T00:41:30Z,c0bc471b-86b3-4d80-b62f-1d88101096b2,419,510,0,0
2026-10-11T00:41:30Z,dc96d900-8446-4e99-8a09-dd60da167fc8,150,174,1,0
2026-10-11T00:41:30Z,fa25b695-5055-40a5-9930-ac2aa77ba975,421,604,1,0
2026-10-11T00:41:31Z,3e43afd2-aa12-4986-9927-73f883d30e55,400,690,0,0
2026-10-11T00:41:31Z,96ec46a4-8089-49a8-8ca4-df67a5d0bdc1,374,684,1,0
2026-10-11T00:41:31Z,c06e8266-5df0-411e-8b7d-3027530f2661,240,420,1,0
2026-10-11T00:41:31Z,ffab40f6-4a10-41f2-9cc1-b9c2879d8c37,422,484,1,0
2026-10-11T00:41:33Z,da570813-b3f6-4676-b5d3-4bb8e759eb50,518,607,1,0
2026-10-11T00:41:33Z,ff4ddfbf-66bf-473e-a80b-353290ed1084,505,564,1,0
2026-10-11T00:41:35Z,ed1ecb9f-bbf1-4578-97c7-16cd3ed8b4da,165,230,1,0
2026-10-11T00:41:36Z,552a9b88-f367-42ba-a429-0abdafd14886,1142,1250,1,0
2026-10-11T00:41:42Z,9f89a6c7-df06-45ea-adf6-0b94088fcb57,153,335,1,0
2026-10-11T00:43:04Z,54612960-b8a6-4499-9f47-f7ae7c4fd2c8,543,568,1,0
2026-10-11T00:43:34Z,b41c7c26-ac01-4a88-a2ae-d4fb1b51919e,28,84,1,0
2026-10-11T00:43:58Z,d6f2324a-9011-490d-8ae2-56d448a7775b,203,292,1,0
2026-10-11T00:44:55Z,76b80f7c-2455-4eab-ba88-d4c2eaa1e7e8,128,230,1,0
2026-10-11T00:45:00Z,cfb30666-ad0d-429f-9984-937cabbc8bc8,15,62,1,0
2026-10-11T00:45:10Z,16223a5c-6114-432d-98ab-5698d3c2d7cc,133,233,1,0
2026-10-11T00:45:30Z,151f0df2-d198-4987-a2d6-4e5f1658c659,277,305,1,0
2026-10-11T00:45:31Z,c6fa5861-abde-41af-8f00-14c188566168,138,200,1,0
2026-10-11T00:45:35Z,a63813f7-8dda-43e9-bd52-aed6675b88a8,43,100,1,0
2026-10-11T00:45:35Z,bbd15dc0-b00a-47ca-bbda-799883106891,375,411,1,0
2026-10-11T00:45:35Z,ef7b7048-3c53-4877-8b4e-118656e80486,442,562,1,0
2026-10-11T00:45:37Z,17ec5a7f-2d59-40e7-a32a-3060ee718a3b,1439,1800,1,0
2026-10-11T00:45:43Z,57f24936-b0fb-452f-8d95-337583a5ae4b,258,409,1,0
2026-10-11T00:45:53Z,53773841-88d1-4087-81a0-e27d07582ce7,276,282,1,0
2026-10-11T00:46:30Z,1b1834c0-d727-4370-9111-3076f8b038fc,522,573,1,0
2026-10-11T00:46:30Z,4988115d-7c6e-4a4a-bd9d-5605e692c2cb,64,79,1,0
2026-10-11T00:46:30Z,80d26cc5-1210-4bdf-beb4-0602f35bdccc,392,705,1,0
2026-10-11T00:46:30Z,b2ef972b-d8e8-4044-9a58-2223dace7c87,52,81,1,0
2026-10-11T00:46:30Z,b3b3f9ec-e94e-4923-8865-53c9c5f7aeaf,236,236,1,0
2026-10-11T00:46:30Z,ed205aff-9f9b-4f16-b649-76b53971e4d7,85,88,1,0
2026-10-11T00:46:30Z,fa25b695-5055-40a5-9930-ac2aa77ba975,423,604,1,0
2026-10-11T00:46:31Z,c06e8266-5df0-411e-8b7d-3027530f2661,244,420,1,0
2026-10-11T00:46:31Z,e7f0ddfb-8b9f-4f47-a274-076807a63a5b,43,134,1,0
2026-10-11T00:46:31Z,ffab40f6-4a10-41f2-9cc1-b9c2879d8c37,423,484,1,0
2026-10-11T00:46:33Z,da570813-b3f6-4676-b5d3-4bb8e759eb50,521,607,1,0
2026-10-11T00:46:33Z,ff4ddfbf-66bf-473e-a80b-353290ed1084,507,564,1,0
2026-10-11T00:46:35Z,a2a3a9b4-6c17-47a9-aa70-1edef947743f,122,224,1,0
2026-10-11T00:46:42Z,9f89a6c7-df06-45ea-adf6-0b94088fcb57,155,335,1,0
2026-10-11T00:47:55Z,656ec2fe-54a8-4e3c-8118-2182adc93bd1,97,98,1,0
2026-10-11T00:48:54Z,d6f2324a-9011-490d-8ae2-56d448a7775b,205,292,1,0
2026-10-11T00:50:00Z,32a7f9cc-c887-4ddd-b7bb-75ee7a3a4e7a,51,63,1,0
2026-10-11T00:50:00Z,8067de7c-2f59-41b7-b2aa-1b8e6b884c65,89,107,1,0
2026-10-11T00:50:10Z,16223a5c-6114-432d-98ab-5698d3c2d7cc,135,233,1,0
2026-10-11T00:50:10Z,35870b94-7c7e-4f95-b36e-7923b0fe837f,45,600,1,0
2026-10-11T00:50:35Z,3f65bc8e-2a1b-4be2-ae4d-a38cfa9fdb00,159,209,1,0
2026-10-11T00:50:35Z,a63813f7-8dda-43e9-bd52-aed6675b88a8,47,100,1,0
2026-10-11T00:50:37Z,17ec5a7f-2d59-40e7-a32a-3060ee718a3b,1440,1800,1,0
2026-10-11T00:51:20Z,4e593474-6add-44a1-b0b8-c53f2aac44ad,290,301,1,0
2026-10-11T00:51:20Z,9b8087f3-3cbf-4a68-8869-828ce3ea6b51,216,385,1,0
2026-10-11T00:51:20Z,d08e3df2-ed0e-4fb8-b784-83429a65d4c2,272,400,1,0
2026-10-11T00:51:20Z,f914b954-5e4c-4b25-859f-d775e4c473f5,361,445,1,0
2026-10-11T00:51:30Z,1c1f3c0a-8c0c-4ac9-b4ce-8ae7000aae9f,608,609,1,0
2026-10-11T00:51:30Z,48383bbe-e212-4903-bfd2-440846d80059,309,332,1,0
2026-10-11T00:51:30Z,4988115d-7c6e-4a4a-bd9d-5605e692c2cb,65,79,1,0
2026-10-11T00:51:30Z,80d26cc5-1210-4bdf-beb4-0602f35bdccc,397,705,1,0
2026-10-11T00:51:30Z,9386ab02-ee17-4fd7-9580-93115e203a31,284,323,1,0
2026-10-11T00:51:30Z,9f6c9ac3-11e3-4370-a2f3-c03dce6a19ea,139,168,1,0
2026-10-11T00:51:30Z,b2ef972b-d8e8-4044-9a58-2223dace7c87,51,81,1,0
2026-10-11T00:51:30Z,b94f5b35-9793-43f9-927a-889478d76806,707,1050,1,0
2026-10-11T00:51:30Z,d4ea4d81-730a-431e-8db7-fd1e6f903876,95,99,1,0
2026-10-11T00:51:30Z,fa25b695-5055-40a5-9930-ac2aa77ba975,428,604,1,0
2026-10-11T00:51:31Z,3e43afd2-aa12-4986-9927-73f883d30e55,401,690,0,0
2026-10-11T00:51:31Z,45abe415-46d3-422f-9db5-4a783328e490,241,450,0,0
2026-10-11T00:51:31Z,84af4dc6-992d-40dd-a6e1-a1900ea7961f,215,401,1,0
2026-10-11T00:51:31Z,96ec46a4-8089-49a8-8ca4-df67a5d0bdc1,375,684,1,0
2026-10-11T00:51:31Z,c06e8266-5df0-411e-8b7d-3027530f2661,248,420,1,0
2026-10-11T00:51:31Z,ffab40f6-4a10-41f2-9cc1-b9c2879d8c37,424,484,1,0
2026-10-11T00:51:33Z,0fee70b1-f479-4557-aebc-d2860d533704,4,100,1,1
2026-10-11T00:51:33Z,da570813-b3f6-4676-b5d3-4bb8e759eb50,524,607,1,0
2026-10-11T00:51:33Z,ff4ddfbf-66bf-473e-a80b-353290ed1084,508,564,1,0
2026-10-11T00:51:35Z,ed1ecb9f-bbf1-4578-97c7-16cd3ed8b4da,166,230,1,0
2026-10-11T00:51:36Z,552a9b88-f367-42ba-a429-0abdafd14886,1144,1250,1,0
2026-10-11T00:51:53Z,ee748840-6d7e-4be6-980e-5e26ba76ba24,196,132,1,0
2026-10-11T00:53:42Z,b41c7c26-ac01-4a88-a2ae-d4fb1b51919e,31,84,1,0
2026-10-11T00:54:00Z,8067de7c-2f59-41b7-b2aa-1b8e6b884c65,90,107,1,0
2026-10-11T00:55:07Z,17ec5a7f-2d59-40e7-a32a-3060ee718a3b,1441,1800,1,0
2026-10-11T00:55:10Z,16223a5c-6114-432d-98ab-5698d3c2d7cc,136,234,1,0
2026-10-11T00:55:24Z,151f0df2-d198-4987-a2d6-4e5f1658c659,278,305,1,0
2026-10-11T00:55:24Z,41db81b2-3d89-4e28-adb1-0d929b9e4b05,167,176,1,1
2026-10-11T00:55:35Z,3f65bc8e-2a1b-4be2-ae4d-a38cfa9fdb00,158,209,1,0
2026-10-11T00:55:35Z,a63813f7-8dda-43e9-bd52-aed6675b88a8,48,100,1,0
2021-12-14T16:01:41Z,23703a32-e280-4265-97d3-dc82c40e92e1,61,62,1,0
2021-12-14T16:01:41Z,6b153ac5-9aee-4758-a5a3-7e92a2b98eab,121,121,1,0
2021-12-14T16:01:41Z,9706dda7-3909-4b75-be28-b3d4e9ee09f7,49,54,1,0
2021-12-14T16:01:42Z,13d9d2fe-1c63-43a7-90ea-4837bd3662ca,44,52,1,0
2021-12-14T16:01:42Z,24190ff2-c521-4825-abd6-aa20c14d8b67,66,88,1,0
2021-12-14T16:01:42Z,54544081-ae6b-4e18-bbf3-6833becce81f,82,98,1,0
2021-12-14T16:01:42Z,66834791-df8d-4c8b-86f3-23ce0c131c3b,31,37,1,0
2021-12-14T16:01:42Z,c5e2a674-a5c3-4c74-9b84-377b3dfaf146,10,90,1,0
2021-12-14T16:01:42Z,d20db70b-b980-41b2-a457-67148670b260,11,27,1,0
2021-12-14T16:01:42Z,f7e4a75c-79a2-41c7-b12e-aa88bff379f1,28,28,1,0
2021-12-14T16:01:44Z,0c427131-5ed6-4901-bfad-7171ade5ac33,45,49,1,0
2021-12-14T16:01:44Z,241e35bc-be67-4ee9-9da0-71017d6a4267,48,48,1,0
2021-12-14T16:01:44Z,75104ad9-e029-4709-9b68-6b150258fc15,8,12,1,0
2021-12-14T16:02:04Z,226e334b-3fdd-4aaa-bddf-a6b10a3c98ee,302,316,1,1
2021-12-14T16:02:08Z,97a243f4-d0d9-4224-b0c1-72a9566bb677,136,150,1,1
2021-12-14T16:02:12Z,953eec27-3077-4c28-84df-0d4248d45b08,107,153,1,1
2021-12-14T16:02:16Z,2cc6b90a-8460-4b11-a52e-5f9319ffd64b,473,499,1,1
2021-12-14T16:02:16Z,2e7daa83-19e3-4133-8d57-3911d7681d40,224,238,1,1
2021-12-14T16:02:16Z,6f411bd5-e76b-449b-a390-bb7e5d7e1c0e,1704,1790,1,1
2021-12-14T16:02:16Z,9c6f4ec3-35ee-4801-a683-4e48cd01931f,318,333,1,1
2024-09-27T13:37:47Z,33d872e2-f94f-43b0-b07c-ce46e45422a5,162,181,1,0
2024-09-27T13:37:47Z,c0aecf40-4df5-43b9-b8af-577fb8c681f8,197,340,1,0
2025-02-07T10:14:49Z,1fc4f305-8d3f-4626-af10-a145c5834554,33,76,1,0
2025-05-07T14:53:29Z,9976905e-fe02-4211-8976-1b77e57c3b6f,79,89,1,1
2025-05-15T06:46:29Z,bb3c8e2b-6292-48bd-bcd7-9cb90d0f35dc,71,112,1,0
2025-05-15T07:19:54Z,0b6cd5b5-8a48-4e69-a38e-6e38c12cb9a7,240,245,1,0
2025-07-09T13:05:20Z,af0b223f-cfe3-4e84-8359-2724e26315a0,0,79,1,1
2025-07-09T13:08:15Z,45b1b090-778f-4a65-99ba-7baf8e0f4412,33,227,1,0
2025-07-09T13:08:16Z,53d7d51e-1be5-4ecf-af13-c1c601d37503,58,91,1,0
2025-07-21T09:04:06Z,21de769b-c8e4-45e6-8b40-4496fa1fc417,7,150,1,0
2025-11-05T11:37:55Z,004b57f3-8185-41f7-b534-91d0bfc8c023,0,0,1,1
2025-11-05T11:37:55Z,ddcdd081-6046-4847-8438-dcea6ab51ccd,232,385,1,0
2025-11-12T10:20:31Z,da95ab75-7e5e-438d-8bfb-f3eb0d37dd44,388,529,1,0
2025-12-09T12:17:33Z,41beb61e-e301-429f-b9e9-275be8325f6a,1106,1224,1,0
2025-12-09T12:17:33Z,a63f0bb3-1a09-4d42-862b-6da2354178f0,1106,1224,1,0
2025-12-09T12:17:33Z,bdf5a796-0a4e-4385-b53d-f163f0540975,1106,1224,1,0
2025-12-24T07:36:47Z,fbdec230-14d1-47f6-b62f-9aedc6f87280,150,160,1,0
2025-12-24T07:36:48Z,307d9fdb-0c8a-4362-943d-aa33adecaa14,100,105,1,0
2025-12-24T07:36:48Z,5512204f-fb36-43de-a58e-1743d41ebe8d,83,95,1,0
2025-12-24T07:36:48Z,8bfefa99-a526-4ce8-b4e0-236d6b19bb23,226,257,1,0
2026-01-12T15:26:20Z,d7f41af5-8e89-465a-963c-f5102affcd78,69,70,1,0
2026-08-19T08:07:29Z,74a6b9e5-dad6-4c18-a26e-7073d12c92a0,191,800,1,0
2026-09-20T12:43:01Z,5f86a398-fbf0-407b-8e72-8eac4b4a9b08,375,389,1,1
2026-10-09T20:03:39Z,fb51c450-b89f-422a-b4a8-3b588c845d72,885,965,1,0
2026-10-10T11:17:08Z,4624b92d-ddf5-419e-86bb-4983c100ff70,96,109,1,0
2026-10-11T00:44:55Z,325f0f1e-f5e5-44fa-8335-a7086df8976e,182,180,1,0
2026-10-11T00:44:57Z,0c60172a-8d27-4976-8aba-d92f6567d99b,253,268,1,0
2026-10-11T00:44:57Z,4331c3f8-f543-4ae4-be11-042e5ebaea33,464,470,1,0
2026-10-11T00:44:57Z,483561f2-4a3c-4ae3-817f-cd47fb67746c,118,168,1,0
2026-10-11T00:45:39Z,1840ed29-74ce-46fc-8265-85c7c69c1acb,211,122,1,0
2026-10-11T00:46:01Z,63811863-d897-4247-a726-efb29a24379d,136,137,1,0
2026-10-11T00:46:02Z,5283148b-441e-425d-bab4-ec0a68a33342,242,256,1,0
2026-10-11T00:46:22Z,74823881-a189-4746-ae24-528e733777f7,238,276,1,0
2026-10-11T00:46:23Z,83c0ebb3-ef4b-49bd-b15d-e30fc58902bf,151,154,1,0
2026-10-11T00:46:48Z,7565d9ad-4f5a-4cb0-b9c5-53d68a2ad323,223,223,1,0
2026-10-11T00:46:52Z,dfb0da3d-3258-4bac-8500-6091faea093c,102,107,1,0
2026-10-11T00:47:14Z,75c52013-b44a-410a-8d76-94c962f32aef,144,145,1,0
2026-10-11T00:48:07Z,46fa33ae-878c-4afa-b231-9930ee1fb073,454,495,1,0
2026-10-11T00:48:08Z,d863d817-96ec-4b0a-9393-97b6adaf70f5,181,180,1,0
2026-10-11T00:48:27Z,5e438ace-a80a-4a9b-9047-782c092d9fc5,154,162,1,0
2026-10-11T00:48:34Z,f0f161fb-e8f7-4dbb-81cd-fedce924d76c,213,230,1,0
2026-10-11T00:48:45Z,c26ad163-2d50-4198-9e33-25a4ba91a340,185,190,1,0
2026-10-11T00:49:06Z,c74987a5-2457-407e-8cf2-5f92ac7279ec,23,27,1,0
2026-10-11T00:49:10Z,2190c694-e24f-4b6c-a10b-d84b90945078,270,279,1,0
2026-10-11T00:49:24Z,62075c53-5284-47d4-8909-3872721380d7,169,174,1,1
2026-10-11T00:49:24Z,d381c28b-2cf8-48b6-b0f8-8166c08cf25f,437,530,1,0
2026-10-11T00:49:25Z,222fa1c9-20df-433b-ba27-5c7c7c128f3d,243,256,1,0
2026-10-11T00:49:26Z,c8a59b23-d7b1-4595-b2f9-3f5bb9b5cb9e,93,100,1,0
2026-10-11T00:51:00Z,8aa45b74-0b08-4234-9231-29b6a80a9ee7,109,123,1,0
2026-10-11T00:51:03Z,e2532484-c772-438a-b164-c0be64691da2,262,300,1,0
2026-10-11T00:51:19Z,5da92d12-8d50-439a-a900-2cde0d600a83,54,55,1,0
2026-10-11T00:51:53Z,39c7e31a-5a22-4c4a-935f-482feaf65823,80,81,1,0
2026-10-11T00:51:54Z,27b012c7-0ae9-4607-99ba-c7ee3c2b21fe,86,83,1,0
2026-10-11T00:52:10Z,d713179a-5257-46e3-a989-705291add0c1,204,178,1,0
2026-10-11T00:52:14Z,1535650f-5e48-49fe-b849-24bf24ee13ab,53,53,1,0
2026-10-11T00:52:22Z,986f5e06-3d0b-4c37-8072-da91e5440c7d,190,200,1,0
2026-10-11T00:52:45Z,9a11d95d-87bc-4b26-aff8-4cd6f6c2fc75,122,125,1,0
2026-10-11T00:53:21Z,deb8f7da-0864-4019-8715-53ca185efc42,237,300,1,1
2026-10-11T00:53:35Z,9b647f63-9c6b-4b14-93b3-a3ead7dee757,195,197,1,0
2026-10-11T00:53:56Z,41306aac-28b3-4cbf-8df4-b1a6aa5647c8,117,120,1,0
2026-10-11T00:54:10Z,c1aee7fe-47b9-48d8-98d0-6bc9aa033e6e,101,117,1,0
2026-10-11T00:54:19Z,08e88e8e-9a59-4ea7-9511-4914d75364ee,110,110,1,0
2026-10-11T00:55:12Z,2b0c13a6-12c7-4ebf-9980-06ad0a2d0f6d,113,159,1,0
2026-10-11T00:55:13Z,656ec2fe-54a8-4e3c-8118-2182adc93bd1,97,98,1,0
2026-10-11T00:55:14Z,53773841-88d1-4087-81a0-e27d07582ce7,276,282,1,0
2026-10-11T00:55:23Z,ee748840-6d7e-4be6-980e-5e26ba76ba24,196,132,1,0
2026-10-11T00:55:28Z,10f854b4-14ef-4914-8069-76d7f7f6afb4,74,258,1,0
2026-10-11T00:55:28Z,6c81e5ad-4b7e-4061-84a5-1f9b8aa3d3c2,409,1144,1,0
2026-10-11T00:55:28Z,824d62f3-b5b1-4d78-8b34-7c31ed197fc8,26,298,1,1
2026-10-11T00:55:28Z,c11a4b67-3766-49b6-8809-15a612bae543,415,1224,1,0
2026-10-11T00:55:36Z,b17c99c0-65af-4451-a700-a21b24fc611e,41,39,1,0
2026-10-11T00:55:51Z,695cef16-b614-4489-b32a-687aca22dd4e,343,353,1,0
2026-10-11T00:56:00Z,0e9c5738-93b1-43fe-8f57-6f1066b5118a,121,170,1,0
2026-10-11T00:56:00Z,186af3cc-3ebe-40b1-a807-72f98dbc94f7,147,280,1,0
2026-10-11T00:56:00Z,32fbd12d-2b88-41df-9090-1d3962e1cfab,13,26,1,0
2026-10-11T00:56:00Z,33ac0b4d-9a9d-4c39-85df-13293292f04b,77,90,1,0
2026-10-11T00:56:00Z,45434989-3252-4c85-8731-c856b02c390c,102,159,1,0
2026-10-11T00:56:00Z,4639a30f-a31e-4f72-8430-49c1d8ff6be7,8,132,1,0
2026-10-11T00:56:00Z,9939a414-628f-4b60-8068-f7731ea5f31a,404,481,1,0
2026-10-11T00:56:00Z,ddf76a3f-a13d-492f-8dd2-374a52c1a506,23,200,1,0
2026-10-11T00:56:00Z,e3b7e292-ef14-43c9-96fb-85ab7b08ef09,35,48,1,0
2026-10-11T00:56:15Z,fc687c9c-c03d-42f3-ad4c-2d9734121a38,127,129,1,0
2026-10-11T00:56:17Z,2c1cb38b-92ac-416c-a5a2-e3ee21d8180e,329,352,1,0
2026-10-11T00:56:18Z,4fe55834-166f-4651-8371-d68807490125,22548,250,1,0
2026-10-11T00:56:18Z,e8f046ff-4785-472a-8668-f76c54d3133a,30352,352,1,0
2026-10-11T00:56:23Z,1ff340af-6c8d-47b9-ac0a-4b64402eeb90,449,470,1,0
2026-10-11T00:56:23Z,f7e93a01-102a-47de-aafb-0dea5f163a4c,91,93,1,0
2026-10-11T00:56:24Z,3cc2d8e4-53ef-48ba-8dda-c97047d16fe1,-35,234,1,1
2026-10-11T00:56:30Z,02f38b89-a5a7-4df6-8e87-5de543d84440,306,450,1,0
2026-10-11T00:56:30Z,03243fd9-f789-49db-94a4-b9eecfdee737,87,87,1,0
2026-10-11T00:56:30Z,14f1046d-1fda-4081-883b-d6a8a2ad937d,595,625,0,0
2026-10-11T00:56:30Z,1b1834c0-d727-4370-9111-3076f8b038fc,522,573,1,0
2026-10-11T00:56:30Z,1c1f3c0a-8c0c-4ac9-b4ce-8ae7000aae9f,608,609,1,0
2026-10-11T00:56:30Z,1d38eb92-1cf6-453d-bb39-9a150145c52a,68,68,1,0
2026-10-11T00:56:30Z,2cee7c34-27db-46ec-b339-f71f1aa82922,0,44,1,1
2026-10-11T00:56:30Z,31938897-d183-426d-ad6b-0c613a147cea,122,128,1,0
2026-10-11T00:56:30Z,328cbed1-dfe1-4984-8cf6-4b4d9671b168,356,500,1,0
2026-10-11T00:56:30Z,3fca9aca-4819-405f-9fa8-bcf5f0be4ed9,50,95,1,0
2026-10-11T00:56:30Z,48383bbe-e212-4903-bfd2-440846d80059,308,332,1,0
2026-10-11T00:56:30Z,4988115d-7c6e-4a4a-bd9d-5605e692c2cb,65,79,1,0
2026-10-11T00:56:30Z,500f53b7-d700-4f9d-818b-72951caf4d40,65,150,0,0
2026-10-11T00:56:30Z,574e6027-47e9-45eb-bcc1-01a9d1a344f7,431,494,1,0
2026-10-11T00:56:30Z,80d26cc5-1210-4bdf-beb4-0602f35bdccc,403,705,1,0
2026-10-11T00:56:30Z,8c237822-2d60-4446-b5cd-8f33cccb26fc,127,240,1,0
2026-10-11T00:56:30Z,9386ab02-ee17-4fd7-9580-93115e203a31,284,323,1,0
2026-10-11T00:56:30Z,9f6c9ac3-11e3-4370-a2f3-c03dce6a19ea,140,168,1,0
2026-10-11T00:56:30Z,a03c3613-6fed-4659-906f-17843c227622,126,388,0,0
2026-10-11T00:56:30Z,a4265c3c-b33d-4f83-973b-bf7eb97958e2,134,142,1,0
2026-10-11T00:56:30Z,ac1a8242-ea7d-48ff-8935-9fbe07691d77,1031,1080,1,0
2026-10-11T00:56:30Z,b2ef972b-d8e8-4044-9a58-2223dace7c87,51,81,1,0
2026-10-11T00:56:30Z,b3b3f9ec-e94e-4923-8865-53c9c5f7aeaf,236,236,1,0
2026-10-11T00:56:30Z,b702aa0d-1392-4b9c-a158-5ead5179f9ad,173,267,1,0
2026-10-11T00:56:30Z,b7fd59d7-ef6e-4b8b-804d-42ba6bb98dbf,137,371,1,0
2026-10-11T00:56:30Z,b94f5b35-9793-43f9-927a-889478d76806,715,1050,1,0
2026-10-11T00:56:30Z,bae90cb2-90cc-4ef7-9752-672ef216a52c,618,671,1,0
2026-10-11T00:56:30Z,c0bc471b-86b3-4d80-b62f-1d88101096b2,419,510,0,0
2026-10-11T00:56:30Z,ce5aa269-cd07-494f-82a3-ea7a633349be,17,135,1,0
2026-10-11T00:56:30Z,d3bd2edf-cd1f-4b3d-baee-eb37c8bc9e53,198,250,0,0
2026-10-11T00:56:30Z,d4ea4d81-730a-431e-8db7-fd1e6f903876,95,99,1,0
2026-10-11T00:56:30Z,d6ea05f4-e484-4db8-84cd-a0ac20db1f1f,385,398,1,0
2026-10-11T00:56:30Z,d9be5735-e8a0-4f62-9712-740bea0c2dd9,508,508,1,0
2026-10-11T00:56:30Z,dc96d900-8446-4e99-8a09-dd60da167fc8,150,174,1,0
2026-10-11T00:56:30Z,ed205aff-9f9b-4f16-b649-76b53971e4d7,85,88,1,0
2026-10-11T00:56:30Z,f9521fbc-5e80-4c44-af4f-d49a487c6695,153,153,1,0
2026-10-11T00:56:30Z,fa25b695-5055-40a5-9930-ac2aa77ba975,433,604,1,0
2026-10-11T00:56:31Z,0967d16d-061b-4f44-838d-36cec4be68b9,373,390,1,0
2026-10-11T00:56:31Z,3e43afd2-aa12-4986-9927-73f883d30e55,400,690,0,0
2026-10-11T00:56:31Z,45abe415-46d3-422f-9db5-4a783328e490,241,450,0,0
2026-10-11T00:56:31Z,46c2167d-7d65-4e5f-9e3e-6d625aa8c7b6,123,150,1,0
2026-10-11T00:56:31Z,55f5c0fa-d690-4528-90fb-5fe851c476ec,135,147,0,0
2026-10-11T00:56:31Z,84af4dc6-992d-40dd-a6e1-a1900ea7961f,215,401,1,0
2026-10-11T00:56:31Z,96ec46a4-8089-49a8-8ca4-df67a5d0bdc1,375,684,1,0
2026-10-11T00:56:31Z,9a2ca410-8fba-4ff7-ab8f-6f1a5398eab0,382,382,0,0
2026-10-11T00:56:31Z,ba951d66-5587-4874-bc96-68a0edd5bd62,272,430,0,0
2026-10-11T00:56:31Z,c06e8266-5df0-411e-8b7d-3027530f2661,250,420,1,0
2026-10-11T00:56:31Z,d13f96a4-ed41-41ae-88a1-921e9c067e3e,80,90,0,0
2026-10-11T00:56:31Z,e7f0ddfb-8b9f-4f47-a274-076807a63a5b,43,134,1,0
2026-10-11T00:56:31Z,ffab40f6-4a10-41f2-9cc1-b9c2879d8c37,426,484,1,0
2026-10-11T00:56:32Z,60bf0e76-d3bf-42d1-b7a0-04f0ab048e9d,30,289,0,0
2026-10-11T00:56:32Z,d6f2324a-9011-490d-8ae2-56d448a7775b,206,292,1,0
2026-10-11T00:56:33Z,0fee70b1-f479-4557-aebc-d2860d533704,4,100,1,1
2026-10-11T00:56:33Z,1319b928-f405-4ee3-8c33-1e932e3156a4,406,422,1,0
2026-10-11T00:56:33Z,85e5a169-e559-4ba0-aeb7-7d6522dfd374,1105,1116,1,0
2026-10-11T00:56:33Z,a2c37c22-fa24-4591-aa78-bd0f4fe99978,274,283,1,0
2026-10-11T00:56:33Z,da570813-b3f6-4676-b5d3-4bb8e759eb50,526,607,1,0
2026-10-11T00:56:33Z,ff4ddfbf-66bf-473e-a80b-353290ed1084,509,564,1,0
2026-10-11T00:56:35Z,551be64d-fd3d-4f13-8afd-fc2b0186e67b,107,170,1,0
2026-10-11T00:56:35Z,5c7a3167-55bd-441f-bd09-60e97503a603,57,102,1,0
2026-10-11T00:56:35Z,a2a3a9b4-6c17-47a9-aa70-1edef947743f,122,224,1,0
2026-10-11T00:56:35Z,ed1ecb9f-bbf1-4578-97c7-16cd3ed8b4da,166,230,1,0
2026-10-11T00:56:36Z,200e0f50-57f5-4cb8-9a46-e172ed735a86,407,435,1,0
2026-10-11T00:56:36Z,294157b9-5428-41d8-8f3a-252193ebe97d,263,333,1,0
2026-10-11T00:56:36Z,40212393-05d9-45a4-a287-123af9ad325a,277,298,1,0
2026-10-11T00:56:36Z,552a9b88-f367-42ba-a429-0abdafd14886,1144,1250,1,0
2026-10-11T00:56:36Z,70abd541-a025-4b29-b99c-0a96a6f23a06,279,279,1,1
2026-10-11T00:56:36Z,c479f58b-1683-4321-adff-3e54ad468e59,306,317,1,0
2026-10-11T00:56:41Z,5ba03aad-2871-4fba-85bf-748798d2eb87,9168,9999,1,0
2026-10-11T00:56:41Z,8e0289ed-f3ee-458e-8da4-247c4b240bb4,352,354,1,0
2026-10-11T00:56:41Z,da834c6e-b202-4b18-b7b0-4edc2716855b,497,500,1,0
2026-10-11T00:56:42Z,9f89a6c7-df06-45ea-adf6-0b94088fcb57,158,335,1,0
2026-10-11T00:56:44Z,87657efe-b52a-40e4-9cf2-cf356a24017c,186,189,1,0
2026-10-11T00:56:50Z,02b97e2b-bea0-42ce-801c-5462221b28f7,144,209,1,0
2026-10-11T00:56:50Z,16b75fd7-9296-4b7b-a58a-4fb92e1f2e8a,239,243,1,0
2026-10-11T00:56:50Z,2ddeebb5-39db-4a32-ae6d-eeb45bf4a5ef,342,416,1,0
2026-10-11T00:56:50Z,332264eb-f17e-4cbb-8ed2-40aae6f68b2c,185,262,1,0
2026-10-11T00:56:50Z,4e593474-6add-44a1-b0b8-c53f2aac44ad,290,301,1,0
2026-10-11T00:56:50Z,61020800-8015-43d8-b335-52a1747c126a,70,150,1,0
2026-10-11T00:56:50Z,707242b6-6564-43ed-b272-fab1b406a3bb,411,415,1,0
2026-10-11T00:56:50Z,7895429d-3cda-4b0a-ad1e-321d0675a377,226,226,1,0
2026-10-11T00:56:50Z,78eead8f-16d0-4438-899b-328c4c382619,284,353,1,0
2026-10-11T00:56:50Z,883bccff-15c5-46e8-bc2e-60599b54f10f,229,329,1,0
2026-10-11T00:56:50Z,98ad5f41-d8c5-48ff-b205-c30be826d981,230,255,1,0
2026-10-11T00:56:50Z,9b8087f3-3cbf-4a68-8869-828ce3ea6b51,225,385,1,0
2026-10-11T00:56:50Z,a293ae1c-779c-4d2b-80d0-a305c4b04e61,246,315,1,0
2026-10-11T00:56:50Z,a8b3ecad-d648-4a1b-b559-941d58b899f0,310,334,1,0
2026-10-11T00:56:50Z,ad408289-258a-4e66-997b-06944563a84c,106,120,1,0
2026-10-11T00:56:50Z,b8513bb2-460a-4f07-adee-66d1ae4ac909,69,98,1,0
2026-10-11T00:56:50Z,bc09b9a5-a929-4b13-bd54-3a92fc3b7b89,131,190,1,0
2026-10-11T00:56:50Z,d08e3df2-ed0e-4fb8-b784-83429a65d4c2,272,400,1,0
2026-10-11T00:56:50Z,e4f778ec-4db9-474a-af7a-520ea373912f,301,340,1,0
2026-10-11T00:56:50Z,f914b954-5e4c-4b25-859f-d775e4c473f5,361,445,1,0
2026-10-11T00:56:52Z,0cbc7e9b-71b6-456a-bcc6-1c95f7297c29,0,395,1,0
2026-10-11T00:57:13Z,f7eafdd2-de31-4aff-b554-75270a60bc99,127,129,1,0
2026-10-11T00:57:17Z,2eb02bef-9754-4091-b7cf-63932d0bf28e,76,80,1,0
2026-10-11T00:57:28Z,ac546da2-cc2b-4e1d-adf7-15bcecde9fff,64,70,1,0
2026-10-11T00:57:42Z,1bf6593d-13df-4403-8a50-9e0cf3060bc4,165,166,1,0
2026-10-11T00:57:42Z,4297dbaa-661c-42d2-8d86-623af182bc74,91,94,1,0
2026-10-11T00:57:42Z,8ac41951-5cb2-4c0d-a3af-8f2084bab917,626,677,1,0
2026-10-11T00:57:42Z,cba8da27-10e4-4683-8d09-93e961fa9c0a,56,56,1,0
2026-10-11T00:58:00Z,5d3110ce-748f-4d92-b131-11f1c456f510,131,132,1,0
2026-10-11T00:58:47Z,d5565e93-2f9f-4074-8548-e631b72bae66,583,550,1,0
2026-10-11T00:58:56Z,ca495787-8e55-4c7d-933b-c3192b40ddb8,134,146,1,0
2026-10-11T00:58:56Z,f1807d7c-176c-44f2-8fbc-a09b18c5aa69,139,133,1,0
2026-10-11T00:59:02Z,fed5c736-f2d8-4f91-8fd0-9d9188ba76bf,105,100,1,0
2026-10-11T00:59:05Z,fa1c4be1-6424-43e9-bf19-91cbb126ce63,435,431,1,0
2026-10-11T00:59:06Z,0ab22af9-911d-4cfb-9ac5-6c327aa48be2,0,0,1,0
2026-10-11T00:59:06Z,ff69524b-a4b1-4c65-85c1-b45c2ce5b144,0,0,1,0
2026-10-11T00:59:09Z,a74cb3bf-e681-45a0-bd09-60ab91099fec,138,143,1,0
2026-10-11T00:59:28Z,3509fe81-59aa-47a7-a7ba-6d881d9a24fd,121,100,1,0
2026-10-11T00:59:28Z,5ad7a1ad-ec96-4e5c-9356-a5809078aada,112,113,1,0
2026-10-11T00:59:28Z,7b4e7874-59b9-4e9c-9486-206453b5a2a5,296,308,1,0
2026-10-11T00:59:49Z,cc7a3d99-d6f6-4407-86bc-008eb47549ea,112,130,1,0
2026-10-11T00:59:54Z,9ed37ad1-9374-400a-918f-f02411eb8ce6,210,210,1,0
2026-10-11T00:59:57Z,88c052cc-28e4-4098-900c-542756b82046,431,506,1,0
2026-10-11T00:59:57Z,f8120569-3a11-4a63-9c7d-12cd7eaeafe0,645,705,1,0
2026-10-11T00:59:57Z,fc170b99-df27-47b0-9352-899a8f846d41,182,198,1,0
2026-10-11T00:59:58Z,79f2c1f5-2f6c-4718-9d58-5aad0295bfd2,116,120,1,0
2026-10-11T00:59:58Z,a13276fc-40da-40e2-9bd4-3c902884228a,65,65,1,0
2026-10-11T00:59:58Z,bf73b42f-8fb5-473f-87c0-169c7e171315,65,65,1,0
2026-10-11T01:00:00Z,1a5d074b-cdc7-4198-a09a-284d660d4c4b,42,77,1,0
2026-10-11T01:00:00Z,2d37f4dc-459d-46f4-b759-afcabf36dbcd,154,195,1,0
2026-10-11T01:00:00Z,32a7f9cc-c887-4ddd-b7bb-75ee7a3a4e7a,51,63,1,0
2026-10-11T01:00:00Z,635b2c1b-5474-4a73-ae6b-67fe9e9c09f7,56,86,1,0
2026-10-11T01:00:00Z,66ea7e04-7ba7-4f7d-9301-7c3257d8acdc,65,88,1,0
2026-10-11T01:00:00Z,8067de7c-2f59-41b7-b2aa-1b8e6b884c65,90,107,1,0
2026-10-11T01:00:00Z,99eec77f-a35b-4315-996a-6d3ffe2b1b64,22,42,1,0
2026-10-11T01:00:00Z,a9410d51-b48c-4641-a9d5-9d20cf66f7a4,12,18,1,0
2026-10-11T01:00:00Z,cfb30666-ad0d-429f-9984-937cabbc8bc8,15,62,1,0
2026-10-11T01:00:00Z,db3957e4-11b3-437b-8907-31abafcd30cd,64,90,1,0
2026-10-11T01:00:03Z,54612960-b8a6-4499-9f47-f7ae7c4fd2c8,544,568,1,0
2026-10-11T01:00:06Z,c8def33d-6bbf-4162-a9bc-27bc79430d0d,678,685,1,0
2026-10-11T01:00:08Z,751c1199-6ad2-4fc4-b879-8b9091c9d96c,149,146,1,0
2026-10-11T01:00:09Z,dacca715-2cf3-400f-96c3-367f32f994e9,538,538,1,0
2026-10-11T01:00:09Z,e556a717-480e-433d-b87b-0f37140076a6,420,420,1,0
2026-10-11T01:00:12Z,73f63588-e4c1-4f4c-aeae-d204e2ef5b1f,102,225,1,0
2026-10-11T01:00:12Z,83e8b817-f383-453b-a4fc-b7a99a45dc18,46,441,1,0
2026-10-11T01:00:21Z,cea4cffe-158c-4b08-b940-5d5eefeba089,42,105,1,0
2026-10-11T01:00:22Z,e25f0d56-a213-416b-ab85-9f4d40d0f8f6,115,116,1,0
2026-10-11T01:00:27Z,88053957-10e2-4453-a3d7-1706298b9737,76,85,1,0
2026-10-11T01:00:27Z,b41c7c26-ac01-4a88-a2ae-d4fb1b51919e,31,84,1,0
2026-10-11T01:00:29Z,3bc514f1-bce7-4a42-b83f-e189e7b34056,42,42,1,0
2026-10-11T01:00:31Z,333f3516-1869-43fc-a84a-24c2356049b9,581,819,1,0
2026-10-11T01:00:35Z,19e877b8-c9ce-49a9-a754-a797acacf661,43,163,1,0
2026-10-11T01:00:35Z,2a04ec9c-2b8c-43c3-9ae4-2e1e97a2e0bb,85,190,1,0
2026-10-11T01:00:35Z,36e55fa3-48c9-4fd0-b8d9-eec160391772,282,290,1,0
2026-10-11T01:00:35Z,3f65bc8e-2a1b-4be2-ae4d-a38cfa9fdb00,158,209,1,0
2026-10-11T01:00:35Z,55fb619f-465f-4b1d-80d5-db613ae39e58,29,165,1,0
2026-10-11T01:00:35Z,790997a0-7f72-4b8d-8f20-5272092a4caa,616,616,1,0
2026-10-11T01:00:35Z,92871f2d-d779-418c-a07f-888a87447539,34,137,1,0
2026-10-11T01:00:35Z,a1b05a36-00f6-4492-93b6-73d0c451d4b6,281,328,0,0
2026-10-11T01:00:36Z,4a9684bf-f532-4248-9f43-1334233dc5d5,418,449,1,0
2026-10-11T01:00:36Z,6b50b2e9-1d84-444d-a1d4-d09b0421a226,418,449,1,0
2026-10-11T01:00:37Z,17ec5a7f-2d59-40e7-a32a-3060ee718a3b,1443,1800,1,0
2026-10-11T01:00:38Z,43878fed-4dbf-4aef-a2b9-80168d11b5aa,1075,1087,1,0
2026-10-11T01:00:38Z,69a54734-54a0-4e32-aef5-328b9d5c57b6,196,242,1,0
2026-10-11T01:00:40Z,16223a5c-6114-432d-98ab-5698d3c2d7cc,135,234,1,0
2026-10-11T01:00:40Z,35870b94-7c7e-4f95-b36e-7923b0fe837f,46,600,1,0
2026-10-11T01:00:40Z,eb79ab5a-abd5-4a48-8f6c-e21dbfe545d2,196,196,1,0
2026-10-11T01:00:42Z,57f24936-b0fb-452f-8d95-337583a5ae4b,0,59229,1,0
2026-10-11T01:00:43Z,dcacb5b1-25e8-4efe-be95-044d87c4e4f4,170,265,1,0
2026-10-11T01:00:45Z,01e2fd1b-550b-40e1-b9fe-5373a15d88a0,217,275,1,0
2026-10-11T01:00:45Z,151f0df2-d198-4987-a2d6-4e5f1658c659,278,305,1,0
2026-10-11T01:00:45Z,1558c63d-0d97-40f3-9a0f-5f11e65875d7,528,528,1,0
2026-10-11T01:00:45Z,1a39c8e9-91f9-40d9-bdf3-ce1f6e438a14,1464,1700,1,0
2026-10-11T01:00:45Z,1b96b5df-841f-400b-ba2d-7cff51a41d02,175,220,1,0
2026-10-11T01:00:45Z,1e0fbf8b-5e3a-4ee4-96df-6206c2bac453,570,620,1,0
2026-10-11T01:00:45Z,2c0c337e-7c19-4db5-9da8-6bcc8e635404,222,244,1,0
2026-10-11T01:00:45Z,2d8e6321-7108-4763-ba53-5d107ff6e674,151,199,1,0
2026-10-11T01:00:45Z,335d508f-cb75-480d-b034-b30f128fccce,233,300,1,0
2026-10-11T01:00:45Z,34c37f55-160a-47fb-a659-35d74f70907b,-10,0,1,1
2026-10-11T01:00:45Z,367449da-07de-4eec-be6e-79719ca533f8,205,276,1,0
2026-10-11T01:00:45Z,41db81b2-3d89-4e28-adb1-0d929b9e4b05,167,176,1,1
2026-10-11T01:00:45Z,461a6ae3-b610-4bec-95e1-bae6755b83a3,193,250,1,0
2026-10-11T01:00:45Z,480c50ad-2ef0-48df-8dbc-d2c8552151fd,71,100,1,0
2026-10-11T01:00:45Z,5b3d8f1d-67f8-499e-a35c-92f3b181bfa1,13,20,1,0
2026-10-11T01:00:45Z,5d567c12-796c-4f8d-80f4-120ba32ed482,780,840,1,0
2026-10-11T01:00:45Z,618afa54-e882-4c12-916c-f223cc9c4e4a,129,215,1,0
2026-10-11T01:00:45Z,63668753-8a52-4660-8b89-f2cd097bd994,361,387,1,1
2026-10-11T01:00:45Z,63f63412-bd97-46f0-b13a-890bce445cbf,51,101,1,0
2026-10-11T01:00:45Z,68d5fcce-596d-4f6d-97d5-e67f6f644ac7,418,562,1,0
2026-10-11T01:00:45Z,809116db-8166-4d66-93d1-fc859f4449d8,62,173,1,0
2026-10-11T01:00:45Z,824a6cd5-acd4-4d88-893e-d38aa1fc5116,413,475,1,0
2026-10-11T01:00:45Z,88f214e0-36e0-49d3-b6d1-f73b1413cd12,590,839,1,0
2026-10-11T01:00:45Z,8d632d4a-e8a0-4a18-8c6f-c9f84140464b,0,0,0,1
2026-10-11T01:00:45Z,92649a4d-67f8-4148-abc5-82cc95dedba3,566,679,1,0
2026-10-11T01:00:45Z,9e43035c-6707-4b47-a263-d62f0c5d5f84,171,355,1,0
2026-10-11T01:00:45Z,a2bc4ea0-a218-4a59-a328-36fb8234402b,73,195,1,0
2026-10-11T01:00:45Z,aa548ce6-3110-4621-b3eb-ea45e5975df7,74,101,1,0
2026-10-11T01:00:45Z,b4d2898e-6b9d-4b5d-b0a0-8a11222382c5,412,450,1,0
2026-10-11T01:00:45Z,c2b50ef9-12a3-4ac5-b2b4-8bf0d896c98b,294,400,1,0
2026-10-11T01:00:45Z,c783d164-e1ce-4782-9552-eac48b1b100d,2,250,1,1
2026-10-11T01:00:45Z,eab6b680-ef29-4e0a-971c-c5055fc59c19,95,105,1,0
2026-10-11T01:00:45Z,f3e46038-6165-4e84-ae86-75a1b26bf6f1,692,700,1,0
2026-10-11T01:00:45Z,fe585239-852e-4f52-84e8-56eda8239a8f,140,289,1,0
2026-10-11T01:00:45Z,ff27bae8-ce05-40c6-8422-03da3bd7d9e1,553,670,1,0
2026-10-11T01:00:47Z,7035fbb3-74a2-43e9-b873-e8d7ddb03fd3,1836,1853,1,0
2026-10-11T01:00:47Z,fcfb18e3-6c2f-46d4-a5df-49b8aa9cdf57,1836,1853,1,0
2026-10-11T01:00:49Z,40367d76-9ba1-4257-b954-f5f58edf144e,115,112,1,0
2026-10-11T01:00:54Z,76b80f7c-2455-4eab-ba88-d4c2eaa1e7e8,128,230,1,0
2026-10-11T01:01:01Z,a5035792-66f7-491c-8c99-0b6c7e49811d,309,654,1,0
2026-10-11T01:01:01Z,c4172abb-8ad1-446a-8c35-ddb310d1a0f9,244,329,1,0
2026-10-11T01:01:01Z,c6fa5861-abde-41af-8f00-14c188566168,137,200,1,0
2026-10-11T01:01:05Z,a60db76c-4035-4c4d-9893-5e3696476a89,110,110,0,0
2026-10-11T01:01:05Z,a63813f7-8dda-43e9-bd52-aed6675b88a8,48,100,1,0
2026-10-11T01:01:05Z,bbd15dc0-b00a-47ca-bbda-799883106891,375,411,1,0
2026-10-11T01:01:05Z,e0f088ad-f1ee-40c4-ae79-170aa0784dd9,866,909,1,0
2026-10-11T01:01:05Z,ef7b7048-3c53-4877-8b4e-118656e80486,442,562,1,0
2026-10-11T01:01:05Z,fb7d42b2-a4e8-4d4e-bd70-7ffd6846b669,50,80,1,0
2026-10-11T01:01:06Z,c97f5fd6-4434-4d93-9c43-804dc8f715e1,85,190,1,0
2026-10-11T01:01:00Z,0e9c5738-93b1-43fe-8f57-6f1066b5118a,122,170,1,0
2026-10-11T01:01:00Z,1b1834c0-d727-4370-9111-3076f8b038fc,543,573,1,0
2026-10-11T01:01:00Z,9939a414-628f-4b60-8068-f7731ea5f31a,405,481,1,0
2026-10-11T01:01:00Z,b3b3f9ec-e94e-4923-8865-53c9c5f7aeaf,211,236,1,0
2026-10-11T01:01:20Z,16b75fd7-9296-4b7b-a58a-4fb92e1f2e8a,238,243,1,0
2026-10-11T01:01:20Z,883bccff-15c5-46e8-bc2e-60599b54f10f,230,329,1,0
2026-10-11T01:01:20Z,9b8087f3-3cbf-4a68-8869-828ce3ea6b51,227,385,1,0
2026-10-11T01:01:30Z,1c1f3c0a-8c0c-4ac9-b4ce-8ae7000aae9f,609,609,1,0
2026-10-11T01:01:30Z,48383bbe-e212-4903-bfd2-440846d80059,309,332,1,0
2026-10-11T01:01:30Z,80d26cc5-1210-4bdf-beb4-0602f35bdccc,413,705,1,0
2026-10-11T01:01:30Z,9f6c9ac3-11e3-4370-a2f3-c03dce6a19ea,139,168,1,0
2026-10-11T01:01:30Z,b7fd59d7-ef6e-4b8b-804d-42ba6bb98dbf,139,371,1,0
2026-10-11T01:01:30Z,b94f5b35-9793-43f9-927a-889478d76806,720,1050,1,0
2026-10-11T01:01:30Z,c0bc471b-86b3-4d80-b62f-1d88101096b2,420,510,0,0
2026-10-11T01:01:30Z,fa25b695-5055-40a5-9930-ac2aa77ba975,436,604,1,0
2026-10-11T01:01:31Z,96ec46a4-8089-49a8-8ca4-df67a5d0bdc1,377,684,1,0
2026-10-11T01:01:31Z,ffab40f6-4a10-41f2-9cc1-b9c2879d8c37,429,484,1,0
2026-10-11T01:01:33Z,ff4ddfbf-66bf-473e-a80b-353290ed1084,510,564,1,0
2026-10-11T01:01:36Z,552a9b88-f367-42ba-a429-0abdafd14886,1145,1250,1,0
2026-10-11T01:01:36Z,a74cb3bf-e681-45a0-bd09-60ab91099fec,137,143,1,0
2026-10-11T01:01:42Z,9f89a6c7-df06-45ea-adf6-0b94088fcb57,163,335,1,0
2026-10-11T01:05:00Z,1a5d074b-cdc7-4198-a09a-284d660d4c4b,41,77,1,0
2026-10-11T01:05:05Z,3f65bc8e-2a1b-4be2-ae4d-a38cfa9fdb00,157,209,1,0
2026-10-11T01:05:07Z,17ec5a7f-2d59-40e7-a32a-3060ee718a3b,1444,1800,1,0
2026-10-11T01:05:23Z,1b96b5df-841f-400b-ba2d-7cff51a41d02,176,220,1,0
2026-10-11T01:05:31Z,c6fa5861-abde-41af-8f00-14c188566168,138,200,1,0
2026-10-11T01:05:35Z,92871f2d-d779-418c-a07f-888a87447539,35,137,1,0
2026-10-11T01:05:35Z,a63813f7-8dda-43e9-bd52-aed6675b88a8,50,100,1,0
2026-10-11T01:06:00Z,0e9c5738-93b1-43fe-8f57-6f1066b5118a,121,170,1,0
2026-10-11T01:06:20Z,707242b6-6564-43ed-b272-fab1b406a3bb,412,415,1,0
2026-10-11T01:06:20Z,883bccff-15c5-46e8-bc2e-60599b54f10f,229,329,1,0
2026-10-11T01:06:20Z,9b8087f3-3cbf-4a68-8869-828ce3ea6b51,228,385,1,0
2026-10-11T01:06:30Z,80d26cc5-1210-4bdf-beb4-0602f35bdccc,418,705,1,0
2026-10-11T01:06:30Z,9f6c9ac3-11e3-4370-a2f3-c03dce6a19ea,140,168,1,0
2026-10-11T01:06:30Z,b94f5b35-9793-43f9-927a-889478d76806,722,1050,1,0
2026-10-11T01:06:30Z,bae90cb2-90cc-4ef7-9752-672ef216a52c,619,671,1,0
2026-10-11T01:06:30Z,dc96d900-8446-4e99-8a09-dd60da167fc8,151,174,1,0
2026-10-11T01:06:30Z,fa25b695-5055-40a5-9930-ac2aa77ba975,441,604,1,0
2026-10-11T01:06:31Z,3e43afd2-aa12-4986-9927-73f883d30e55,401,690,0,0
2026-10-11T01:06:31Z,84af4dc6-992d-40dd-a6e1-a1900ea7961f,217,401,1,0
2026-10-11T01:06:31Z,96ec46a4-8089-49a8-8ca4-df67a5d0bdc1,379,684,1,0
2026-10-11T01:06:31Z,c06e8266-5df0-411e-8b7d-3027530f2661,252,420,1,0
2026-10-11T01:06:33Z,da570813-b3f6-4676-b5d3-4bb8e759eb50,528,607,1,0
2026-10-11T01:06:36Z,552a9b88-f367-42ba-a429-0abdafd14886,1148,1250,1,0
2026-10-11T01:06:42Z,9f89a6c7-df06-45ea-adf6-0b94088fcb57,164,335,1,0
2026-10-11T01:08:33Z,d6f2324a-9011-490d-8ae2-56d448a7775b,207,292,1,0
2026-10-11T01:09:00Z,1a5d074b-cdc7-4198-a09a-284d660d4c4b,42,77,1,0
2026-10-11T01:10:28Z,1b96b5df-841f-400b-ba2d-7cff51a41d02,178,220,1,0
2026-10-11T01:10:31Z,333f3516-1869-43fc-a84a-24c2356049b9,580,819,1,0
2026-10-11T01:10:35Z,a63813f7-8dda-43e9-bd52-aed6675b88a8,53,100,1,0
2026-10-11T01:10:35Z,fb7d42b2-a4e8-4d4e-bd70-7ffd6846b669,51,80,1,0
2026-10-11T01:10:38Z,17ec5a7f-2d59-40e7-a32a-3060ee718a3b,1447,1800,1,0
2026-10-11T01:11:00Z,186af3cc-3ebe-40b1-a807-72f98dbc94f7,148,280,1,0
2026-10-11T01:11:20Z,78eead8f-16d0-4438-899b-328c4c382619,283,353,1,0
2026-10-11T01:11:20Z,9b8087f3-3cbf-4a68-8869-828ce3ea6b51,229,385,1,0
2026-10-11T01:11:23Z,bc09b9a5-a929-4b13-bd54-3a92fc3b7b89,132,190,1,0
2026-10-11T01:11:30Z,1c1f3c0a-8c0c-4ac9-b4ce-8ae7000aae9f,608,609,1,0
2026-10-11T01:11:30Z,48383bbe-e212-4903-bfd2-440846d80059,312,332,1,0
2026-10-11T01:11:30Z,80d26cc5-1210-4bdf-beb4-0602f35bdccc,424,705,1,0
2026-10-11T01:11:30Z,9f6c9ac3-11e3-4370-a2f3-c03dce6a19ea,141,168,1,0
2026-10-11T01:11:30Z,b3b3f9ec-e94e-4923-8865-53c9c5f7aeaf,212,236,1,0
2026-10-11T01:11:30Z,b94f5b35-9793-43f9-927a-889478d76806,723,1050,1,0
2026-10-11T01:11:30Z,dc96d900-8446-4e99-8a09-dd60da167fc8,152,174,1,0
2026-10-11T01:11:30Z,fa25b695-5055-40a5-9930-ac2aa77ba975,443,604,1,0
2026-10-11T01:11:31Z,3e43afd2-aa12-4986-9927-73f883d30e55,403,690,0,0
2026-10-11T01:11:31Z,96ec46a4-8089-49a8-8ca4-df67a5d0bdc1,381,684,1,0
2026-10-11T01:11:31Z,c06e8266-5df0-411e-8b7d-3027530f2661,256,420,1,0
2026-10-11T01:11:31Z,ffab40f6-4a10-41f2-9cc1-b9c2879d8c37,432,484,1,0
2026-10-11T01:11:33Z,da570813-b3f6-4676-b5d3-4bb8e759eb50,529,607,1,0
2026-10-11T01:11:33Z,ff4ddfbf-66bf-473e-a80b-353290ed1084,511,564,1,0
2026-10-11T01:11:36Z,2c1cb38b-92ac-416c-a5a2-e3ee21d8180e,330,352,1,0
2026-10-11T01:11:36Z,552a9b88-f367-42ba-a429-0abdafd14886,1149,1250,1,0
2026-10-11T01:11:42Z,9f89a6c7-df06-45ea-adf6-0b94088fcb57,165,335,1,0
2026-10-11T01:11:54Z,d6f2324a-9011-490d-8ae2-56d448a7775b,206,292,1,0
2026-10-11T01:13:00Z,1a5d074b-cdc7-4198-a09a-284d660d4c4b,44,77,1,0
2026-10-11T01:13:00Z,cfb30666-ad0d-429f-9984-937cabbc8bc8,14,62,1,0
2026-10-11T01:13:18Z,62075c53-5284-47d4-8909-3872721380d7,170,174,1,1
2026-10-11T01:15:08Z,17ec5a7f-2d59-40e7-a32a-3060ee718a3b,1448,1800,1,0
2026-10-11T01:15:26Z,1b96b5df-841f-400b-ba2d-7cff51a41d02,180,220,1,0
2026-10-11T01:15:31Z,c6fa5861-abde-41af-8f00-14c188566168,140,200,1,0
2026-10-11T01:15:35Z,3f65bc8e-2a1b-4be2-ae4d-a38cfa9fdb00,160,209,1,0
2026-10-11T01:15:35Z,a63813f7-8dda-43e9-bd52-aed6675b88a8,56,100,1,0
2026-10-11T01:16:00Z,0e9c5738-93b1-43fe-8f57-6f1066b5118a,122,170,1,0
2026-10-11T01:16:00Z,186af3cc-3ebe-40b1-a807-72f98dbc94f7,149,280,1,0
2026-10-11T01:16:24Z,bc09b9a5-a929-4b13-bd54-3a92fc3b7b89,133,190,1,0
2026-10-11T01:16:30Z,14f1046d-1fda-4081-883b-d6a8a2ad937d,596,625,0,0
2026-10-11T01:16:30Z,80d26cc5-1210-4bdf-beb4-0602f35bdccc,430,705,1,0
2026-10-11T01:16:30Z,9f6c9ac3-11e3-4370-a2f3-c03dce6a19ea,142,168,1,0
2026-10-11T01:16:30Z,b2ef972b-d8e8-4044-9a58-2223dace7c87,53,81,1,0
2026-10-11T01:16:30Z,b3b3f9ec-e94e-4923-8865-53c9c5f7aeaf,213,236,1,0
2026-10-11T01:16:30Z,b94f5b35-9793-43f9-927a-889478d76806,726,1050,1,0
2026-10-11T01:16:30Z,fa25b695-5055-40a5-9930-ac2aa77ba975,446,604,1,0
2026-10-11T01:16:31Z,96ec46a4-8089-49a8-8ca4-df67a5d0bdc1,380,684,1,0
2026-10-11T01:16:31Z,c06e8266-5df0-411e-8b7d-3027530f2661,257,420,1,0
2026-10-11T01:16:33Z,1319b928-f405-4ee3-8c33-1e932e3156a4,410,422,1,0
2026-10-11T01:16:33Z,da570813-b3f6-4676-b5d3-4bb8e759eb50,537,607,1,0
2026-10-11T01:16:36Z,552a9b88-f367-42ba-a429-0abdafd14886,1150,1250,1,0
2026-10-11T01:16:42Z,9f89a6c7-df06-45ea-adf6-0b94088fcb57,167,335,1,0
2026-10-11T01:16:50Z,02b97e2b-bea0-42ce-801c-5462221b28f7,143,209,1,0
2026-10-11T01:16:50Z,883bccff-15c5-46e8-bc2e-60599b54f10f,230,329,1,0
2026-10-11T01:16:50Z,d08e3df2-ed0e-4fb8-b784-83429a65d4c2,273,400,1,0
2026-10-11T01:19:01Z,40367d76-9ba1-4257-b954-f5f58edf144e,117,112,1,0
2026-10-11T01:19:34Z,d6f2324a-9011-490d-8ae2-56d448a7775b,208,292,1,0
2026-10-11T01:20:00Z,8067de7c-2f59-41b7-b2aa-1b8e6b884c65,91,107,1,0
2026-10-11T01:20:10Z,16223a5c-6114-432d-98ab-5698d3c2d7cc,137,234,1,0
2026-10-11T01:20:30Z,1b96b5df-841f-400b-ba2d-7cff51a41d02,181,220,1,0
2026-10-11T01:20:30Z,63668753-8a52-4660-8b89-f2cd097bd994,362,387,1,1
2026-10-11T01:20:35Z,a63813f7-8dda-43e9-bd52-aed6675b88a8,58,100,1,0
2026-10-11T01:20:36Z,69a54734-54a0-4e32-aef5-328b9d5c57b6,197,242,1,0
2026-10-11T01:20:38Z,17ec5a7f-2d59-40e7-a32a-3060ee718a3b,1449,1800,1,0
2026-10-11T01:20:40Z,88053957-10e2-4453-a3d7-1706298b9737,77,85,1,0
2026-10-11T01:21:00Z,0e9c5738-93b1-43fe-8f57-6f1066b5118a,121,170,1,0
2026-10-11T01:21:00Z,9939a414-628f-4b60-8068-f7731ea5f31a,406,481,1,0
2026-10-11T01:21:20Z,883bccff-15c5-46e8-bc2e-60599b54f10f,231,329,1,0
2026-10-11T01:21:25Z,bc09b9a5-a929-4b13-bd54-3a92fc3b7b89,132,190,1,0
2026-10-11T01:21:30Z,48383bbe-e212-4903-bfd2-440846d80059,313,332,1,0
2026-10-11T01:21:30Z,80d26cc5-1210-4bdf-beb4-0602f35bdccc,432,705,1,0
2026-10-11T01:21:30Z,b3b3f9ec-e94e-4923-8865-53c9c5f7aeaf,214,236,1,0
2026-10-11T01:21:30Z,b94f5b35-9793-43f9-927a-889478d76806,729,1050,1,0
2026-10-11T01:21:30Z,bae90cb2-90cc-4ef7-9752-672ef216a52c,620,671,1,0
2026-10-11T01:21:30Z,fa25b695-5055-40a5-9930-ac2aa77ba975,447,604,1,0
2026-10-11T01:21:31Z,96ec46a4-8089-49a8-8ca4-df67a5d0bdc1,385,684,1,0
2026-10-11T01:21:31Z,c06e8266-5df0-411e-8b7d-3027530f2661,259,420,1,0
2026-10-11T01:21:31Z,ffab40f6-4a10-41f2-9cc1-b9c2879d8c37,439,484,1,0
2026-10-11T01:21:33Z,da570813-b3f6-4676-b5d3-4bb8e759eb50,538,607,1,0
2026-10-11T01:21:33Z,ff4ddfbf-66bf-473e-a80b-353290ed1084,510,564,1,0
2026-10-11T01:21:36Z,552a9b88-f367-42ba-a429-0abdafd14886,1149,1250,1,0
2026-10-11T01:21:42Z,9f89a6c7-df06-45ea-adf6-0b94088fcb57,168,335,1,0
2026-10-11T01:24:00Z,db3957e4-11b3-437b-8907-31abafcd30cd,65,90,1,0
2026-10-11T01:24:06Z,cc7a3d99-d6f6-4407-86bc-008eb47549ea,113,130,1,0
2026-10-11T01:25:10Z,16223a5c-6114-432d-98ab-5698d3c2d7cc,136,234,1,0
2026-10-11T01:25:21Z,1b96b5df-841f-400b-ba2d-7cff51a41d02,185,220,1,0
2026-10-11T01:25:35Z,e0f088ad-f1ee-40c4-ae79-170aa0784dd9,867,909,1,0
2026-10-11T01:26:00Z,186af3cc-3ebe-40b1-a807-72f98dbc94f7,151,280,1,0
2026-10-11T01:26:00Z,9939a414-628f-4b60-8068-f7731ea5f31a,407,481,1,0
2026-10-11T01:26:20Z,9b8087f3-3cbf-4a68-8869-828ce3ea6b51,230,385,1,0
2026-10-11T01:26:30Z,1b1834c0-d727-4370-9111-3076f8b038fc,542,573,1,0
2026-10-11T01:26:30Z,1c1f3c0a-8c0c-4ac9-b4ce-8ae7000aae9f,609,609,1,0
2026-10-11T01:26:30Z,80d26cc5-1210-4bdf-beb4-0602f35bdccc,440,705,1,0
2026-10-11T01:26:30Z,b3b3f9ec-e94e-4923-8865-53c9c5f7aeaf,215,236,1,0
2026-10-11T01:26:30Z,b94f5b35-9793-43f9-927a-889478d76806,731,1050,1,0
2026-10-11T01:26:30Z,fa25b695-5055-40a5-9930-ac2aa77ba975,449,604,1,0
2026-10-11T01:26:31Z,45abe415-46d3-422f-9db5-4a783328e490,242,450,0,0
2026-10-11T01:26:31Z,96ec46a4-8089-49a8-8ca4-df67a5d0bdc1,390,684,1,0
2026-10-11T01:26:31Z,c06e8266-5df0-411e-8b7d-3027530f2661,264,420,1,0
2026-10-11T01:26:31Z,ffab40f6-4a10-41f2-9cc1-b9c2879d8c37,441,484,1,0
2026-10-11T01:26:33Z,da570813-b3f6-4676-b5d3-4bb8e759eb50,541,607,1,0
2026-10-11T01:26:33Z,ff4ddfbf-66bf-473e-a80b-353290ed1084,509,564,1,0
2026-10-11T01:27:12Z,f0f161fb-e8f7-4dbb-81cd-fedce924d76c,212,230,1,0
2026-10-11T01:29:20Z,695cef16-b614-4489-b32a-687aca22dd4e,342,353,1,0
2026-10-11T01:29:29Z,d6f2324a-9011-490d-8ae2-56d448a7775b,210,292,1,0
2026-10-11T01:30:27Z,b41c7c26-ac01-4a88-a2ae-d4fb1b51919e,32,84,1,0
2026-10-11T01:30:35Z,e0f088ad-f1ee-40c4-ae79-170aa0784dd9,869,909,1,0
2026-10-11T01:30:38Z,17ec5a7f-2d59-40e7-a32a-3060ee718a3b,1450,1800,1,0
2026-10-11T01:31:00Z,9939a414-628f-4b60-8068-f7731ea5f31a,408,481,1,0
2026-10-11T01:31:30Z,02f38b89-a5a7-4df6-8e87-5de543d84440,308,450,1,0
2026-10-11T01:31:30Z,80d26cc5-1210-4bdf-beb4-0602f35bdccc,452,705,1,0
2026-10-11T01:31:30Z,9386ab02-ee17-4fd7-9580-93115e203a31,285,323,1,0
2026-10-11T01:31:30Z,b94f5b35-9793-43f9-927a-889478d76806,732,1050,1,0
2026-10-11T01:31:30Z,fa25b695-5055-40a5-9930-ac2aa77ba975,452,604,1,0
2026-10-11T01:31:31Z,96ec46a4-8089-49a8-8ca4-df67a5d0bdc1,395,684,1,0
2026-10-11T01:31:31Z,c06e8266-5df0-411e-8b7d-3027530f2661,269,420,1,0
2026-10-11T01:31:31Z,ffab40f6-4a10-41f2-9cc1-b9c2879d8c37,442,484,1,0
2026-10-11T01:31:33Z,a2c37c22-fa24-4591-aa78-bd0f4fe99978,272,283,1,0
2026-10-11T01:31:33Z,da570813-b3f6-4676-b5d3-4bb8e759eb50,542,607,1,0
2026-10-11T01:31:35Z,a2a3a9b4-6c17-47a9-aa70-1edef947743f,123,224,1,0
2026-10-11T01:31:36Z,294157b9-5428-41d8-8f3a-252193ebe97d,278,347,1,0
2026-10-11T01:31:36Z,552a9b88-f367-42ba-a429-0abdafd14886,1150,1250,1,0
2026-10-11T01:31:42Z,9f89a6c7-df06-45ea-adf6-0b94088fcb57,170,335,1,0
2026-10-11T01:33:00Z,8067de7c-2f59-41b7-b2aa-1b8e6b884c65,90,107,1,0
2026-10-11T01:33:00Z,99eec77f-a35b-4315-996a-6d3ffe2b1b64,23,42,1,0
2026-10-11T01:33:29Z,d6f2324a-9011-490d-8ae2-56d448a7775b,211,292,1,0
2026-10-11T01:33:33Z,2eb02bef-9754-4091-b7cf-63932d0bf28e,77,80,1,0
2026-10-11T01:34:43Z,cc7a3d99-d6f6-4407-86bc-008eb47549ea,114,130,1,0
2026-10-11T01:35:10Z,16223a5c-6114-432d-98ab-5698d3c2d7cc,135,234,1,0
2026-10-11T01:35:25Z,151f0df2-d198-4987-a2d6-4e5f1658c659,279,305,1,0
2026-10-11T01:35:31Z,c6fa5861-abde-41af-8f00-14c188566168,141,200,1,0
2026-10-11T01:35:35Z,3f65bc8e-2a1b-4be2-ae4d-a38cfa9fdb00,161,209,1,0
2026-10-11T01:35:35Z,e0f088ad-f1ee-40c4-ae79-170aa0784dd9,874,909,1,0
2026-10-11T01:35:35Z,ef7b7048-3c53-4877-8b4e-118656e80486,443,562,1,0
2026-10-11T01:35:19Z,f0f161fb-e8f7-4dbb-81cd-fedce924d76c,213,230,1,0
2026-10-11T01:35:21Z,f8120569-3a11-4a63-9c7d-12cd7eaeafe0,644,705,1,0
2026-10-11T01:36:00Z,9939a414-628f-4b60-8068-f7731ea5f31a,409,481,1,0
2026-10-11T01:36:20Z,6c81e5ad-4b7e-4061-84a5-1f9b8aa3d3c2,408,1144,1,0
2026-10-11T01:36:26Z,bc09b9a5-a929-4b13-bd54-3a92fc3b7b89,133,190,1,0
2026-10-11T01:36:30Z,1b1834c0-d727-4370-9111-3076f8b038fc,543,573,1,0
2026-10-11T01:36:30Z,4988115d-7c6e-4a4a-bd9d-5605e692c2cb,66,79,1,0
2026-10-11T01:36:30Z,80d26cc5-1210-4bdf-beb4-0602f35bdccc,460,705,1,0
2026-10-11T01:36:30Z,9f6c9ac3-11e3-4370-a2f3-c03dce6a19ea,143,168,1,0
2026-10-11T01:36:30Z,b2ef972b-d8e8-4044-9a58-2223dace7c87,52,81,1,0
2026-10-11T01:36:30Z,b3b3f9ec-e94e-4923-8865-53c9c5f7aeaf,216,236,1,0
2026-10-11T01:36:30Z,b94f5b35-9793-43f9-927a-889478d76806,734,1050,1,0
2026-10-11T01:36:30Z,d4ea4d81-730a-431e-8db7-fd1e6f903876,94,99,1,0
2026-10-11T01:36:30Z,fa25b695-5055-40a5-9930-ac2aa77ba975,459,604,1,0
2026-10-11T01:36:31Z,96ec46a4-8089-49a8-8ca4-df67a5d0bdc1,398,684,1,0
2026-10-11T01:36:31Z,c06e8266-5df0-411e-8b7d-3027530f2661,270,420,1,0
2026-10-11T01:36:33Z,1319b928-f405-4ee3-8c33-1e932e3156a4,411,422,1,0
2026-10-11T01:36:33Z,da570813-b3f6-4676-b5d3-4bb8e759eb50,546,607,1,0
2026-10-11T01:36:36Z,552a9b88-f367-42ba-a429-0abdafd14886,1152,1250,1,0
2026-10-11T01:36:42Z,9f89a6c7-df06-45ea-adf6-0b94088fcb57,171,335,1,0
2026-10-11T01:36:50Z,883bccff-15c5-46e8-bc2e-60599b54f10f,232,329,1,0
2026-10-11T01:36:50Z,9b8087f3-3cbf-4a68-8869-828ce3ea6b51,232,385,1,0
2026-10-11T01:37:42Z,d5565e93-2f9f-4074-8548-e631b72bae66,584,550,1,0
2026-10-11T01:38:26Z,222fa1c9-20df-433b-ba27-5c7c7c128f3d,244,256,1,0
2026-10-11T01:38:50Z,695cef16-b614-4489-b32a-687aca22dd4e,343,353,1,0
2026-10-11T01:40:00Z,32a7f9cc-c887-4ddd-b7bb-75ee7a3a4e7a,50,63,1,0
2026-10-11T01:40:10Z,16223a5c-6114-432d-98ab-5698d3c2d7cc,136,234,1,0
2026-10-11T01:40:10Z,35870b94-7c7e-4f95-b36e-7923b0fe837f,45,600,1,0
2026-10-11T01:40:28Z,63668753-8a52-4660-8b89-f2cd097bd994,363,387,1,1
2026-10-11T01:40:35Z,3f65bc8e-2a1b-4be2-ae4d-a38cfa9fdb00,164,209,1,0
2026-10-11T01:40:35Z,92871f2d-d779-418c-a07f-888a87447539,36,137,1,0
2026-10-11T01:40:35Z,a63813f7-8dda-43e9-bd52-aed6675b88a8,59,100,1,0
2026-10-11T01:40:35Z,e0f088ad-f1ee-40c4-ae79-170aa0784dd9,880,909,1,0
