tijdstip_utc,belgium,denmark,germany,norway,united_kingdom,sum
2026-10-01T00:00:00Z,-1.986,0.658,-0.217,0,-0.191,-1.736
2026-10-01T00:15:00Z,-2.001,0.673,-0.376,0,-0.191,-1.896
2026-10-01T00:30:00Z,-1.943,0.618,-0.652,0,-0.192,-2.169
2026-10-01T00:45:00Z,-1.748,0.685,-0.821,0,-0.234,-2.117
2026-10-01T01:00:00Z,-1.884,0.699,-0.53,0,-0.481,-2.196
2026-10-01T01:15:00Z,-1.922,0.696,-0.566,0,-0.482,-2.273
2026-10-01T01:30:00Z,-1.851,0.669,-0.588,0,-0.481,-2.251
2026-10-01T01:45:00Z,-1.686,0.696,-1.271,0,-0.447,-2.707
2026-10-01T02:00:00Z,-1.606,0.7,-1.236,0,-0.234,-2.376
2026-10-01T02:15:00Z,-1.485,0.7,-1.303,0,-0.233,-2.321
2026-10-01T02:30:00Z,-1.494,0.7,-1.149,0,-0.233,-2.175
2026-10-01T02:45:00Z,-1.473,0.697,-1.303,0,-0.156,-2.236
2026-10-01T03:00:00Z,-1.439,0.663,-2.203,0,0.281,-2.697
2026-10-01T03:15:00Z,-1.365,0.639,-2.336,0,0.281,-2.781
2026-10-01T03:30:00Z,-1.21,0.545,-2.46,0,0.281,-2.844
2026-10-01T03:45:00Z,-1.119,0.515,-3.072,0,0.358,-3.318
2026-10-01T04:00:00Z,-0.967,0.539,-3.469,0,0.79,-3.106
2026-10-01T04:15:00Z,-1.657,0.385,-2.86,0,0.791,-3.341
2026-10-01T04:30:00Z,-1.601,0.259,-2.842,0,0.79,-3.394
2026-10-01T04:45:00Z,-1.784,0.264,-2.561,0,0.782,-3.299
2026-10-01T05:00:00Z,-1.814,0.536,-2.118,0,0.732,-2.664
2026-10-01T05:15:00Z,-1.894,0.643,-1.895,0,0.732,-2.414
2026-10-01T05:30:00Z,-1.547,0.684,-2.097,0,0.731,-2.229
2026-10-01T05:45:00Z,-1.185,0.682,-2.217,0,0.725,-1.994
2026-10-01T06:00:00Z,-1.604,0.654,-1.911,0,0.681,-2.179
2026-10-01T06:15:00Z,-1.913,0.694,-1.472,0,0.681,-2.009
2026-10-01T06:30:00Z,-2.193,0.7,-1.092,0,0.681,-1.904
2026-10-01T06:45:00Z,-2.492,0.7,-0.438,0,0.4,-1.83
2026-10-01T07:00:00Z,-2.044,0.7,-0.188,0,-0.456,-1.988
2026-10-01T07:15:00Z,-1.402,0.7,-0.495,0,-0.46,-1.657
2026-10-01T07:30:00Z,-1.156,0.7,-0.891,0,-0.46,-1.807
2026-10-01T07:45:00Z,-1.115,0.693,-0.867,0,-0.586,-1.876
2026-10-01T08:00:00Z,-1.048,0.637,-0.94,0,-0.859,-2.21
2026-10-01T08:15:00Z,-0.952,0.692,-1.11,0,-0.859,-2.228
2026-10-01T08:30:00Z,-1.22,0.7,-1.047,0,-0.859,-2.425
2026-10-01T08:45:00Z,-1.263,0.686,-0.979,0,-0.693,-2.249
2026-10-01T09:00:00Z,-1.388,0.516,-0.312,0,-0.121,-1.305
2026-10-01T09:15:00Z,-1.363,0.096,-0.431,0,-0.121,-1.819
2026-10-01T09:30:00Z,-1.912,-0.191,-0.425,0,-0.121,-2.649
2026-10-01T09:45:00Z,-1.947,-0.489,-0.354,0,-0.128,-2.918
2026-10-01T10:00:00Z,-2.772,-0.698,-0.522,0,-0.174,-4.167
2026-10-01T10:15:00Z,-2.579,-0.698,-0.881,0,-0.173,-4.332
2026-10-01T10:30:00Z,-2.52,-0.698,-1.218,0,-0.173,-4.609
2026-10-01T10:45:00Z,-2.248,-0.682,-1.201,0,-0.309,-4.44
2026-10-01T11:00:00Z,-2.036,-0.604,-1.407,0,-1.041,-5.089
2026-10-01T11:15:00Z,-1.92,-0.656,-1.709,0,-1.042,-5.329
2026-10-01T11:30:00Z,-1.89,-0.698,-1.63,0,-1.042,-5.261
2026-10-01T11:45:00Z,-1.658,-0.698,-1.625,0,-1.05,-5.032
2026-10-01T12:00:00Z,-1.683,-0.698,-1.951,0,-1.068,-5.4
2026-10-01T12:15:00Z,-1.74,-0.684,-1.885,0,-1.068,-5.376
2026-10-01T12:30:00Z,-1.517,-0.576,-2.026,0,-1.069,-5.188
2026-10-01T12:45:00Z,-1.38,-0.454,-1.96,0,-0.519,-4.314
2026-10-01T13:00:00Z,-1.888,-0.588,-1.958,0,0.001,-4.433
2026-10-01T13:15:00Z,-1.679,-0.698,-2.252,0,0,-4.629
2026-10-01T13:30:00Z,-1.678,-0.698,-2.199,0,0,-4.575
2026-10-01T13:45:00Z,-1.972,-0.698,-1.874,0,-0.001,-4.545
2026-10-01T14:00:00Z,-1.84,-0.698,-2.063,0,0.568,-4.033
2026-10-01T14:15:00Z,-1.82,-0.698,-2.348,0,0.615,-4.251
2026-10-01T14:30:00Z,-1.242,-0.698,-2.798,0,0.615,-4.124
2026-10-01T14:45:00Z,-1.043,-0.698,-2.873,0,0.547,-4.067
2026-10-01T15:00:00Z,-0.44,-0.698,-2.691,0,0.164,-3.665
2026-10-01T15:15:00Z,-0.205,-0.698,-2.761,0,0.164,-3.5
2026-10-01T15:30:00Z,-0.314,-0.698,-2.638,0,0.164,-3.486
2026-10-01T15:45:00Z,-0.38,-0.698,-2.65,0,0.164,-3.565
2026-10-01T16:00:00Z,-0.267,-0.698,-2.499,0,0.689,-2.775
2026-10-01T16:15:00Z,-0.42,-0.698,-2.242,0,0.723,-2.638
2026-10-01T16:30:00Z,-0.644,-0.698,-2.106,0,0.723,-2.726
2026-10-01T16:45:00Z,-0.866,-0.699,-1.903,0,0.725,-2.743
2026-10-01T17:00:00Z,-1.051,-0.698,-1.929,0,0.743,-2.936
2026-10-01T17:15:00Z,-1.106,-0.694,-1.774,0,0.742,-2.832
2026-10-01T17:30:00Z,-1.169,-0.655,-1.407,0,0.742,-2.488
2026-10-01T17:45:00Z,-1.304,-0.593,-1.32,0,0.727,-2.49
2026-10-01T18:00:00Z,-1.579,-0.638,-0.856,0.012,0.629,-2.431
2026-10-01T18:15:00Z,-1.403,-0.618,-1.076,0.012,0.629,-2.455
2026-10-01T18:30:00Z,-1.325,-0.553,-1.054,0.012,0.629,-2.292
2026-10-01T18:45:00Z,-1.323,-0.514,-1.036,0.012,0.645,-2.216
2026-10-01T19:00:00Z,-1.438,-0.182,-1.259,0,0.741,-2.138
2026-10-01T19:15:00Z,-1.353,-0.249,-1.189,0,0.741,-2.05
2026-10-01T19:30:00Z,-2.239,-0.454,-0.344,0,0.741,-2.296
2026-10-01T19:45:00Z,-2.3,-0.281,-0.255,0,0.745,-2.09
2026-10-01T20:00:00Z,-1.733,0.136,-1.476,0,0.773,-2.3
2026-10-01T20:15:00Z,-1.72,0.143,-1.53,0,0.774,-2.334
2026-10-01T20:30:00Z,-1.956,0.059,-1.253,0,0.774,-2.376
2026-10-01T20:45:00Z,-1.955,-0.134,-1.151,0,0.812,-2.428
2026-10-01T21:00:00Z,-1.845,-0.337,-1.281,0,1.045,-2.419
2026-10-01T21:15:00Z,-1.768,-0.247,-1.381,0,1.044,-2.352
2026-10-01T21:30:00Z,-2.067,-0.176,-1.443,0,1.045,-2.641
2026-10-01T21:45:00Z,-2.147,-0.291,-1.436,0,0.967,-2.906
2026-10-01T22:00:00Z,-2.17,-0.331,-0.888,0,0.536,-2.854
2026-10-01T22:15:00Z,-1.892,-0.3,-1.204,0,0.536,-2.861
2026-10-01T22:30:00Z,-1.726,-0.455,-1.328,0,0.536,-2.974
2026-10-01T22:45:00Z,-1.498,-0.073,-1.488,0,0.503,-2.556
2026-10-01T23:00:00Z,-1.652,0.042,-1.384,0,0.293,-2.701
2026-10-01T23:15:00Z,-1.603,0.083,-1.488,0,0.294,-2.714
2026-10-01T23:30:00Z,-1.673,0.075,-1.454,0,0.294,-2.758
2026-10-01T23:45:00Z,-1.574,0.105,-1.508,0,0.332,-2.645
2026-10-02T00:00:00Z,-1.75,0.028,-1.656,0,0.566,-2.812
2026-10-02T00:15:00Z,-1.555,0.023,-1.662,0,0.566,-2.628
2026-10-02T00:30:00Z,-1.579,-0.014,-1.748,0,0.566,-2.775
2026-10-02T00:45:00Z,-1.56,-0.01,-1.886,0,0.576,-2.88
2026-10-02T01:00:00Z,-1.609,0.004,-1.91,0,0.639,-2.875
2026-10-02T01:15:00Z,-1.621,0.046,-1.86,0,0.639,-2.796
2026-10-02T01:30:00Z,-1.529,-0.13,-1.796,0,0.64,-2.815
2026-10-02T01:45:00Z,-1.461,-0.258,-1.874,0,0.653,-2.939
2026-10-02T02:00:00Z,-1.615,-0.603,-1.787,0,0.746,-3.259
2026-10-02T02:15:00Z,-1.265,-0.292,-2.3,0,0.746,-3.109
2026-10-02T02:30:00Z,-1.119,-0.549,-2.273,0,0.747,-3.195
2026-10-02T02:45:00Z,-1.083,-0.234,-2.785,0,0.788,-3.314
2026-10-02T03:00:00Z,-1.484,-0.058,-2.872,0,1.032,-3.382
2026-10-02T03:15:00Z,-1.452,-0.169,-3.013,0,1.032,-3.603
2026-10-02T03:30:00Z,-0.765,-0.212,-3.784,0,1.032,-3.729
2026-10-02T03:45:00Z,-1.564,-0.307,-3.075,0,1.026,-3.92
2026-10-02T04:00:00Z,-1.018,-0.698,-2.939,0,0.983,-3.672
2026-10-02T04:15:00Z,-0.767,-0.699,-3.045,0,0.982,-3.529
2026-10-02T04:30:00Z,-0.522,-0.699,-3.112,0,0.983,-3.35
2026-10-02T04:45:00Z,-0.448,-0.633,-3.217,0,0.975,-3.323
2026-10-02T05:00:00Z,-0.323,-0.358,-3.298,0,0.921,-3.059
2026-10-02T05:15:00Z,-0.818,-0.667,-2.489,0,0.921,-3.052
2026-10-02T05:30:00Z,-0.952,-0.674,-1.902,0,0.921,-2.607
2026-10-02T05:45:00Z,-1.018,-0.693,-1.596,0,0.921,-2.385
2026-10-02T06:00:00Z,-0.908,-0.665,-2.14,0,0.725,-2.989
2026-10-02T06:15:00Z,-1.56,-0.64,-1.997,0,0.725,-3.472
2026-10-02T06:30:00Z,-1.545,-0.601,-2.141,0,0.725,-3.562
2026-10-02T06:45:00Z,-1.897,-0.56,-1.881,0,0.415,-3.923
2026-10-02T07:00:00Z,-2.065,-0.246,-1.767,0.174,-0.412,-4.317
2026-10-02T07:15:00Z,-2.341,-0.679,-1.639,0.174,-0.413,-4.899
2026-10-02T07:30:00Z,-2.507,-0.698,-2.202,0.174,-0.413,-5.645
2026-10-02T07:45:00Z,-2.698,-0.698,-2.327,0.174,-0.697,-6.246
2026-10-02T08:00:00Z,-2.561,-0.698,-2.732,0.429,-1.064,-6.627
2026-10-02T08:15:00Z,-2.664,-0.698,-2.717,0.429,-1.064,-6.714
2026-10-02T08:30:00Z,-2.773,-0.698,-2.467,0.429,-1.064,-6.574
2026-10-02T08:45:00Z,-2.732,-0.695,-2.129,0.429,-1.036,-6.163
2026-10-02T09:00:00Z,-2.606,-0.681,-2.246,0.096,-0.855,-6.292
2026-10-02T09:15:00Z,-2.299,-0.685,-2.634,0.096,-0.856,-6.376
2026-10-02T09:30:00Z,-2.357,-0.647,-2.436,0.096,-0.856,-6.2
2026-10-02T09:45:00Z,-2.566,-0.677,-1.793,0.096,-0.831,-5.771
2026-10-02T10:00:00Z,-2.941,-0.628,-0.902,-0.599,-0.674,-5.744
2026-10-02T10:15:00Z,-2.723,-0.627,-0.578,-0.599,-0.674,-5.2
2026-10-02T10:30:00Z,-2.574,-0.671,-0.439,-0.599,-0.674,-4.957
2026-10-02T10:45:00Z,-2.633,-0.636,-0.477,-0.599,-0.614,-4.959
2026-10-02T11:00:00Z,-2.617,-0.649,-0.797,-0.605,-0.273,-4.942
2026-10-02T11:15:00Z,-2.47,-0.679,-0.737,-0.605,-0.274,-4.765
2026-10-02T11:30:00Z,-2.624,-0.635,-0.337,-0.605,-0.273,-4.474
2026-10-02T11:45:00Z,-2.678,-0.455,-0.316,-0.605,-0.322,-4.376
2026-10-02T12:00:00Z,-2.864,0.049,-0.501,0,-0.598,-3.914
2026-10-02T12:15:00Z,-2.778,0.065,-0.511,0,-0.599,-3.823
2026-10-02T12:30:00Z,-2.762,-0.051,-0.519,0,0,-3.333
